page,section,current_file,media_type,dimensions,weight_kb,related_text,what_text_claims,what_media_shows,correspondence_0_5,deception_risk,technical_quality,repetition_count,distinct_contexts,needs_replacement,required_source,stock_allowed,real_media_required,recommended_action,issue_codes,origin,languages
about-us.html,cs_gray3_bg [img],assets/img/team-img-1.jpg,image,504x585,100,Alex Carter Lead Real Estate Agent (555) 123-4567 alex@xaruhome.com,Alex Carter,Retrato de estudio de un hombre joven (modelo de stock).,0,crítico,Baja resolucion para retina (504x585),8,2,sí,Retratos corporativos reales del equipo XARU + cesion de imagen firmada,no,sí,"RETIRAR de inmediato. Un rostro de stock presentado como persona nombrada de XARU (agente, cliente o autor) es suplantacion.",DUPLICATED_MEDIA|GENERIC_STOCK|LICENSE_NOT_DOCUMENTED|LOW_RESOLUTION|MISLEADING_ALT|MODEL_RELEASE_REVIEW|REAL_MEDIA_REQUIRED|WRONG_SUBJECT,Stock de plantilla comercial Xproperty - procedencia no documentada,en|es|ar|zh
about-us.html,cs_gray3_bg [img],assets/img/team-img-2.jpg,image,504x585,66,Sarah Mitchell Property Consultant (555) 345-6789 sarah@xaruhome.com,Sarah Mitchell,Retrato de estudio de una mujer (modelo de stock).,0,crítico,Baja resolucion para retina (504x585),8,2,sí,Retratos corporativos reales del equipo XARU + cesion de imagen firmada,no,sí,"RETIRAR de inmediato. Un rostro de stock presentado como persona nombrada de XARU (agente, cliente o autor) es suplantacion.",DUPLICATED_MEDIA|GENERIC_STOCK|LICENSE_NOT_DOCUMENTED|LOW_RESOLUTION|MISLEADING_ALT|MODEL_RELEASE_REVIEW|REAL_MEDIA_REQUIRED|WRONG_SUBJECT,Stock de plantilla comercial Xproperty - procedencia no documentada,en|es|ar|zh
about-us.html,cs_gray3_bg [img],assets/img/team-img-3.jpg,image,504x585,98,James Thompson Client Relations Manager (555) 456-7890 james@xaruhome.com,James Thompson,Retrato de estudio de un hombre (modelo de stock).,0,crítico,Baja resolucion para retina (504x585),8,2,sí,Retratos corporativos reales del equipo XARU + cesion de imagen firmada,no,sí,"RETIRAR de inmediato. Un rostro de stock presentado como persona nombrada de XARU (agente, cliente o autor) es suplantacion.",DUPLICATED_MEDIA|GENERIC_STOCK|LICENSE_NOT_DOCUMENTED|LOW_RESOLUTION|MISLEADING_ALT|MODEL_RELEASE_REVIEW|REAL_MEDIA_REQUIRED|WRONG_SUBJECT,Stock de plantilla comercial Xproperty - procedencia no documentada,en|es|ar|zh
about-us.html,cs_gray3_bg [img],assets/img/team-img-4.jpg,image,504x585,192,Emily Davis Real Estate Broker (555) 567-8901 emily@xaruhome.com,Emily Davis,Retrato de estudio de una mujer (modelo de stock).,0,crítico,Baja resolucion para retina (504x585),8,2,sí,Retratos corporativos reales del equipo XARU + cesion de imagen firmada,no,sí,"RETIRAR de inmediato. Un rostro de stock presentado como persona nombrada de XARU (agente, cliente o autor) es suplantacion.",DUPLICATED_MEDIA|GENERIC_STOCK|LICENSE_NOT_DOCUMENTED|LOW_RESOLUTION|MISLEADING_ALT|MODEL_RELEASE_REVIEW|REAL_MEDIA_REQUIRED|WRONG_SUBJECT,Stock de plantilla comercial Xproperty - procedencia no documentada,en|es|ar|zh
about-us.html,cs_gray3_bg [img],assets/img/team-img-5.jpg,image,504x585,74,Daria Pimkina Real Estate Agent (555) 767-8901 pimkina@xaruhome.com,Daria Pimkina,Retrato de estudio (modelo de stock) reutilizado como agente y como avatar de panel.,0,crítico,Baja resolucion para retina (504x585),12,3,sí,Retratos corporativos reales del equipo XARU + cesion de imagen firmada,no,sí,"RETIRAR de inmediato. Un rostro de stock presentado como persona nombrada de XARU (agente, cliente o autor) es suplantacion.",DECORATIVE_MEDIA_OVERUSE|DUPLICATED_MEDIA|GENERIC_STOCK|LICENSE_NOT_DOCUMENTED|LOW_RESOLUTION|MISLEADING_ALT|MODEL_RELEASE_REVIEW|REAL_MEDIA_REQUIRED|WRONG_SUBJECT,Stock de plantilla comercial Xproperty - procedencia no documentada,en|es|ar|zh
about-us.html,cs_slider [img],assets/img/avatar-1.jpg,image,90x90,11,"Michael Williams Customer Working with them was an incredible experience! They made the entire process of buying my new home seamless and stress-free. The team was professional, responsive, and genuinely cared about my n",Michael Williams,Miniatura 90x90 de rostro de stock.,0,crítico,Baja resolucion para retina (90x90),8,1,sí,Retratos corporativos reales del equipo XARU + cesion de imagen firmada,no,sí,"RETIRAR de inmediato. Un rostro de stock presentado como persona nombrada de XARU (agente, cliente o autor) es suplantacion.",DUPLICATED_MEDIA|GENERIC_STOCK|LICENSE_NOT_DOCUMENTED|LOW_RESOLUTION|MISLEADING_ALT|MODEL_RELEASE_REVIEW|REAL_MEDIA_REQUIRED|WRONG_SUBJECT,Stock de plantilla comercial Xproperty - procedencia no documentada,en|es|ar|zh
about-us.html,cs_slider [img],assets/img/avatar-2.jpg,image,90x90,14,Sarah Thomas Property Investor,Sarah Thomas,Miniatura 90x90 de rostro de stock.,0,crítico,Baja resolucion para retina (90x90),4,1,sí,Retratos corporativos reales del equipo XARU + cesion de imagen firmada,no,sí,"RETIRAR de inmediato. Un rostro de stock presentado como persona nombrada de XARU (agente, cliente o autor) es suplantacion.",GENERIC_STOCK|LICENSE_NOT_DOCUMENTED|LOW_RESOLUTION|MISLEADING_ALT|MODEL_RELEASE_REVIEW|REAL_MEDIA_REQUIRED|WRONG_SUBJECT,Stock de plantilla comercial Xproperty - procedencia no documentada,en|es|ar|zh
about-us.html,cs_slider [img],assets/img/avatar-3.jpg,image,90x90,12,David Martinez Property Seller,David Martinez,Miniatura 90x90 de rostro de stock.,0,crítico,Baja resolucion para retina (90x90),4,1,sí,Retratos corporativos reales del equipo XARU + cesion de imagen firmada,no,sí,"RETIRAR de inmediato. Un rostro de stock presentado como persona nombrada de XARU (agente, cliente o autor) es suplantacion.",GENERIC_STOCK|LICENSE_NOT_DOCUMENTED|LOW_RESOLUTION|MISLEADING_ALT|MODEL_RELEASE_REVIEW|REAL_MEDIA_REQUIRED|WRONG_SUBJECT,Stock de plantilla comercial Xproperty - procedencia no documentada,en|es|ar|zh
agents-list.html,cs_gray2_bg [img],assets/img/team-img-5.jpg,image,504x585,74,Amanda Jones Dashboard My Property Favourite Property Add Property Profile Settings Valuable Agents Valuable Clients Change Password Logout,Amanda Jones,Retrato de estudio (modelo de stock) reutilizado como agente y como avatar de panel.,0,crítico,Baja resolucion para retina (504x585),12,3,sí,Retratos corporativos reales del equipo XARU + cesion de imagen firmada,no,sí,"RETIRAR de inmediato. Un rostro de stock presentado como persona nombrada de XARU (agente, cliente o autor) es suplantacion.",DECORATIVE_MEDIA_OVERUSE|DUPLICATED_MEDIA|GENERIC_STOCK|LICENSE_NOT_DOCUMENTED|LOW_RESOLUTION|MISLEADING_ALT|MODEL_RELEASE_REVIEW|REAL_MEDIA_REQUIRED|WRONG_SUBJECT,Stock de plantilla comercial Xproperty - procedencia no documentada,en|es|ar|zh
agents-list.html,cs_gray2_bg [img],assets/img/team-img-1.jpg,image,504x585,100,Alex Carter Lead Real Estate Agent (555) 123-4567 alex@xaruhome.com,Alex Carter,Retrato de estudio de un hombre joven (modelo de stock).,0,crítico,Baja resolucion para retina (504x585),8,2,sí,Retratos corporativos reales del equipo XARU + cesion de imagen firmada,no,sí,"RETIRAR de inmediato. Un rostro de stock presentado como persona nombrada de XARU (agente, cliente o autor) es suplantacion.",DUPLICATED_MEDIA|GENERIC_STOCK|LICENSE_NOT_DOCUMENTED|LOW_RESOLUTION|MISLEADING_ALT|MODEL_RELEASE_REVIEW|REAL_MEDIA_REQUIRED|WRONG_SUBJECT,Stock de plantilla comercial Xproperty - procedencia no documentada,en|es|ar|zh
agents-list.html,cs_gray2_bg [img],assets/img/team-img-2.jpg,image,504x585,66,Sarah Mitchell Property Consultant (555) 345-6789 sarah@xaruhome.com,Sarah Mitchell,Retrato de estudio de una mujer (modelo de stock).,0,crítico,Baja resolucion para retina (504x585),8,2,sí,Retratos corporativos reales del equipo XARU + cesion de imagen firmada,no,sí,"RETIRAR de inmediato. Un rostro de stock presentado como persona nombrada de XARU (agente, cliente o autor) es suplantacion.",DUPLICATED_MEDIA|GENERIC_STOCK|LICENSE_NOT_DOCUMENTED|LOW_RESOLUTION|MISLEADING_ALT|MODEL_RELEASE_REVIEW|REAL_MEDIA_REQUIRED|WRONG_SUBJECT,Stock de plantilla comercial Xproperty - procedencia no documentada,en|es|ar|zh
agents-list.html,cs_gray2_bg [img],assets/img/team-img-3.jpg,image,504x585,98,James Thompson Client Relations Manager (555) 456-7890 james@xaruhome.com,James Thompson,Retrato de estudio de un hombre (modelo de stock).,0,crítico,Baja resolucion para retina (504x585),8,2,sí,Retratos corporativos reales del equipo XARU + cesion de imagen firmada,no,sí,"RETIRAR de inmediato. Un rostro de stock presentado como persona nombrada de XARU (agente, cliente o autor) es suplantacion.",DUPLICATED_MEDIA|GENERIC_STOCK|LICENSE_NOT_DOCUMENTED|LOW_RESOLUTION|MISLEADING_ALT|MODEL_RELEASE_REVIEW|REAL_MEDIA_REQUIRED|WRONG_SUBJECT,Stock de plantilla comercial Xproperty - procedencia no documentada,en|es|ar|zh
agents-list.html,cs_gray2_bg [img],assets/img/team-img-4.jpg,image,504x585,192,Emily Davis Real Estate Broker (555) 567-8901 emily@xaruhome.com,Emily Davis,Retrato de estudio de una mujer (modelo de stock).,0,crítico,Baja resolucion para retina (504x585),8,2,sí,Retratos corporativos reales del equipo XARU + cesion de imagen firmada,no,sí,"RETIRAR de inmediato. Un rostro de stock presentado como persona nombrada de XARU (agente, cliente o autor) es suplantacion.",DUPLICATED_MEDIA|GENERIC_STOCK|LICENSE_NOT_DOCUMENTED|LOW_RESOLUTION|MISLEADING_ALT|MODEL_RELEASE_REVIEW|REAL_MEDIA_REQUIRED|WRONG_SUBJECT,Stock de plantilla comercial Xproperty - procedencia no documentada,en|es|ar|zh
agents-list.html,cs_gray2_bg [img],assets/img/team-img-5.jpg,image,504x585,74,Daria Pimkina Real Estate Agent (555) 767-8901 pimkina@xaruhome.com,Daria Pimkina,Retrato de estudio (modelo de stock) reutilizado como agente y como avatar de panel.,0,crítico,Baja resolucion para retina (504x585),12,3,sí,Retratos corporativos reales del equipo XARU + cesion de imagen firmada,no,sí,"RETIRAR de inmediato. Un rostro de stock presentado como persona nombrada de XARU (agente, cliente o autor) es suplantacion.",DECORATIVE_MEDIA_OVERUSE|DUPLICATED_MEDIA|GENERIC_STOCK|LICENSE_NOT_DOCUMENTED|LOW_RESOLUTION|MISLEADING_ALT|MODEL_RELEASE_REVIEW|REAL_MEDIA_REQUIRED|WRONG_SUBJECT,Stock de plantilla comercial Xproperty - procedencia no documentada,en|es|ar|zh
agents-list.html,cs_gray2_bg [img],assets/img/team-img-6.jpg,image,504x585,51,Caleb Thornton Real Estate Agent (555) 769-8901 thornton@xaruhome.com,Caleb Thornton,Retrato de estudio (modelo de stock).,0,crítico,Baja resolucion para retina (504x585),4,1,sí,Retratos corporativos reales del equipo XARU + cesion de imagen firmada,no,sí,"RETIRAR de inmediato. Un rostro de stock presentado como persona nombrada de XARU (agente, cliente o autor) es suplantacion.",GENERIC_STOCK|LICENSE_NOT_DOCUMENTED|LOW_RESOLUTION|MISLEADING_ALT|MODEL_RELEASE_REVIEW|REAL_MEDIA_REQUIRED|WRONG_SUBJECT,Stock de plantilla comercial Xproperty - procedencia no documentada,en|es|ar|zh
blog-details.html,(root) [img],assets/img/post-author.jpg,image,150x150,22,"Ahon Bentham Hi, my name is Ahon Bentham. With years of experience in the real estate industry, is passionate about helping families find their perfect home.",Ahon Bentham,Retrato 150x150 de stock usado como autor de blog.,0,crítico,Baja resolucion para retina (150x150),4,1,sí,Retratos corporativos reales del equipo XARU + cesion de imagen firmada,no,sí,"RETIRAR de inmediato. Un rostro de stock presentado como persona nombrada de XARU (agente, cliente o autor) es suplantacion.",GENERIC_STOCK|LICENSE_NOT_DOCUMENTED|LOW_RESOLUTION|MISLEADING_ALT|MODEL_RELEASE_REVIEW|REAL_MEDIA_REQUIRED|WRONG_SUBJECT,Stock de plantilla comercial Xproperty - procedencia no documentada,en|es|ar|zh
capital/deal-room/index.html,teasers [style-bg],assets/img/xaru/gen2/13_investment_bg.jpg,background,1920x1080,321,"Off-market Seeking buyer Confidential Portfolio — Private Market Undisclosed A sizeable off-market position, released only through the Private Deal Room. Undisclosed View details",Confidential Portfolio — Private Market,Skyline de distrito financiero al anochecer con grua de obra. Fondo decorativo corporativo.,0,crítico,"OK (1920x1080, 321 KB)",92,14,sí,Reportaje fotografico del activo real + autorizacion del titular (property release) + ficha de procedencia,no,sí,RETIRAR el medio actual y sustituir por material fotografico/documental autentico del activo (o retirar la ficha hasta disponer de el).,DECORATIVE_MEDIA_OVERUSE|DUPLICATED_MEDIA|POSSIBLE_AI_MEDIA|REAL_MEDIA_REQUIRED|TEXT_MEDIA_MISMATCH|UNVERIFIED_ASSET_MEDIA|WRONG_SUBJECT,IA generada (Magnific / Seedream) - CONFIRMADO,en|es|ar|zh
company/index.html,projects [style-bg],assets/img/xaru/gen2/06_masterplan_ashima.jpg,background,1920x1080,458,"Signature case — master development, in structuring ASHIMA — Ancestral Odyssey · Oaxaca, México A territorial project conceived as a destination: coastal territory, phased master plan, its own cultural and ecological nar","ASHIMA — Ancestral Odyssey · Oaxaca, México","Colinas de selva que bajan a una playa dorada con oleaje. Sin masterplan, sin trazado, sin arquitectura, sin marcador de Oaxaca.",0,crítico,"OK (1920x1080, 458 KB)",64,11,sí,Masterplan y renders oficiales de ASHIMA (rotulados RENDER) o fotografia de la obra ejecutada,no,sí,"RETIRAR. ASHIMA es un proyecto nombrado: exige masterplan/render firmado y rotulado como render, o fotografia de obra real.",DECORATIVE_MEDIA_OVERUSE|DUPLICATED_MEDIA|PERFORMANCE_RISK|POSSIBLE_AI_MEDIA|REAL_MEDIA_REQUIRED|TEXT_MEDIA_MISMATCH|UNVERIFIED_ASSET_MEDIA|WRONG_SUBJECT,IA generada (Magnific / Seedream) - CONFIRMADO,en|es|ar|zh
contact.html,(root) [img],assets/img/city-dubai.jpg,image,456x550,116,Feel Free to Send Us Your Query Submit Request,Feel Free to Send Us Your Query,Vista urbana vertical de Dubai (Burj/marina).,0,crítico,Baja resolucion para retina (456x550),12,3,sí,Cartografia/orto real de la localizacion declarada del activo,no,sí,RETIRAR. Se presenta Dubai como localizacion de fichas cuya direccion declarada no es Dubai.,DECORATIVE_MEDIA_OVERUSE|DUPLICATED_MEDIA|GENERIC_STOCK|LICENSE_NOT_DOCUMENTED|LOCATION_RELEASE_REVIEW|LOW_RESOLUTION|MISLEADING_ALT|REAL_MEDIA_REQUIRED|WRONG_SUBJECT,Stock de plantilla comercial Xproperty - procedencia no documentada,en|es|ar|zh
developments/land-master-developments/index.html,(head) [meta:og:image],assets/img/xaru/gen2/06_masterplan_ashima.jpg,meta-card,1920x1080,458,,(bloque sin titulo),"Colinas de selva que bajan a una playa dorada con oleaje. Sin masterplan, sin trazado, sin arquitectura, sin marcador de Oaxaca.",0,crítico,"OK (1920x1080, 458 KB)",64,11,sí,Masterplan y renders oficiales de ASHIMA (rotulados RENDER) o fotografia de la obra ejecutada,no,sí,"RETIRAR. ASHIMA es un proyecto nombrado: exige masterplan/render firmado y rotulado como render, o fotografia de obra real.",DECORATIVE_MEDIA_OVERUSE|DUPLICATED_MEDIA|PERFORMANCE_RISK|POSSIBLE_AI_MEDIA|REAL_MEDIA_REQUIRED|UNVERIFIED_ASSET_MEDIA|WRONG_SUBJECT,IA generada (Magnific / Seedream) - CONFIRMADO,en|es|ar|zh
developments/land-master-developments/index.html,(head) [meta:twitter:image],assets/img/xaru/gen2/06_masterplan_ashima.jpg,meta-card,1920x1080,458,,(bloque sin titulo),"Colinas de selva que bajan a una playa dorada con oleaje. Sin masterplan, sin trazado, sin arquitectura, sin marcador de Oaxaca.",0,crítico,"OK (1920x1080, 458 KB)",64,11,sí,Masterplan y renders oficiales de ASHIMA (rotulados RENDER) o fotografia de la obra ejecutada,no,sí,"RETIRAR. ASHIMA es un proyecto nombrado: exige masterplan/render firmado y rotulado como render, o fotografia de obra real.",DECORATIVE_MEDIA_OVERUSE|DUPLICATED_MEDIA|PERFORMANCE_RISK|POSSIBLE_AI_MEDIA|REAL_MEDIA_REQUIRED|UNVERIFIED_ASSET_MEDIA|WRONG_SUBJECT,IA generada (Magnific / Seedream) - CONFIRMADO,en|es|ar|zh
developments/land-master-developments/index.html,cs_gray2_bg [style-bg],assets/img/xaru/gen2/03_land_mega.jpg,background,1920x1080,582,Development-ready Seeking developer,"Territorial Land Holding, 11M+ m²",Duna/matorral costero arido con pistas de tierra vistas desde el aire. No muestra 11.000.000 m2 ni linderos ni cantera alguna.,0,crítico,"OK (1920x1080, 582 KB)",116,16,sí,Reportaje fotografico del activo real + autorizacion del titular (property release) + ficha de procedencia,no,sí,RETIRAR el medio actual y sustituir por material fotografico/documental autentico del activo (o retirar la ficha hasta disponer de el).,DECORATIVE_MEDIA_OVERUSE|DUPLICATED_MEDIA|PERFORMANCE_RISK|POSSIBLE_AI_MEDIA|REAL_MEDIA_REQUIRED|TEXT_MEDIA_MISMATCH|UNVERIFIED_ASSET_MEDIA|WRONG_SUBJECT,IA generada (Magnific / Seedream) - CONFIRMADO,en|es|ar|zh
developments/land-master-developments/index.html,cs_gray2_bg [style-bg],assets/img/xaru/gen2/06_masterplan_ashima.jpg,background,1920x1080,458,In validation Seeking capital,ASHIMA — Signature Master Development,"Colinas de selva que bajan a una playa dorada con oleaje. Sin masterplan, sin trazado, sin arquitectura, sin marcador de Oaxaca.",0,crítico,"OK (1920x1080, 458 KB)",64,11,sí,Masterplan y renders oficiales de ASHIMA (rotulados RENDER) o fotografia de la obra ejecutada,no,sí,"RETIRAR. ASHIMA es un proyecto nombrado: exige masterplan/render firmado y rotulado como render, o fotografia de obra real.",DECORATIVE_MEDIA_OVERUSE|DUPLICATED_MEDIA|PERFORMANCE_RISK|POSSIBLE_AI_MEDIA|REAL_MEDIA_REQUIRED|TEXT_MEDIA_MISMATCH|UNVERIFIED_ASSET_MEDIA|WRONG_SUBJECT,IA generada (Magnific / Seedream) - CONFIRMADO,en|es|ar|zh
developments/land-master-developments/index.html,cs_gray2_bg [style-bg],assets/img/xaru/gen2/13_investment_bg.jpg,background,1920x1080,321,"Off-market Seeking buyer Confidential Portfolio — Private Market Undisclosed A sizeable off-market position, released only through the Private Deal Room. Undisclosed View details",Confidential Portfolio — Private Market,Skyline de distrito financiero al anochecer con grua de obra. Fondo decorativo corporativo.,0,crítico,"OK (1920x1080, 321 KB)",92,14,sí,Reportaje fotografico del activo real + autorizacion del titular (property release) + ficha de procedencia,no,sí,RETIRAR el medio actual y sustituir por material fotografico/documental autentico del activo (o retirar la ficha hasta disponer de el).,DECORATIVE_MEDIA_OVERUSE|DUPLICATED_MEDIA|POSSIBLE_AI_MEDIA|REAL_MEDIA_REQUIRED|TEXT_MEDIA_MISMATCH|UNVERIFIED_ASSET_MEDIA|WRONG_SUBJECT,IA generada (Magnific / Seedream) - CONFIRMADO,en|es|ar|zh
developments/land-master-developments/index.html,cs_gray2_bg [style-bg],assets/img/xaru/gen2/03_land_mega.jpg,background,1920x1080,582,In validation Seeking buyer,Quarry Licence & Aggregates Production,Duna/matorral costero arido con pistas de tierra vistas desde el aire. No muestra 11.000.000 m2 ni linderos ni cantera alguna.,0,crítico,"OK (1920x1080, 582 KB)",116,16,sí,Reportaje fotografico del activo real + autorizacion del titular (property release) + ficha de procedencia,no,sí,RETIRAR el medio actual y sustituir por material fotografico/documental autentico del activo (o retirar la ficha hasta disponer de el).,DECORATIVE_MEDIA_OVERUSE|DUPLICATED_MEDIA|PERFORMANCE_RISK|POSSIBLE_AI_MEDIA|REAL_MEDIA_REQUIRED|TEXT_MEDIA_MISMATCH|UNVERIFIED_ASSET_MEDIA|WRONG_SUBJECT,IA generada (Magnific / Seedream) - CONFIRMADO,en|es|ar|zh
developments/land-master-developments/index.html,cs_page_header [data-src-bg],assets/img/xaru/gen2/06_masterplan_ashima.jpg,background,1920x1080,458,Developments Land & Master Developments Home Developments Land & Master Developments,Land & Master Developments,"Colinas de selva que bajan a una playa dorada con oleaje. Sin masterplan, sin trazado, sin arquitectura, sin marcador de Oaxaca.",0,crítico,"OK (1920x1080, 458 KB)",64,11,sí,Masterplan y renders oficiales de ASHIMA (rotulados RENDER) o fotografia de la obra ejecutada,no,sí,"RETIRAR. ASHIMA es un proyecto nombrado: exige masterplan/render firmado y rotulado como render, o fotografia de obra real.",DECORATIVE_MEDIA_OVERUSE|DUPLICATED_MEDIA|PERFORMANCE_RISK|POOR_MOBILE_CROP|POSSIBLE_AI_MEDIA|REAL_MEDIA_REQUIRED|UNVERIFIED_ASSET_MEDIA|WRONG_SUBJECT,IA generada (Magnific / Seedream) - CONFIRMADO,en|es|ar|zh
index.html,featured [style-bg],assets/img/xaru/gen2/02_island_rd.jpg,background,1920x1080,414,"Exclusive mandate Private Island, Samaná Bay Samaná Bay · Dominican Republic Private island / beachfront Price upon application View details","Private Island, Samaná Bay","Islote tropical aereo con palmeras, arrecife turquesa y pequeno embarcadero. Generico caribeno; no corresponde a ninguna parcela titulada verificable.",0,crítico,"OK (1920x1080, 414 KB)",44,8,sí,Reportaje fotografico del activo real + autorizacion del titular (property release) + ficha de procedencia,no,sí,RETIRAR el medio actual y sustituir por material fotografico/documental autentico del activo (o retirar la ficha hasta disponer de el).,DECORATIVE_MEDIA_OVERUSE|DUPLICATED_MEDIA|PERFORMANCE_RISK|POSSIBLE_AI_MEDIA|REAL_MEDIA_REQUIRED|TEXT_MEDIA_MISMATCH|UNVERIFIED_ASSET_MEDIA|WRONG_SUBJECT,IA generada (Magnific / Seedream) - CONFIRMADO,en|es|ar|zh
index.html,featured [style-bg],assets/img/xaru/gen2/07_villa_dubai.jpg,background,900x506,91,"Available Signature Villa, Dubai Dubai · United Arab Emirates 7 bedrooms · Contemporary villa AED 95,000,000 View details","Signature Villa, Dubai",Villa contemporanea sobre arena blanca con skyline lejano tipo Dubai. Generica; no es una villa concreta de Palm Jumeirah.,0,crítico,Insuficiente para fondo a ancho completo (900x506),72,13,sí,Reportaje fotografico del activo real + autorizacion del titular (property release) + ficha de procedencia,no,sí,RETIRAR el medio actual y sustituir por material fotografico/documental autentico del activo (o retirar la ficha hasta disponer de el).,DECORATIVE_MEDIA_OVERUSE|DUPLICATED_MEDIA|LOW_RESOLUTION|POSSIBLE_AI_MEDIA|REAL_MEDIA_REQUIRED|TEXT_MEDIA_MISMATCH|UNVERIFIED_ASSET_MEDIA|WRONG_SUBJECT,IA generada (Magnific / Seedream) - CONFIRMADO,en|es|ar|zh
index.html,featured [style-bg],assets/img/xaru/gen2/08_penthouse_london.jpg,background,900x506,110,"Exclusive mandate Penthouse, Central London London · United Kingdom 4 bedrooms · Penthouse / branded residence Price upon application View details","Penthouse, Central London",Terraza con sofas y olivos frente a un skyline con puente tipo Tower Bridge. Exterior generico; no hay interior ni atico real.,0,crítico,Insuficiente para fondo a ancho completo (900x506),92,17,sí,Reportaje fotografico del activo real + autorizacion del titular (property release) + ficha de procedencia,no,sí,RETIRAR el medio actual y sustituir por material fotografico/documental autentico del activo (o retirar la ficha hasta disponer de el).,DECORATIVE_MEDIA_OVERUSE|DUPLICATED_MEDIA|LOW_RESOLUTION|POSSIBLE_AI_MEDIA|REAL_MEDIA_REQUIRED|TEXT_MEDIA_MISMATCH|UNVERIFIED_ASSET_MEDIA|WRONG_SUBJECT,IA generada (Magnific / Seedream) - CONFIRMADO,en|es|ar|zh
index.html,featured [style-bg],assets/img/xaru/gen2/09_villa_como.jpg,background,900x506,126,"Off-market Lakefront Estate, Lake Como Lake Como · Italy 8 bedrooms · Historic estate Price upon application View details","Lakefront Estate, Lake Como",Villa clasica lacustre con lancha de madera y montanas. Evoca Como; no corresponde a una finca concreta.,0,crítico,Insuficiente para fondo a ancho completo (900x506),108,19,sí,Reportaje fotografico del activo real + autorizacion del titular (property release) + ficha de procedencia,no,sí,RETIRAR el medio actual y sustituir por material fotografico/documental autentico del activo (o retirar la ficha hasta disponer de el).,DECORATIVE_MEDIA_OVERUSE|DUPLICATED_MEDIA|LOW_RESOLUTION|POSSIBLE_AI_MEDIA|REAL_MEDIA_REQUIRED|TEXT_MEDIA_MISMATCH|UNVERIFIED_ASSET_MEDIA|WRONG_SUBJECT,IA generada (Magnific / Seedream) - CONFIRMADO,en|es|ar|zh
index.html,featured [style-bg],assets/img/xaru/gen2/10_casa_tulum.jpg,background,900x506,167,"Available Beachfront Residence, Tulum Tulum · Mexico 5 bedrooms · Contemporary beachfront USD 6,900,000 View details","Beachfront Residence, Tulum","Casa pequena de hormigon y madera en selva densa. Sin playa, sin frente de mar, sin identidad de propiedad.",0,crítico,Insuficiente para fondo a ancho completo (900x506),144,28,sí,Reportaje fotografico del activo real + autorizacion del titular (property release) + ficha de procedencia,no,sí,RETIRAR el medio actual y sustituir por material fotografico/documental autentico del activo (o retirar la ficha hasta disponer de el).,DECORATIVE_MEDIA_OVERUSE|DUPLICATED_MEDIA|LOW_RESOLUTION|POSSIBLE_AI_MEDIA|REAL_MEDIA_REQUIRED|TEXT_MEDIA_MISMATCH|UNVERIFIED_ASSET_MEDIA|WRONG_SUBJECT,IA generada (Magnific / Seedream) - CONFIRMADO,en|es|ar|zh
index.html,featured [style-bg],assets/img/xaru/gen2/11_villa_marbella.jpg,background,900x506,92,"Under negotiation Villa, Marbella Golden Mile Marbella · Spain 6 bedrooms · Mediterranean villa EUR 18,500,000 View details","Villa, Marbella Golden Mile",Villa blanca moderna con piscina infinita sobre el mar. Generica mediterranea; no es Sierra Blanca ni la Milla de Oro.,0,crítico,Insuficiente para fondo a ancho completo (900x506),44,8,sí,Reportaje fotografico del activo real + autorizacion del titular (property release) + ficha de procedencia,no,sí,RETIRAR el medio actual y sustituir por material fotografico/documental autentico del activo (o retirar la ficha hasta disponer de el).,DECORATIVE_MEDIA_OVERUSE|DUPLICATED_MEDIA|LOW_RESOLUTION|POSSIBLE_AI_MEDIA|REAL_MEDIA_REQUIRED|TEXT_MEDIA_MISMATCH|UNVERIFIED_ASSET_MEDIA|WRONG_SUBJECT,IA generada (Magnific / Seedream) - CONFIRMADO,en|es|ar|zh
index.html,featured [style-bg],assets/img/xaru/gen2/05_hotel_project.jpg,background,1920x1080,502,Operational Operating Boutique Hotel Riviera Maya · Mexico 88 keys · Operational Price upon application View details,Operating Boutique Hotel,Hotel contemporaneo de piedra y vidrio sobre acantilado oceanico con terrazas y piscina. NO es un hotel urbano ni un edificio parado.,0,crítico,"OK (1920x1080, 502 KB)",116,18,sí,Reportaje fotografico del activo real + autorizacion del titular (property release) + ficha de procedencia,no,sí,RETIRAR el medio actual y sustituir por material fotografico/documental autentico del activo (o retirar la ficha hasta disponer de el).,DECORATIVE_MEDIA_OVERUSE|DUPLICATED_MEDIA|PERFORMANCE_RISK|POSSIBLE_AI_MEDIA|REAL_MEDIA_REQUIRED|TEXT_MEDIA_MISMATCH|UNVERIFIED_ASSET_MEDIA|WRONG_SUBJECT,IA generada (Magnific / Seedream) - CONFIRMADO,en|es|ar|zh
index.html,featured [style-bg],assets/img/xaru/gen2/05_hotel_project.jpg,background,1920x1080,502,Halted / restructuring Seeking capital,Halted Hotel Project Seeking Capital,Hotel contemporaneo de piedra y vidrio sobre acantilado oceanico con terrazas y piscina. NO es un hotel urbano ni un edificio parado.,0,crítico,"OK (1920x1080, 502 KB)",116,18,sí,Reportaje fotografico del activo real + autorizacion del titular (property release) + ficha de procedencia,no,sí,RETIRAR el medio actual y sustituir por material fotografico/documental autentico del activo (o retirar la ficha hasta disponer de el).,DECORATIVE_MEDIA_OVERUSE|DUPLICATED_MEDIA|PERFORMANCE_RISK|POSSIBLE_AI_MEDIA|REAL_MEDIA_REQUIRED|TEXT_MEDIA_MISMATCH|UNVERIFIED_ASSET_MEDIA|WRONG_SUBJECT,IA generada (Magnific / Seedream) - CONFIRMADO,en|es|ar|zh
index.html,featured [style-bg],assets/img/xaru/gen2/04_resort_dev.jpg,background,1920x1080,515,"Seeking operator Beach Resort, Development Stage Punta Cana · Dominican Republic 320 keys · Development Price upon application View details","Beach Resort, Development Stage","Palapas de techo de palma con piscina frente a playa y andamiaje de bambu. Lectura: resort boutique construido/en obra, sin identidad de proyecto.",0,crítico,"OK (1920x1080, 515 KB)",56,10,sí,Reportaje fotografico del activo real + autorizacion del titular (property release) + ficha de procedencia,no,sí,RETIRAR el medio actual y sustituir por material fotografico/documental autentico del activo (o retirar la ficha hasta disponer de el).,DECORATIVE_MEDIA_OVERUSE|DUPLICATED_MEDIA|PERFORMANCE_RISK|POSSIBLE_AI_MEDIA|REAL_MEDIA_REQUIRED|TEXT_MEDIA_MISMATCH|UNVERIFIED_ASSET_MEDIA|WRONG_SUBJECT,IA generada (Magnific / Seedream) - CONFIRMADO,en|es|ar|zh
index.html,featured [style-bg],assets/img/xaru/gen2/03_land_mega.jpg,background,1920x1080,582,Development-ready Seeking developer,"Territorial Land Holding, 11M+ m²",Duna/matorral costero arido con pistas de tierra vistas desde el aire. No muestra 11.000.000 m2 ni linderos ni cantera alguna.,0,crítico,"OK (1920x1080, 582 KB)",116,16,sí,Reportaje fotografico del activo real + autorizacion del titular (property release) + ficha de procedencia,no,sí,RETIRAR el medio actual y sustituir por material fotografico/documental autentico del activo (o retirar la ficha hasta disponer de el).,DECORATIVE_MEDIA_OVERUSE|DUPLICATED_MEDIA|PERFORMANCE_RISK|POSSIBLE_AI_MEDIA|REAL_MEDIA_REQUIRED|TEXT_MEDIA_MISMATCH|UNVERIFIED_ASSET_MEDIA|WRONG_SUBJECT,IA generada (Magnific / Seedream) - CONFIRMADO,en|es|ar|zh
index.html,featured [style-bg],assets/img/xaru/gen2/06_masterplan_ashima.jpg,background,1920x1080,458,In validation Seeking capital,ASHIMA — Signature Master Development,"Colinas de selva que bajan a una playa dorada con oleaje. Sin masterplan, sin trazado, sin arquitectura, sin marcador de Oaxaca.",0,crítico,"OK (1920x1080, 458 KB)",64,11,sí,Masterplan y renders oficiales de ASHIMA (rotulados RENDER) o fotografia de la obra ejecutada,no,sí,"RETIRAR. ASHIMA es un proyecto nombrado: exige masterplan/render firmado y rotulado como render, o fotografia de obra real.",DECORATIVE_MEDIA_OVERUSE|DUPLICATED_MEDIA|PERFORMANCE_RISK|POSSIBLE_AI_MEDIA|REAL_MEDIA_REQUIRED|TEXT_MEDIA_MISMATCH|UNVERIFIED_ASSET_MEDIA|WRONG_SUBJECT,IA generada (Magnific / Seedream) - CONFIRMADO,en|es|ar|zh
index.html,featured [style-bg],assets/img/xaru/gen2/13_investment_bg.jpg,background,1920x1080,321,"Off-market Seeking buyer Confidential Portfolio — Private Market Undisclosed A sizeable off-market position, released only through the Private Deal Room. Undisclosed View details",Confidential Portfolio — Private Market,Skyline de distrito financiero al anochecer con grua de obra. Fondo decorativo corporativo.,0,crítico,"OK (1920x1080, 321 KB)",92,14,sí,Reportaje fotografico del activo real + autorizacion del titular (property release) + ficha de procedencia,no,sí,RETIRAR el medio actual y sustituir por material fotografico/documental autentico del activo (o retirar la ficha hasta disponer de el).,DECORATIVE_MEDIA_OVERUSE|DUPLICATED_MEDIA|POSSIBLE_AI_MEDIA|REAL_MEDIA_REQUIRED|TEXT_MEDIA_MISMATCH|UNVERIFIED_ASSET_MEDIA|WRONG_SUBJECT,IA generada (Magnific / Seedream) - CONFIRMADO,en|es|ar|zh
index.html,markets [style-bg],assets/img/xaru/gen2/06_masterplan_ashima.jpg,background,1920x1080,458,"Land & Master Developments Territorial land, master plans and signature destinations at scale. View division",Land & Master Developments,"Colinas de selva que bajan a una playa dorada con oleaje. Sin masterplan, sin trazado, sin arquitectura, sin marcador de Oaxaca.",0,crítico,"OK (1920x1080, 458 KB)",64,11,sí,Masterplan y renders oficiales de ASHIMA (rotulados RENDER) o fotografia de la obra ejecutada,no,sí,"RETIRAR. ASHIMA es un proyecto nombrado: exige masterplan/render firmado y rotulado como render, o fotografia de obra real.",DECORATIVE_MEDIA_OVERUSE|DUPLICATED_MEDIA|PERFORMANCE_RISK|POSSIBLE_AI_MEDIA|REAL_MEDIA_REQUIRED|UNVERIFIED_ASSET_MEDIA|WRONG_SUBJECT,IA generada (Magnific / Seedream) - CONFIRMADO,en|es|ar|zh
index.html,projects [img],assets/img/xaru/gen2/06_masterplan_ashima.jpg,image,1920x1080,458,"ASHIMA Ancestral Odyssey — Oaxaca, México A sanctuary-scale master development where ancestral local culture meets contemporary design — private residences conceived around wellness, community and the living heritage of ",ASHIMA,"Colinas de selva que bajan a una playa dorada con oleaje. Sin masterplan, sin trazado, sin arquitectura, sin marcador de Oaxaca.",0,crítico,"OK (1920x1080, 458 KB)",64,11,sí,Masterplan y renders oficiales de ASHIMA (rotulados RENDER) o fotografia de la obra ejecutada,no,sí,"RETIRAR. ASHIMA es un proyecto nombrado: exige masterplan/render firmado y rotulado como render, o fotografia de obra real.",DECORATIVE_MEDIA_OVERUSE|DUPLICATED_MEDIA|PERFORMANCE_RISK|POSSIBLE_AI_MEDIA|REAL_MEDIA_REQUIRED|TEXT_MEDIA_MISMATCH|UNVERIFIED_ASSET_MEDIA|WRONG_SUBJECT,IA generada (Magnific / Seedream) - CONFIRMADO,en|es|ar|zh
index.html,projects [img],assets/img/xaru/gen2/06b_ashima_pavilion.jpg,image,1920x1080,391,"The Pavilion Architecture That Belongs to Its Territory The first built expression of ASHIMA — a pavilion raised from local materials and ancestral technique, setting the standard for every residence that follows. See th",Architecture That Belongs to Its Territory,Torre conica de fibra vegetal tejida en sabana costera con acacias. Estetica africana; no es un pabellon construido de ASHIMA ni oaxaqueno.,0,crítico,"OK (1920x1080, 391 KB)",4,1,sí,Masterplan y renders oficiales de ASHIMA (rotulados RENDER) o fotografia de la obra ejecutada,no,sí,"RETIRAR. ASHIMA es un proyecto nombrado: exige masterplan/render firmado y rotulado como render, o fotografia de obra real.",POSSIBLE_AI_MEDIA|REAL_MEDIA_REQUIRED|TEXT_MEDIA_MISMATCH|UNVERIFIED_ASSET_MEDIA|WRONG_SUBJECT,IA generada (Magnific / Seedream) - CONFIRMADO,en|es|ar|zh
index.html,xr_hero_slider_wrap [data-background],assets/img/xaru/gen2/02_island_rd.jpg,background,1920x1080,414,A Private Island in Samaná Bay. Kilometers of pristine beachfront — Dominican Republic · Price upon application Land & Developments,A Private Island in Samaná Bay.,"Islote tropical aereo con palmeras, arrecife turquesa y pequeno embarcadero. Generico caribeno; no corresponde a ninguna parcela titulada verificable.",0,crítico,"OK (1920x1080, 414 KB)",44,8,sí,Reportaje fotografico del activo real + autorizacion del titular (property release) + ficha de procedencia,no,sí,RETIRAR el medio actual y sustituir por material fotografico/documental autentico del activo (o retirar la ficha hasta disponer de el).,DECORATIVE_MEDIA_OVERUSE|DUPLICATED_MEDIA|PERFORMANCE_RISK|POOR_MOBILE_CROP|POSSIBLE_AI_MEDIA|REAL_MEDIA_REQUIRED|TEXT_MEDIA_MISMATCH|UNVERIFIED_ASSET_MEDIA|WRONG_SUBJECT,IA generada (Magnific / Seedream) - CONFIRMADO,en|es|ar|zh
index.html,xr_hero_slider_wrap [data-background],assets/img/xaru/gen2/06_masterplan_ashima.jpg,background,1920x1080,458,"Master Developments, From Land to Legacy. ASHIMA — Ancestral Odyssey · Oaxaca, México Discover the Project","Master Developments, From Land to Legacy.","Colinas de selva que bajan a una playa dorada con oleaje. Sin masterplan, sin trazado, sin arquitectura, sin marcador de Oaxaca.",0,crítico,"OK (1920x1080, 458 KB)",64,11,sí,Masterplan y renders oficiales de ASHIMA (rotulados RENDER) o fotografia de la obra ejecutada,no,sí,"RETIRAR. ASHIMA es un proyecto nombrado: exige masterplan/render firmado y rotulado como render, o fotografia de obra real.",DECORATIVE_MEDIA_OVERUSE|DUPLICATED_MEDIA|PERFORMANCE_RISK|POOR_MOBILE_CROP|POSSIBLE_AI_MEDIA|REAL_MEDIA_REQUIRED|TEXT_MEDIA_MISMATCH|UNVERIFIED_ASSET_MEDIA|WRONG_SUBJECT,IA generada (Magnific / Seedream) - CONFIRMADO,en|es|ar|zh
opportunities/cf-confidential-portfolio/index.html,(root) [style-bg],assets/img/xaru/gen2/13_investment_bg.jpg,background,1920x1080,321,"Off-market Seeking buyer Confidential Portfolio — Private Market A sizeable off-market position, released only through the Private Deal Room. Information available under NDA Region Undisclosed Category Portfolio Scale Si",Confidential Portfolio — Private Market,Skyline de distrito financiero al anochecer con grua de obra. Fondo decorativo corporativo.,0,crítico,"OK (1920x1080, 321 KB)",92,14,sí,Reportaje fotografico del activo real + autorizacion del titular (property release) + ficha de procedencia,no,sí,RETIRAR el medio actual y sustituir por material fotografico/documental autentico del activo (o retirar la ficha hasta disponer de el).,DECORATIVE_MEDIA_OVERUSE|DUPLICATED_MEDIA|POSSIBLE_AI_MEDIA|REAL_MEDIA_REQUIRED|TEXT_MEDIA_MISMATCH|UNVERIFIED_ASSET_MEDIA|WRONG_SUBJECT,IA generada (Magnific / Seedream) - CONFIRMADO,en|es|ar|zh
opportunities/cf-confidential-portfolio/index.html,cs_page_header [data-src-bg],assets/img/xaru/gen2/13_investment_bg.jpg,background,1920x1080,321,"Land, Projects & Opportunities Confidential Portfolio — Private Market Home Land, Projects & Opportunities Confidential Portfolio — Private Market",Confidential Portfolio — Private Market,Skyline de distrito financiero al anochecer con grua de obra. Fondo decorativo corporativo.,0,crítico,"OK (1920x1080, 321 KB)",92,14,sí,Reportaje fotografico del activo real + autorizacion del titular (property release) + ficha de procedencia,no,sí,RETIRAR el medio actual y sustituir por material fotografico/documental autentico del activo (o retirar la ficha hasta disponer de el).,DECORATIVE_MEDIA_OVERUSE|DUPLICATED_MEDIA|POOR_MOBILE_CROP|POSSIBLE_AI_MEDIA|REAL_MEDIA_REQUIRED|TEXT_MEDIA_MISMATCH|UNVERIFIED_ASSET_MEDIA|WRONG_SUBJECT,IA generada (Magnific / Seedream) - CONFIRMADO,en|es|ar|zh
opportunities/cf-confidential-portfolio/index.html,cs_page_header [style-bg],assets/img/xaru/gen2/13_investment_bg.jpg,background,1920x1080,321,"Land, Projects & Opportunities Confidential Portfolio — Private Market Home Land, Projects & Opportunities Confidential Portfolio — Private Market",Confidential Portfolio — Private Market,Skyline de distrito financiero al anochecer con grua de obra. Fondo decorativo corporativo.,0,crítico,"OK (1920x1080, 321 KB)",92,14,sí,Reportaje fotografico del activo real + autorizacion del titular (property release) + ficha de procedencia,no,sí,RETIRAR el medio actual y sustituir por material fotografico/documental autentico del activo (o retirar la ficha hasta disponer de el).,DECORATIVE_MEDIA_OVERUSE|DUPLICATED_MEDIA|POOR_MOBILE_CROP|POSSIBLE_AI_MEDIA|REAL_MEDIA_REQUIRED|TEXT_MEDIA_MISMATCH|UNVERIFIED_ASSET_MEDIA|WRONG_SUBJECT,IA generada (Magnific / Seedream) - CONFIRMADO,en|es|ar|zh
opportunities/index.html,(root) [style-bg],assets/img/xaru/gen2/03_land_mega.jpg,background,1920x1080,582,Development-ready Seeking developer,"Territorial Land Holding, 11M+ m²",Duna/matorral costero arido con pistas de tierra vistas desde el aire. No muestra 11.000.000 m2 ni linderos ni cantera alguna.,0,crítico,"OK (1920x1080, 582 KB)",116,16,sí,Reportaje fotografico del activo real + autorizacion del titular (property release) + ficha de procedencia,no,sí,RETIRAR el medio actual y sustituir por material fotografico/documental autentico del activo (o retirar la ficha hasta disponer de el).,DECORATIVE_MEDIA_OVERUSE|DUPLICATED_MEDIA|PERFORMANCE_RISK|POSSIBLE_AI_MEDIA|REAL_MEDIA_REQUIRED|TEXT_MEDIA_MISMATCH|UNVERIFIED_ASSET_MEDIA|WRONG_SUBJECT,IA generada (Magnific / Seedream) - CONFIRMADO,en|es|ar|zh
opportunities/index.html,(root) [style-bg],assets/img/xaru/gen2/06_masterplan_ashima.jpg,background,1920x1080,458,In validation Seeking capital,ASHIMA — Signature Master Development,"Colinas de selva que bajan a una playa dorada con oleaje. Sin masterplan, sin trazado, sin arquitectura, sin marcador de Oaxaca.",0,crítico,"OK (1920x1080, 458 KB)",64,11,sí,Masterplan y renders oficiales de ASHIMA (rotulados RENDER) o fotografia de la obra ejecutada,no,sí,"RETIRAR. ASHIMA es un proyecto nombrado: exige masterplan/render firmado y rotulado como render, o fotografia de obra real.",DECORATIVE_MEDIA_OVERUSE|DUPLICATED_MEDIA|PERFORMANCE_RISK|POSSIBLE_AI_MEDIA|REAL_MEDIA_REQUIRED|TEXT_MEDIA_MISMATCH|UNVERIFIED_ASSET_MEDIA|WRONG_SUBJECT,IA generada (Magnific / Seedream) - CONFIRMADO,en|es|ar|zh
opportunities/index.html,(root) [style-bg],assets/img/xaru/gen2/13_investment_bg.jpg,background,1920x1080,321,"Off-market Seeking buyer Confidential Portfolio — Private Market Undisclosed A sizeable off-market position, released only through the Private Deal Room. Undisclosed View details",Confidential Portfolio — Private Market,Skyline de distrito financiero al anochecer con grua de obra. Fondo decorativo corporativo.,0,crítico,"OK (1920x1080, 321 KB)",92,14,sí,Reportaje fotografico del activo real + autorizacion del titular (property release) + ficha de procedencia,no,sí,RETIRAR el medio actual y sustituir por material fotografico/documental autentico del activo (o retirar la ficha hasta disponer de el).,DECORATIVE_MEDIA_OVERUSE|DUPLICATED_MEDIA|POSSIBLE_AI_MEDIA|REAL_MEDIA_REQUIRED|TEXT_MEDIA_MISMATCH|UNVERIFIED_ASSET_MEDIA|WRONG_SUBJECT,IA generada (Magnific / Seedream) - CONFIRMADO,en|es|ar|zh
opportunities/index.html,(root) [style-bg],assets/img/xaru/gen2/03_land_mega.jpg,background,1920x1080,582,In validation Seeking buyer,Quarry Licence & Aggregates Production,Duna/matorral costero arido con pistas de tierra vistas desde el aire. No muestra 11.000.000 m2 ni linderos ni cantera alguna.,0,crítico,"OK (1920x1080, 582 KB)",116,16,sí,Reportaje fotografico del activo real + autorizacion del titular (property release) + ficha de procedencia,no,sí,RETIRAR el medio actual y sustituir por material fotografico/documental autentico del activo (o retirar la ficha hasta disponer de el).,DECORATIVE_MEDIA_OVERUSE|DUPLICATED_MEDIA|PERFORMANCE_RISK|POSSIBLE_AI_MEDIA|REAL_MEDIA_REQUIRED|TEXT_MEDIA_MISMATCH|UNVERIFIED_ASSET_MEDIA|WRONG_SUBJECT,IA generada (Magnific / Seedream) - CONFIRMADO,en|es|ar|zh
opportunities/lp-ashima-masterplan/index.html,(head) [meta:og:image],assets/img/xaru/gen2/06_masterplan_ashima.jpg,meta-card,1920x1080,458,,(bloque sin titulo),"Colinas de selva que bajan a una playa dorada con oleaje. Sin masterplan, sin trazado, sin arquitectura, sin marcador de Oaxaca.",0,crítico,"OK (1920x1080, 458 KB)",64,11,sí,Masterplan y renders oficiales de ASHIMA (rotulados RENDER) o fotografia de la obra ejecutada,no,sí,"RETIRAR. ASHIMA es un proyecto nombrado: exige masterplan/render firmado y rotulado como render, o fotografia de obra real.",DECORATIVE_MEDIA_OVERUSE|DUPLICATED_MEDIA|PERFORMANCE_RISK|POSSIBLE_AI_MEDIA|REAL_MEDIA_REQUIRED|UNVERIFIED_ASSET_MEDIA|WRONG_SUBJECT,IA generada (Magnific / Seedream) - CONFIRMADO,en|es|ar|zh
opportunities/lp-ashima-masterplan/index.html,(head) [meta:twitter:image],assets/img/xaru/gen2/06_masterplan_ashima.jpg,meta-card,1920x1080,458,,(bloque sin titulo),"Colinas de selva que bajan a una playa dorada con oleaje. Sin masterplan, sin trazado, sin arquitectura, sin marcador de Oaxaca.",0,crítico,"OK (1920x1080, 458 KB)",64,11,sí,Masterplan y renders oficiales de ASHIMA (rotulados RENDER) o fotografia de la obra ejecutada,no,sí,"RETIRAR. ASHIMA es un proyecto nombrado: exige masterplan/render firmado y rotulado como render, o fotografia de obra real.",DECORATIVE_MEDIA_OVERUSE|DUPLICATED_MEDIA|PERFORMANCE_RISK|POSSIBLE_AI_MEDIA|REAL_MEDIA_REQUIRED|UNVERIFIED_ASSET_MEDIA|WRONG_SUBJECT,IA generada (Magnific / Seedream) - CONFIRMADO,en|es|ar|zh
opportunities/lp-ashima-masterplan/index.html,(root) [style-bg],assets/img/xaru/gen2/06_masterplan_ashima.jpg,background,1920x1080,458,"In validation Seeking capital Oaxaca · Mexico ASHIMA — Signature Master Development Price upon application Key facts Status In validation Location Oaxaca · Mexico Price Price upon application Area 4,200,000 m² Tenure Und",ASHIMA — Signature Master Development,"Colinas de selva que bajan a una playa dorada con oleaje. Sin masterplan, sin trazado, sin arquitectura, sin marcador de Oaxaca.",0,crítico,"OK (1920x1080, 458 KB)",64,11,sí,Masterplan y renders oficiales de ASHIMA (rotulados RENDER) o fotografia de la obra ejecutada,no,sí,"RETIRAR. ASHIMA es un proyecto nombrado: exige masterplan/render firmado y rotulado como render, o fotografia de obra real.",DECORATIVE_MEDIA_OVERUSE|DUPLICATED_MEDIA|PERFORMANCE_RISK|POSSIBLE_AI_MEDIA|REAL_MEDIA_REQUIRED|TEXT_MEDIA_MISMATCH|UNVERIFIED_ASSET_MEDIA|WRONG_SUBJECT,IA generada (Magnific / Seedream) - CONFIRMADO,en|es|ar|zh
opportunities/lp-ashima-masterplan/index.html,cs_page_header [data-src-bg],assets/img/xaru/gen2/06_masterplan_ashima.jpg,background,1920x1080,458,"Land, Projects & Opportunities ASHIMA — Signature Master Development Home Land, Projects & Opportunities ASHIMA — Signature Master Development",ASHIMA — Signature Master Development,"Colinas de selva que bajan a una playa dorada con oleaje. Sin masterplan, sin trazado, sin arquitectura, sin marcador de Oaxaca.",0,crítico,"OK (1920x1080, 458 KB)",64,11,sí,Masterplan y renders oficiales de ASHIMA (rotulados RENDER) o fotografia de la obra ejecutada,no,sí,"RETIRAR. ASHIMA es un proyecto nombrado: exige masterplan/render firmado y rotulado como render, o fotografia de obra real.",DECORATIVE_MEDIA_OVERUSE|DUPLICATED_MEDIA|PERFORMANCE_RISK|POOR_MOBILE_CROP|POSSIBLE_AI_MEDIA|REAL_MEDIA_REQUIRED|TEXT_MEDIA_MISMATCH|UNVERIFIED_ASSET_MEDIA|WRONG_SUBJECT,IA generada (Magnific / Seedream) - CONFIRMADO,en|es|ar|zh
opportunities/lp-ashima-masterplan/index.html,cs_page_header [style-bg],assets/img/xaru/gen2/06_masterplan_ashima.jpg,background,1920x1080,458,"Land, Projects & Opportunities ASHIMA — Signature Master Development Home Land, Projects & Opportunities ASHIMA — Signature Master Development",ASHIMA — Signature Master Development,"Colinas de selva que bajan a una playa dorada con oleaje. Sin masterplan, sin trazado, sin arquitectura, sin marcador de Oaxaca.",0,crítico,"OK (1920x1080, 458 KB)",64,11,sí,Masterplan y renders oficiales de ASHIMA (rotulados RENDER) o fotografia de la obra ejecutada,no,sí,"RETIRAR. ASHIMA es un proyecto nombrado: exige masterplan/render firmado y rotulado como render, o fotografia de obra real.",DECORATIVE_MEDIA_OVERUSE|DUPLICATED_MEDIA|PERFORMANCE_RISK|POOR_MOBILE_CROP|POSSIBLE_AI_MEDIA|REAL_MEDIA_REQUIRED|TEXT_MEDIA_MISMATCH|UNVERIFIED_ASSET_MEDIA|WRONG_SUBJECT,IA generada (Magnific / Seedream) - CONFIRMADO,en|es|ar|zh
opportunities/lp-land-11m/index.html,(root) [style-bg],assets/img/xaru/gen2/03_land_mega.jpg,background,1920x1080,582,"Development-ready Seeking developer Seeking capital Oaxaca coast · Mexico Territorial Land Holding, 11M+ m² Price upon application Key facts Status Development-ready Location Oaxaca coast · Mexico Price Price upon applic","Territorial Land Holding, 11M+ m²",Duna/matorral costero arido con pistas de tierra vistas desde el aire. No muestra 11.000.000 m2 ni linderos ni cantera alguna.,0,crítico,"OK (1920x1080, 582 KB)",116,16,sí,Reportaje fotografico del activo real + autorizacion del titular (property release) + ficha de procedencia,no,sí,RETIRAR el medio actual y sustituir por material fotografico/documental autentico del activo (o retirar la ficha hasta disponer de el).,DECORATIVE_MEDIA_OVERUSE|DUPLICATED_MEDIA|PERFORMANCE_RISK|POSSIBLE_AI_MEDIA|REAL_MEDIA_REQUIRED|TEXT_MEDIA_MISMATCH|UNVERIFIED_ASSET_MEDIA|WRONG_SUBJECT,IA generada (Magnific / Seedream) - CONFIRMADO,en|es|ar|zh
opportunities/lp-land-11m/index.html,cs_page_header [data-src-bg],assets/img/xaru/gen2/03_land_mega.jpg,background,1920x1080,582,"Land, Projects & Opportunities Territorial Land Holding, 11M+ m² Home Land, Projects & Opportunities Territorial Land Holding, 11M+ m²","Territorial Land Holding, 11M+ m²",Duna/matorral costero arido con pistas de tierra vistas desde el aire. No muestra 11.000.000 m2 ni linderos ni cantera alguna.,0,crítico,"OK (1920x1080, 582 KB)",116,16,sí,Reportaje fotografico del activo real + autorizacion del titular (property release) + ficha de procedencia,no,sí,RETIRAR el medio actual y sustituir por material fotografico/documental autentico del activo (o retirar la ficha hasta disponer de el).,DECORATIVE_MEDIA_OVERUSE|DUPLICATED_MEDIA|PERFORMANCE_RISK|POOR_MOBILE_CROP|POSSIBLE_AI_MEDIA|REAL_MEDIA_REQUIRED|TEXT_MEDIA_MISMATCH|UNVERIFIED_ASSET_MEDIA|WRONG_SUBJECT,IA generada (Magnific / Seedream) - CONFIRMADO,en|es|ar|zh
opportunities/lp-land-11m/index.html,cs_page_header [style-bg],assets/img/xaru/gen2/03_land_mega.jpg,background,1920x1080,582,"Land, Projects & Opportunities Territorial Land Holding, 11M+ m² Home Land, Projects & Opportunities Territorial Land Holding, 11M+ m²","Territorial Land Holding, 11M+ m²",Duna/matorral costero arido con pistas de tierra vistas desde el aire. No muestra 11.000.000 m2 ni linderos ni cantera alguna.,0,crítico,"OK (1920x1080, 582 KB)",116,16,sí,Reportaje fotografico del activo real + autorizacion del titular (property release) + ficha de procedencia,no,sí,RETIRAR el medio actual y sustituir por material fotografico/documental autentico del activo (o retirar la ficha hasta disponer de el).,DECORATIVE_MEDIA_OVERUSE|DUPLICATED_MEDIA|PERFORMANCE_RISK|POOR_MOBILE_CROP|POSSIBLE_AI_MEDIA|REAL_MEDIA_REQUIRED|TEXT_MEDIA_MISMATCH|UNVERIFIED_ASSET_MEDIA|WRONG_SUBJECT,IA generada (Magnific / Seedream) - CONFIRMADO,en|es|ar|zh
opportunities/pa-quarry-license/index.html,(root) [style-bg],assets/img/xaru/gen2/03_land_mega.jpg,background,1920x1080,582,In validation Seeking buyer Dominican Republic Quarry Licence & Aggregates Production Undisclosed Information available under NDA Key facts Status In validation Location Dominican Republic Price Undisclosed Region Caribb,Quarry Licence & Aggregates Production,Duna/matorral costero arido con pistas de tierra vistas desde el aire. No muestra 11.000.000 m2 ni linderos ni cantera alguna.,0,crítico,"OK (1920x1080, 582 KB)",116,16,sí,Reportaje fotografico del activo real + autorizacion del titular (property release) + ficha de procedencia,no,sí,RETIRAR el medio actual y sustituir por material fotografico/documental autentico del activo (o retirar la ficha hasta disponer de el).,DECORATIVE_MEDIA_OVERUSE|DUPLICATED_MEDIA|PERFORMANCE_RISK|POSSIBLE_AI_MEDIA|REAL_MEDIA_REQUIRED|TEXT_MEDIA_MISMATCH|UNVERIFIED_ASSET_MEDIA|WRONG_SUBJECT,IA generada (Magnific / Seedream) - CONFIRMADO,en|es|ar|zh
opportunities/pa-quarry-license/index.html,cs_page_header [data-src-bg],assets/img/xaru/gen2/03_land_mega.jpg,background,1920x1080,582,"Land, Projects & Opportunities Quarry Licence & Aggregates Production Home Land, Projects & Opportunities Quarry Licence & Aggregates Production",Quarry Licence & Aggregates Production,Duna/matorral costero arido con pistas de tierra vistas desde el aire. No muestra 11.000.000 m2 ni linderos ni cantera alguna.,0,crítico,"OK (1920x1080, 582 KB)",116,16,sí,Reportaje fotografico del activo real + autorizacion del titular (property release) + ficha de procedencia,no,sí,RETIRAR el medio actual y sustituir por material fotografico/documental autentico del activo (o retirar la ficha hasta disponer de el).,DECORATIVE_MEDIA_OVERUSE|DUPLICATED_MEDIA|PERFORMANCE_RISK|POOR_MOBILE_CROP|POSSIBLE_AI_MEDIA|REAL_MEDIA_REQUIRED|TEXT_MEDIA_MISMATCH|UNVERIFIED_ASSET_MEDIA|WRONG_SUBJECT,IA generada (Magnific / Seedream) - CONFIRMADO,en|es|ar|zh
opportunities/pa-quarry-license/index.html,cs_page_header [style-bg],assets/img/xaru/gen2/03_land_mega.jpg,background,1920x1080,582,"Land, Projects & Opportunities Quarry Licence & Aggregates Production Home Land, Projects & Opportunities Quarry Licence & Aggregates Production",Quarry Licence & Aggregates Production,Duna/matorral costero arido con pistas de tierra vistas desde el aire. No muestra 11.000.000 m2 ni linderos ni cantera alguna.,0,crítico,"OK (1920x1080, 582 KB)",116,16,sí,Reportaje fotografico del activo real + autorizacion del titular (property release) + ficha de procedencia,no,sí,RETIRAR el medio actual y sustituir por material fotografico/documental autentico del activo (o retirar la ficha hasta disponer de el).,DECORATIVE_MEDIA_OVERUSE|DUPLICATED_MEDIA|PERFORMANCE_RISK|POOR_MOBILE_CROP|POSSIBLE_AI_MEDIA|REAL_MEDIA_REQUIRED|TEXT_MEDIA_MISMATCH|UNVERIFIED_ASSET_MEDIA|WRONG_SUBJECT,IA generada (Magnific / Seedream) - CONFIRMADO,en|es|ar|zh
property-details.html,(root) [img],assets/img/city-dubai.jpg,image,456x550,116,"Location Full Address: 217 Horizon Heights Road, Silverstone Towers, NY 10022",Location,Vista urbana vertical de Dubai (Burj/marina).,0,crítico,Baja resolucion para retina (456x550),12,3,sí,Cartografia/orto real de la localizacion declarada del activo,no,sí,RETIRAR. Se presenta Dubai como localizacion de fichas cuya direccion declarada no es Dubai.,DECORATIVE_MEDIA_OVERUSE|DUPLICATED_MEDIA|GENERIC_STOCK|LICENSE_NOT_DOCUMENTED|LOCATION_RELEASE_REVIEW|LOW_RESOLUTION|MISLEADING_ALT|REAL_MEDIA_REQUIRED|WRONG_SUBJECT,Stock de plantilla comercial Xproperty - procedencia no documentada,en|es|ar|zh
property-details.html,cs_slider [img],assets/img/property-img-1.jpg,image,456x340,94,"$50,000 Bed 3 Bath 3 1200 Sqft Golden Meadows Dubai, United Arab Emirates View Details",Golden Meadows,Foto de inmueble de stock 456x340.,1,crítico,Baja resolucion para retina (456x340),4,1,sí,Reportaje fotografico del activo real + autorizacion del titular (property release) + ficha de procedencia,no,sí,RETIRAR el medio actual y sustituir por material fotografico/documental autentico del activo (o retirar la ficha hasta disponer de el).,GENERIC_STOCK|LICENSE_NOT_DOCUMENTED|LOW_RESOLUTION|REAL_MEDIA_REQUIRED|TEXT_MEDIA_MISMATCH|WRONG_SUBJECT,Stock de plantilla comercial Xproperty - procedencia no documentada,en|es|ar|zh
property-details.html,cs_slider [img],assets/img/property-img-4.jpg,image,456x340,92,"$50,000 Bed 3 Bath 3 1200 Sqft Golden Meadows Dubai, United Arab Emirates View Details",Golden Meadows,Foto de inmueble de stock 456x340.,1,crítico,Baja resolucion para retina (456x340),8,2,sí,Reportaje fotografico del activo real + autorizacion del titular (property release) + ficha de procedencia,no,sí,RETIRAR el medio actual y sustituir por material fotografico/documental autentico del activo (o retirar la ficha hasta disponer de el).,DUPLICATED_MEDIA|GENERIC_STOCK|LICENSE_NOT_DOCUMENTED|LOW_RESOLUTION|REAL_MEDIA_REQUIRED|TEXT_MEDIA_MISMATCH|WRONG_SUBJECT,Stock de plantilla comercial Xproperty - procedencia no documentada,en|es|ar|zh
property-details.html,cs_slider [img],assets/img/property-img-2.jpg,image,456x340,101,"$70,000 Bed 4 Bath 4 1300 Sqft Evergreen Estates 217 Horizon Heights Road, Silverstone Towers, NY 10022 View Details",Evergreen Estates,Foto de inmueble de stock 456x340.,1,crítico,Baja resolucion para retina (456x340),4,1,sí,Reportaje fotografico del activo real + autorizacion del titular (property release) + ficha de procedencia,no,sí,RETIRAR el medio actual y sustituir por material fotografico/documental autentico del activo (o retirar la ficha hasta disponer de el).,GENERIC_STOCK|LICENSE_NOT_DOCUMENTED|LOW_RESOLUTION|REAL_MEDIA_REQUIRED|TEXT_MEDIA_MISMATCH|WRONG_SUBJECT,Stock de plantilla comercial Xproperty - procedencia no documentada,en|es|ar|zh
property-details.html,cs_slider [img],assets/img/property-img-5.jpg,image,456x340,108,"$70,000 Bed 4 Bath 4 1300 Sqft Evergreen Estates 217 Horizon Heights Road, Silverstone Towers, NY 10022 View Details",Evergreen Estates,Foto de inmueble de stock 456x340.,1,crítico,Baja resolucion para retina (456x340),8,2,sí,Reportaje fotografico del activo real + autorizacion del titular (property release) + ficha de procedencia,no,sí,RETIRAR el medio actual y sustituir por material fotografico/documental autentico del activo (o retirar la ficha hasta disponer de el).,DUPLICATED_MEDIA|GENERIC_STOCK|LICENSE_NOT_DOCUMENTED|LOW_RESOLUTION|REAL_MEDIA_REQUIRED|TEXT_MEDIA_MISMATCH|WRONG_SUBJECT,Stock de plantilla comercial Xproperty - procedencia no documentada,en|es|ar|zh
property-details.html,cs_slider [img],assets/img/property-img-3.jpg,image,456x340,99,"$85,000 Bed 5 Bath 4 1500 Sqft Maple Ridge Apartments 382 Blue Sky Boulevard, Oakwood Residences, CO 80202 View Details",Maple Ridge Apartments,Foto de inmueble de stock 456x340.,1,crítico,Baja resolucion para retina (456x340),4,1,sí,Reportaje fotografico del activo real + autorizacion del titular (property release) + ficha de procedencia,no,sí,RETIRAR el medio actual y sustituir por material fotografico/documental autentico del activo (o retirar la ficha hasta disponer de el).,GENERIC_STOCK|LICENSE_NOT_DOCUMENTED|LOW_RESOLUTION|REAL_MEDIA_REQUIRED|TEXT_MEDIA_MISMATCH|WRONG_SUBJECT,Stock de plantilla comercial Xproperty - procedencia no documentada,en|es|ar|zh
property-details.html,cs_slider [img],assets/img/property-img-6.jpg,image,456x340,118,"$85,000 Bed 5 Bath 4 1500 Sqft Maple Ridge Apartments 382 Blue Sky Boulevard, Oakwood Residences, CO 80202 View Details",Maple Ridge Apartments,Foto de inmueble de stock 456x340.,1,crítico,Baja resolucion para retina (456x340),4,1,sí,Reportaje fotografico del activo real + autorizacion del titular (property release) + ficha de procedencia,no,sí,RETIRAR el medio actual y sustituir por material fotografico/documental autentico del activo (o retirar la ficha hasta disponer de el).,GENERIC_STOCK|LICENSE_NOT_DOCUMENTED|LOW_RESOLUTION|REAL_MEDIA_REQUIRED|TEXT_MEDIA_MISMATCH|WRONG_SUBJECT,Stock de plantilla comercial Xproperty - procedencia no documentada,en|es|ar|zh
property-details.html,cs_slider [img],assets/img/property-img-4.jpg,image,456x340,92,"$50,000 Bed 3 Bath 3 1200 Sqft Lakeside Manor Dubai, United Arab Emirates View Details",Lakeside Manor,Foto de inmueble de stock 456x340.,1,crítico,Baja resolucion para retina (456x340),8,2,sí,Reportaje fotografico del activo real + autorizacion del titular (property release) + ficha de procedencia,no,sí,RETIRAR el medio actual y sustituir por material fotografico/documental autentico del activo (o retirar la ficha hasta disponer de el).,DUPLICATED_MEDIA|GENERIC_STOCK|LICENSE_NOT_DOCUMENTED|LOW_RESOLUTION|REAL_MEDIA_REQUIRED|TEXT_MEDIA_MISMATCH|WRONG_SUBJECT,Stock de plantilla comercial Xproperty - procedencia no documentada,en|es|ar|zh
property-details.html,cs_slider [img],assets/img/property-img-5.jpg,image,456x340,108,"$50,000 Bed 3 Bath 3 1200 Sqft Lakeside Manor Dubai, United Arab Emirates View Details",Lakeside Manor,Foto de inmueble de stock 456x340.,1,crítico,Baja resolucion para retina (456x340),8,2,sí,Reportaje fotografico del activo real + autorizacion del titular (property release) + ficha de procedencia,no,sí,RETIRAR el medio actual y sustituir por material fotografico/documental autentico del activo (o retirar la ficha hasta disponer de el).,DUPLICATED_MEDIA|GENERIC_STOCK|LICENSE_NOT_DOCUMENTED|LOW_RESOLUTION|REAL_MEDIA_REQUIRED|TEXT_MEDIA_MISMATCH|WRONG_SUBJECT,Stock de plantilla comercial Xproperty - procedencia no documentada,en|es|ar|zh
property-listing-buy.html,(root) [img],assets/img/xaru/gen2/02_island_rd.jpg,image,1920x1080,414,Land & Developments Private Island — Samaná Bay Dominican Republic Kilometers of pristine beachfront held in a single title — a generational asset of exceptional scale. Price upon application Enquire,Private Island — Samaná Bay,"Islote tropical aereo con palmeras, arrecife turquesa y pequeno embarcadero. Generico caribeno; no corresponde a ninguna parcela titulada verificable.",0,crítico,"OK (1920x1080, 414 KB)",44,8,sí,Reportaje fotografico del activo real + autorizacion del titular (property release) + ficha de procedencia,no,sí,RETIRAR el medio actual y sustituir por material fotografico/documental autentico del activo (o retirar la ficha hasta disponer de el).,DECORATIVE_MEDIA_OVERUSE|DUPLICATED_MEDIA|PERFORMANCE_RISK|POSSIBLE_AI_MEDIA|REAL_MEDIA_REQUIRED|TEXT_MEDIA_MISMATCH|UNVERIFIED_ASSET_MEDIA|WRONG_SUBJECT,IA generada (Magnific / Seedream) - CONFIRMADO,en|es|ar|zh
property-listing-buy.html,(root) [img],assets/img/xaru/gen2/03_land_mega.jpg,image,1920x1080,582,"Land & Developments Coastal Development Land 11,000,000+ m² — Dominican Republic Over eleven million square meters of master-plan-ready coastal territory for destination-scale projects. Price upon application Enquire",Coastal Development Land,Duna/matorral costero arido con pistas de tierra vistas desde el aire. No muestra 11.000.000 m2 ni linderos ni cantera alguna.,0,crítico,"OK (1920x1080, 582 KB)",116,16,sí,Reportaje fotografico del activo real + autorizacion del titular (property release) + ficha de procedencia,no,sí,RETIRAR el medio actual y sustituir por material fotografico/documental autentico del activo (o retirar la ficha hasta disponer de el).,DECORATIVE_MEDIA_OVERUSE|DUPLICATED_MEDIA|PERFORMANCE_RISK|POSSIBLE_AI_MEDIA|REAL_MEDIA_REQUIRED|TEXT_MEDIA_MISMATCH|UNVERIFIED_ASSET_MEDIA|WRONG_SUBJECT,IA generada (Magnific / Seedream) - CONFIRMADO,en|es|ar|zh
property-listing-buy.html,(root) [img],assets/img/xaru/gen2/04_resort_dev.jpg,image,1920x1080,515,"Land & Developments Resort Development — Turnkey Caribbean — from land to operation A resort development structured end to end: land, capital, brand and operating partners under one mandate. Price upon application Enquir",Resort Development — Turnkey,"Palapas de techo de palma con piscina frente a playa y andamiaje de bambu. Lectura: resort boutique construido/en obra, sin identidad de proyecto.",0,crítico,"OK (1920x1080, 515 KB)",56,10,sí,Reportaje fotografico del activo real + autorizacion del titular (property release) + ficha de procedencia,no,sí,RETIRAR el medio actual y sustituir por material fotografico/documental autentico del activo (o retirar la ficha hasta disponer de el).,DECORATIVE_MEDIA_OVERUSE|DUPLICATED_MEDIA|PERFORMANCE_RISK|POSSIBLE_AI_MEDIA|REAL_MEDIA_REQUIRED|TEXT_MEDIA_MISMATCH|UNVERIFIED_ASSET_MEDIA|WRONG_SUBJECT,IA generada (Magnific / Seedream) - CONFIRMADO,en|es|ar|zh
property-listing-buy.html,(root) [img],assets/img/xaru/gen2/05_hotel_project.jpg,image,1920x1080,502,"Land & Developments Hotel Project — Urban Flagship Turnkey structuring, from land to operation A flagship hotel opportunity with full structuring: acquisition, licensing, financing and operator selection. Price upon appl",Hotel Project — Urban Flagship,Hotel contemporaneo de piedra y vidrio sobre acantilado oceanico con terrazas y piscina. NO es un hotel urbano ni un edificio parado.,0,crítico,"OK (1920x1080, 502 KB)",116,18,sí,Reportaje fotografico del activo real + autorizacion del titular (property release) + ficha de procedencia,no,sí,RETIRAR el medio actual y sustituir por material fotografico/documental autentico del activo (o retirar la ficha hasta disponer de el).,DECORATIVE_MEDIA_OVERUSE|DUPLICATED_MEDIA|PERFORMANCE_RISK|POSSIBLE_AI_MEDIA|REAL_MEDIA_REQUIRED|TEXT_MEDIA_MISMATCH|UNVERIFIED_ASSET_MEDIA|WRONG_SUBJECT,IA generada (Magnific / Seedream) - CONFIRMADO,en|es|ar|zh
property-listing-buy.html,(root) [img],assets/img/xaru/gen2/07_villa_dubai.jpg,image,900x506,91,"$4.8M Bed 3 Bath 3 1200 Sqft Serene Palm Villa Palm Jumeirah, Dubai, United Arab Emirates View Details",Serene Palm Villa,Villa contemporanea sobre arena blanca con skyline lejano tipo Dubai. Generica; no es una villa concreta de Palm Jumeirah.,0,crítico,"OK (900x506, 91 KB)",72,13,sí,Reportaje fotografico del activo real + autorizacion del titular (property release) + ficha de procedencia,no,sí,RETIRAR el medio actual y sustituir por material fotografico/documental autentico del activo (o retirar la ficha hasta disponer de el).,DECORATIVE_MEDIA_OVERUSE|DUPLICATED_MEDIA|POSSIBLE_AI_MEDIA|REAL_MEDIA_REQUIRED|TEXT_MEDIA_MISMATCH|UNVERIFIED_ASSET_MEDIA|WRONG_SUBJECT,IA generada (Magnific / Seedream) - CONFIRMADO,en|es|ar|zh
property-listing-buy.html,(root) [img],assets/img/xaru/gen2/10_casa_tulum.jpg,image,900x506,167,"$4.8M Bed 3 Bath 3 1200 Sqft Serene Palm Villa Palm Jumeirah, Dubai, United Arab Emirates View Details",Serene Palm Villa,"Casa pequena de hormigon y madera en selva densa. Sin playa, sin frente de mar, sin identidad de propiedad.",0,crítico,"OK (900x506, 167 KB)",144,28,sí,Reportaje fotografico del activo real + autorizacion del titular (property release) + ficha de procedencia,no,sí,RETIRAR el medio actual y sustituir por material fotografico/documental autentico del activo (o retirar la ficha hasta disponer de el).,DECORATIVE_MEDIA_OVERUSE|DUPLICATED_MEDIA|POSSIBLE_AI_MEDIA|REAL_MEDIA_REQUIRED|TEXT_MEDIA_MISMATCH|UNVERIFIED_ASSET_MEDIA|WRONG_SUBJECT,IA generada (Magnific / Seedream) - CONFIRMADO,en|es|ar|zh
property-listing-buy.html,(root) [img],assets/img/xaru/gen2/08_penthouse_london.jpg,image,900x506,110,"$12.5M Bed 3 Bath 3 1300 Sqft The Thames Penthouse Westminster, London, United Kingdom View Details",The Thames Penthouse,Terraza con sofas y olivos frente a un skyline con puente tipo Tower Bridge. Exterior generico; no hay interior ni atico real.,0,crítico,"OK (900x506, 110 KB)",92,17,sí,Reportaje fotografico del activo real + autorizacion del titular (property release) + ficha de procedencia,no,sí,RETIRAR el medio actual y sustituir por material fotografico/documental autentico del activo (o retirar la ficha hasta disponer de el).,DECORATIVE_MEDIA_OVERUSE|DUPLICATED_MEDIA|POSSIBLE_AI_MEDIA|REAL_MEDIA_REQUIRED|TEXT_MEDIA_MISMATCH|UNVERIFIED_ASSET_MEDIA|WRONG_SUBJECT,IA generada (Magnific / Seedream) - CONFIRMADO,en|es|ar|zh
property-listing-buy.html,(root) [img],assets/img/xaru/gen2/10_casa_tulum.jpg,image,900x506,167,"$12.5M Bed 3 Bath 3 1300 Sqft The Thames Penthouse Westminster, London, United Kingdom View Details",The Thames Penthouse,"Casa pequena de hormigon y madera en selva densa. Sin playa, sin frente de mar, sin identidad de propiedad.",0,crítico,"OK (900x506, 167 KB)",144,28,sí,Reportaje fotografico del activo real + autorizacion del titular (property release) + ficha de procedencia,no,sí,RETIRAR el medio actual y sustituir por material fotografico/documental autentico del activo (o retirar la ficha hasta disponer de el).,DECORATIVE_MEDIA_OVERUSE|DUPLICATED_MEDIA|POSSIBLE_AI_MEDIA|REAL_MEDIA_REQUIRED|TEXT_MEDIA_MISMATCH|UNVERIFIED_ASSET_MEDIA|WRONG_SUBJECT,IA generada (Magnific / Seedream) - CONFIRMADO,en|es|ar|zh
property-listing-buy.html,(root) [img],assets/img/xaru/gen2/09_villa_como.jpg,image,900x506,126,"$9.8M Bed 3 Bath 3 1500 Sqft Villa Lariana Lake Como, Lombardy, Italy View Details",Villa Lariana,Villa clasica lacustre con lancha de madera y montanas. Evoca Como; no corresponde a una finca concreta.,0,crítico,"OK (900x506, 126 KB)",108,19,sí,Reportaje fotografico del activo real + autorizacion del titular (property release) + ficha de procedencia,no,sí,RETIRAR el medio actual y sustituir por material fotografico/documental autentico del activo (o retirar la ficha hasta disponer de el).,DECORATIVE_MEDIA_OVERUSE|DUPLICATED_MEDIA|POSSIBLE_AI_MEDIA|REAL_MEDIA_REQUIRED|TEXT_MEDIA_MISMATCH|UNVERIFIED_ASSET_MEDIA|WRONG_SUBJECT,IA generada (Magnific / Seedream) - CONFIRMADO,en|es|ar|zh
property-listing-buy.html,(root) [img],assets/img/xaru/gen2/10_casa_tulum.jpg,image,900x506,167,"$9.8M Bed 3 Bath 3 1500 Sqft Villa Lariana Lake Como, Lombardy, Italy View Details",Villa Lariana,"Casa pequena de hormigon y madera en selva densa. Sin playa, sin frente de mar, sin identidad de propiedad.",0,crítico,"OK (900x506, 167 KB)",144,28,sí,Reportaje fotografico del activo real + autorizacion del titular (property release) + ficha de procedencia,no,sí,RETIRAR el medio actual y sustituir por material fotografico/documental autentico del activo (o retirar la ficha hasta disponer de el).,DECORATIVE_MEDIA_OVERUSE|DUPLICATED_MEDIA|POSSIBLE_AI_MEDIA|REAL_MEDIA_REQUIRED|TEXT_MEDIA_MISMATCH|UNVERIFIED_ASSET_MEDIA|WRONG_SUBJECT,IA generada (Magnific / Seedream) - CONFIRMADO,en|es|ar|zh
property-listing-buy.html,(root) [img],assets/img/xaru/gen2/10_casa_tulum.jpg,image,900x506,167,"$3.9M Bed 3 Bath 3 1400 Sqft Casa Selva Tulum, Quintana Roo, México View Details",Casa Selva,"Casa pequena de hormigon y madera en selva densa. Sin playa, sin frente de mar, sin identidad de propiedad.",0,crítico,"OK (900x506, 167 KB)",144,28,sí,Reportaje fotografico del activo real + autorizacion del titular (property release) + ficha de procedencia,no,sí,RETIRAR el medio actual y sustituir por material fotografico/documental autentico del activo (o retirar la ficha hasta disponer de el).,DECORATIVE_MEDIA_OVERUSE|DUPLICATED_MEDIA|POSSIBLE_AI_MEDIA|REAL_MEDIA_REQUIRED|TEXT_MEDIA_MISMATCH|UNVERIFIED_ASSET_MEDIA|WRONG_SUBJECT,IA generada (Magnific / Seedream) - CONFIRMADO,en|es|ar|zh
property-listing-buy.html,(root) [img],assets/img/xaru/gen2/11_villa_marbella.jpg,image,900x506,92,"$7.2M Bed 3 Bath 3 1500 Sqft Sierra Blanca Residence Sierra Blanca, Marbella, Spain View Details",Sierra Blanca Residence,Villa blanca moderna con piscina infinita sobre el mar. Generica mediterranea; no es Sierra Blanca ni la Milla de Oro.,0,crítico,"OK (900x506, 92 KB)",44,8,sí,Reportaje fotografico del activo real + autorizacion del titular (property release) + ficha de procedencia,no,sí,RETIRAR el medio actual y sustituir por material fotografico/documental autentico del activo (o retirar la ficha hasta disponer de el).,DECORATIVE_MEDIA_OVERUSE|DUPLICATED_MEDIA|POSSIBLE_AI_MEDIA|REAL_MEDIA_REQUIRED|TEXT_MEDIA_MISMATCH|UNVERIFIED_ASSET_MEDIA|WRONG_SUBJECT,IA generada (Magnific / Seedream) - CONFIRMADO,en|es|ar|zh
property-listing-buy.html,(root) [img],assets/img/xaru/gen2/10_casa_tulum.jpg,image,900x506,167,"$7.2M Bed 3 Bath 3 1500 Sqft Sierra Blanca Residence Sierra Blanca, Marbella, Spain View Details",Sierra Blanca Residence,"Casa pequena de hormigon y madera en selva densa. Sin playa, sin frente de mar, sin identidad de propiedad.",0,crítico,"OK (900x506, 167 KB)",144,28,sí,Reportaje fotografico del activo real + autorizacion del titular (property release) + ficha de procedencia,no,sí,RETIRAR el medio actual y sustituir por material fotografico/documental autentico del activo (o retirar la ficha hasta disponer de el).,DECORATIVE_MEDIA_OVERUSE|DUPLICATED_MEDIA|POSSIBLE_AI_MEDIA|REAL_MEDIA_REQUIRED|TEXT_MEDIA_MISMATCH|UNVERIFIED_ASSET_MEDIA|WRONG_SUBJECT,IA generada (Magnific / Seedream) - CONFIRMADO,en|es|ar|zh
property-listing-buy.html,(root) [img],assets/img/xaru/gen2/12_atico_cdmx.jpg,image,900x506,112,"$5.6M Bed 3 Bath 3 1500 Sqft Polanco Sky Residence Polanco, Mexico City, México View Details",Polanco Sky Residence,Terraza en azotea con arbol en maceta y skyline indeterminado. No es Polanco ni CDMX identificable.,0,crítico,"OK (900x506, 112 KB)",12,3,sí,Reportaje fotografico del activo real + autorizacion del titular (property release) + ficha de procedencia,no,sí,RETIRAR el medio actual y sustituir por material fotografico/documental autentico del activo (o retirar la ficha hasta disponer de el).,DECORATIVE_MEDIA_OVERUSE|DUPLICATED_MEDIA|POSSIBLE_AI_MEDIA|REAL_MEDIA_REQUIRED|TEXT_MEDIA_MISMATCH|UNVERIFIED_ASSET_MEDIA|WRONG_SUBJECT,IA generada (Magnific / Seedream) - CONFIRMADO,en|es|ar|zh
property-listing-buy.html,(root) [img],assets/img/xaru/gen2/10_casa_tulum.jpg,image,900x506,167,"$5.6M Bed 3 Bath 3 1500 Sqft Polanco Sky Residence Polanco, Mexico City, México View Details",Polanco Sky Residence,"Casa pequena de hormigon y madera en selva densa. Sin playa, sin frente de mar, sin identidad de propiedad.",0,crítico,"OK (900x506, 167 KB)",144,28,sí,Reportaje fotografico del activo real + autorizacion del titular (property release) + ficha de procedencia,no,sí,RETIRAR el medio actual y sustituir por material fotografico/documental autentico del activo (o retirar la ficha hasta disponer de el).,DECORATIVE_MEDIA_OVERUSE|DUPLICATED_MEDIA|POSSIBLE_AI_MEDIA|REAL_MEDIA_REQUIRED|TEXT_MEDIA_MISMATCH|UNVERIFIED_ASSET_MEDIA|WRONG_SUBJECT,IA generada (Magnific / Seedream) - CONFIRMADO,en|es|ar|zh
property-listing-buy.html,(root) [img],assets/img/xaru/gen2/07_villa_dubai.jpg,image,900x506,91,"$28M Bed 3 Bath 3 1600 Sqft Palm Crescent Estate Palm Jumeirah, Dubai, United Arab Emirates View Details",Palm Crescent Estate,Villa contemporanea sobre arena blanca con skyline lejano tipo Dubai. Generica; no es una villa concreta de Palm Jumeirah.,0,crítico,"OK (900x506, 91 KB)",72,13,sí,Reportaje fotografico del activo real + autorizacion del titular (property release) + ficha de procedencia,no,sí,RETIRAR el medio actual y sustituir por material fotografico/documental autentico del activo (o retirar la ficha hasta disponer de el).,DECORATIVE_MEDIA_OVERUSE|DUPLICATED_MEDIA|POSSIBLE_AI_MEDIA|REAL_MEDIA_REQUIRED|TEXT_MEDIA_MISMATCH|UNVERIFIED_ASSET_MEDIA|WRONG_SUBJECT,IA generada (Magnific / Seedream) - CONFIRMADO,en|es|ar|zh
property-listing-buy.html,(root) [img],assets/img/xaru/gen2/10_casa_tulum.jpg,image,900x506,167,"$28M Bed 3 Bath 3 1600 Sqft Palm Crescent Estate Palm Jumeirah, Dubai, United Arab Emirates View Details",Palm Crescent Estate,"Casa pequena de hormigon y madera en selva densa. Sin playa, sin frente de mar, sin identidad de propiedad.",0,crítico,"OK (900x506, 167 KB)",144,28,sí,Reportaje fotografico del activo real + autorizacion del titular (property release) + ficha de procedencia,no,sí,RETIRAR el medio actual y sustituir por material fotografico/documental autentico del activo (o retirar la ficha hasta disponer de el).,DECORATIVE_MEDIA_OVERUSE|DUPLICATED_MEDIA|POSSIBLE_AI_MEDIA|REAL_MEDIA_REQUIRED|TEXT_MEDIA_MISMATCH|UNVERIFIED_ASSET_MEDIA|WRONG_SUBJECT,IA generada (Magnific / Seedream) - CONFIRMADO,en|es|ar|zh
property-listing-buy.html,(root) [img],assets/img/xaru/gen2/08_penthouse_london.jpg,image,900x506,110,"$16.4M Bed 3 Bath 3 1400 Sqft The Belgravia House Belgravia, London, United Kingdom View Details",The Belgravia House,Terraza con sofas y olivos frente a un skyline con puente tipo Tower Bridge. Exterior generico; no hay interior ni atico real.,0,crítico,"OK (900x506, 110 KB)",92,17,sí,Reportaje fotografico del activo real + autorizacion del titular (property release) + ficha de procedencia,no,sí,RETIRAR el medio actual y sustituir por material fotografico/documental autentico del activo (o retirar la ficha hasta disponer de el).,DECORATIVE_MEDIA_OVERUSE|DUPLICATED_MEDIA|POSSIBLE_AI_MEDIA|REAL_MEDIA_REQUIRED|TEXT_MEDIA_MISMATCH|UNVERIFIED_ASSET_MEDIA|WRONG_SUBJECT,IA generada (Magnific / Seedream) - CONFIRMADO,en|es|ar|zh
property-listing-buy.html,(root) [img],assets/img/xaru/gen2/10_casa_tulum.jpg,image,900x506,167,"$16.4M Bed 3 Bath 3 1400 Sqft The Belgravia House Belgravia, London, United Kingdom View Details",The Belgravia House,"Casa pequena de hormigon y madera en selva densa. Sin playa, sin frente de mar, sin identidad de propiedad.",0,crítico,"OK (900x506, 167 KB)",144,28,sí,Reportaje fotografico del activo real + autorizacion del titular (property release) + ficha de procedencia,no,sí,RETIRAR el medio actual y sustituir por material fotografico/documental autentico del activo (o retirar la ficha hasta disponer de el).,DECORATIVE_MEDIA_OVERUSE|DUPLICATED_MEDIA|POSSIBLE_AI_MEDIA|REAL_MEDIA_REQUIRED|TEXT_MEDIA_MISMATCH|UNVERIFIED_ASSET_MEDIA|WRONG_SUBJECT,IA generada (Magnific / Seedream) - CONFIRMADO,en|es|ar|zh
property-listing-buy.html,(root) [img],assets/img/xaru/gen2/09_villa_como.jpg,image,900x506,126,"$11.2M Bed 3 Bath 3 1500 Sqft Villa Cadenabbia Cadenabbia, Lake Como, Italy View Details",Villa Cadenabbia,Villa clasica lacustre con lancha de madera y montanas. Evoca Como; no corresponde a una finca concreta.,0,crítico,"OK (900x506, 126 KB)",108,19,sí,Reportaje fotografico del activo real + autorizacion del titular (property release) + ficha de procedencia,no,sí,RETIRAR el medio actual y sustituir por material fotografico/documental autentico del activo (o retirar la ficha hasta disponer de el).,DECORATIVE_MEDIA_OVERUSE|DUPLICATED_MEDIA|POSSIBLE_AI_MEDIA|REAL_MEDIA_REQUIRED|TEXT_MEDIA_MISMATCH|UNVERIFIED_ASSET_MEDIA|WRONG_SUBJECT,IA generada (Magnific / Seedream) - CONFIRMADO,en|es|ar|zh
property-listing-buy.html,(root) [img],assets/img/xaru/gen2/10_casa_tulum.jpg,image,900x506,167,"$11.2M Bed 3 Bath 3 1500 Sqft Villa Cadenabbia Cadenabbia, Lake Como, Italy View Details",Villa Cadenabbia,"Casa pequena de hormigon y madera en selva densa. Sin playa, sin frente de mar, sin identidad de propiedad.",0,crítico,"OK (900x506, 167 KB)",144,28,sí,Reportaje fotografico del activo real + autorizacion del titular (property release) + ficha de procedencia,no,sí,RETIRAR el medio actual y sustituir por material fotografico/documental autentico del activo (o retirar la ficha hasta disponer de el).,DECORATIVE_MEDIA_OVERUSE|DUPLICATED_MEDIA|POSSIBLE_AI_MEDIA|REAL_MEDIA_REQUIRED|TEXT_MEDIA_MISMATCH|UNVERIFIED_ASSET_MEDIA|WRONG_SUBJECT,IA generada (Magnific / Seedream) - CONFIRMADO,en|es|ar|zh
property-listing-buy.html,(root) [img],assets/img/xaru/gen2/10_casa_tulum.jpg,image,900x506,167,"$4.6M Bed 3 Bath 3 1500 Sqft Casa Aluxes Aldea Zamá, Tulum, México View Details",Casa Aluxes,"Casa pequena de hormigon y madera en selva densa. Sin playa, sin frente de mar, sin identidad de propiedad.",0,crítico,"OK (900x506, 167 KB)",144,28,sí,Reportaje fotografico del activo real + autorizacion del titular (property release) + ficha de procedencia,no,sí,RETIRAR el medio actual y sustituir por material fotografico/documental autentico del activo (o retirar la ficha hasta disponer de el).,DECORATIVE_MEDIA_OVERUSE|DUPLICATED_MEDIA|POSSIBLE_AI_MEDIA|REAL_MEDIA_REQUIRED|TEXT_MEDIA_MISMATCH|UNVERIFIED_ASSET_MEDIA|WRONG_SUBJECT,IA generada (Magnific / Seedream) - CONFIRMADO,en|es|ar|zh
property-listing-rent.html,(root) [img],assets/img/xaru/gen2/07_villa_dubai.jpg,image,900x506,91,"$28,000 /month Bed 3 Bath 3 1200 Sqft Serene Palm Villa Palm Jumeirah, Dubai, United Arab Emirates View Details",Serene Palm Villa,Villa contemporanea sobre arena blanca con skyline lejano tipo Dubai. Generica; no es una villa concreta de Palm Jumeirah.,0,crítico,"OK (900x506, 91 KB)",72,13,sí,Reportaje fotografico del activo real + autorizacion del titular (property release) + ficha de procedencia,no,sí,RETIRAR el medio actual y sustituir por material fotografico/documental autentico del activo (o retirar la ficha hasta disponer de el).,DECORATIVE_MEDIA_OVERUSE|DUPLICATED_MEDIA|POSSIBLE_AI_MEDIA|REAL_MEDIA_REQUIRED|TEXT_MEDIA_MISMATCH|UNVERIFIED_ASSET_MEDIA|WRONG_SUBJECT,IA generada (Magnific / Seedream) - CONFIRMADO,en|es|ar|zh
property-listing-rent.html,(root) [img],assets/img/xaru/gen2/10_casa_tulum.jpg,image,900x506,167,"$28,000 /month Bed 3 Bath 3 1200 Sqft Serene Palm Villa Palm Jumeirah, Dubai, United Arab Emirates View Details",Serene Palm Villa,"Casa pequena de hormigon y madera en selva densa. Sin playa, sin frente de mar, sin identidad de propiedad.",0,crítico,"OK (900x506, 167 KB)",144,28,sí,Reportaje fotografico del activo real + autorizacion del titular (property release) + ficha de procedencia,no,sí,RETIRAR el medio actual y sustituir por material fotografico/documental autentico del activo (o retirar la ficha hasta disponer de el).,DECORATIVE_MEDIA_OVERUSE|DUPLICATED_MEDIA|POSSIBLE_AI_MEDIA|REAL_MEDIA_REQUIRED|TEXT_MEDIA_MISMATCH|UNVERIFIED_ASSET_MEDIA|WRONG_SUBJECT,IA generada (Magnific / Seedream) - CONFIRMADO,en|es|ar|zh
property-listing-rent.html,(root) [img],assets/img/xaru/gen2/08_penthouse_london.jpg,image,900x506,110,"$52,000 /month Bed 3 Bath 3 1300 Sqft The Thames Penthouse Westminster, London, United Kingdom View Details",The Thames Penthouse,Terraza con sofas y olivos frente a un skyline con puente tipo Tower Bridge. Exterior generico; no hay interior ni atico real.,0,crítico,"OK (900x506, 110 KB)",92,17,sí,Reportaje fotografico del activo real + autorizacion del titular (property release) + ficha de procedencia,no,sí,RETIRAR el medio actual y sustituir por material fotografico/documental autentico del activo (o retirar la ficha hasta disponer de el).,DECORATIVE_MEDIA_OVERUSE|DUPLICATED_MEDIA|POSSIBLE_AI_MEDIA|REAL_MEDIA_REQUIRED|TEXT_MEDIA_MISMATCH|UNVERIFIED_ASSET_MEDIA|WRONG_SUBJECT,IA generada (Magnific / Seedream) - CONFIRMADO,en|es|ar|zh
property-listing-rent.html,(root) [img],assets/img/xaru/gen2/10_casa_tulum.jpg,image,900x506,167,"$52,000 /month Bed 3 Bath 3 1300 Sqft The Thames Penthouse Westminster, London, United Kingdom View Details",The Thames Penthouse,"Casa pequena de hormigon y madera en selva densa. Sin playa, sin frente de mar, sin identidad de propiedad.",0,crítico,"OK (900x506, 167 KB)",144,28,sí,Reportaje fotografico del activo real + autorizacion del titular (property release) + ficha de procedencia,no,sí,RETIRAR el medio actual y sustituir por material fotografico/documental autentico del activo (o retirar la ficha hasta disponer de el).,DECORATIVE_MEDIA_OVERUSE|DUPLICATED_MEDIA|POSSIBLE_AI_MEDIA|REAL_MEDIA_REQUIRED|TEXT_MEDIA_MISMATCH|UNVERIFIED_ASSET_MEDIA|WRONG_SUBJECT,IA generada (Magnific / Seedream) - CONFIRMADO,en|es|ar|zh
property-listing-rent.html,(root) [img],assets/img/xaru/gen2/09_villa_como.jpg,image,900x506,126,"$39,000 /month Bed 3 Bath 3 1500 Sqft Villa Lariana Lake Como, Lombardy, Italy View Details",Villa Lariana,Villa clasica lacustre con lancha de madera y montanas. Evoca Como; no corresponde a una finca concreta.,0,crítico,"OK (900x506, 126 KB)",108,19,sí,Reportaje fotografico del activo real + autorizacion del titular (property release) + ficha de procedencia,no,sí,RETIRAR el medio actual y sustituir por material fotografico/documental autentico del activo (o retirar la ficha hasta disponer de el).,DECORATIVE_MEDIA_OVERUSE|DUPLICATED_MEDIA|POSSIBLE_AI_MEDIA|REAL_MEDIA_REQUIRED|TEXT_MEDIA_MISMATCH|UNVERIFIED_ASSET_MEDIA|WRONG_SUBJECT,IA generada (Magnific / Seedream) - CONFIRMADO,en|es|ar|zh
property-listing-rent.html,(root) [img],assets/img/xaru/gen2/10_casa_tulum.jpg,image,900x506,167,"$39,000 /month Bed 3 Bath 3 1500 Sqft Villa Lariana Lake Como, Lombardy, Italy View Details",Villa Lariana,"Casa pequena de hormigon y madera en selva densa. Sin playa, sin frente de mar, sin identidad de propiedad.",0,crítico,"OK (900x506, 167 KB)",144,28,sí,Reportaje fotografico del activo real + autorizacion del titular (property release) + ficha de procedencia,no,sí,RETIRAR el medio actual y sustituir por material fotografico/documental autentico del activo (o retirar la ficha hasta disponer de el).,DECORATIVE_MEDIA_OVERUSE|DUPLICATED_MEDIA|POSSIBLE_AI_MEDIA|REAL_MEDIA_REQUIRED|TEXT_MEDIA_MISMATCH|UNVERIFIED_ASSET_MEDIA|WRONG_SUBJECT,IA generada (Magnific / Seedream) - CONFIRMADO,en|es|ar|zh
property-listing-rent.html,(root) [img],assets/img/xaru/gen2/10_casa_tulum.jpg,image,900x506,167,"$18,500 /month Bed 3 Bath 3 1400 Sqft Casa Selva Tulum, Quintana Roo, México View Details",Casa Selva,"Casa pequena de hormigon y madera en selva densa. Sin playa, sin frente de mar, sin identidad de propiedad.",0,crítico,"OK (900x506, 167 KB)",144,28,sí,Reportaje fotografico del activo real + autorizacion del titular (property release) + ficha de procedencia,no,sí,RETIRAR el medio actual y sustituir por material fotografico/documental autentico del activo (o retirar la ficha hasta disponer de el).,DECORATIVE_MEDIA_OVERUSE|DUPLICATED_MEDIA|POSSIBLE_AI_MEDIA|REAL_MEDIA_REQUIRED|TEXT_MEDIA_MISMATCH|UNVERIFIED_ASSET_MEDIA|WRONG_SUBJECT,IA generada (Magnific / Seedream) - CONFIRMADO,en|es|ar|zh
property-listing-rent.html,(root) [img],assets/img/xaru/gen2/11_villa_marbella.jpg,image,900x506,92,"$26,000 /month Bed 3 Bath 3 1500 Sqft Sierra Blanca Residence Sierra Blanca, Marbella, Spain View Details",Sierra Blanca Residence,Villa blanca moderna con piscina infinita sobre el mar. Generica mediterranea; no es Sierra Blanca ni la Milla de Oro.,0,crítico,"OK (900x506, 92 KB)",44,8,sí,Reportaje fotografico del activo real + autorizacion del titular (property release) + ficha de procedencia,no,sí,RETIRAR el medio actual y sustituir por material fotografico/documental autentico del activo (o retirar la ficha hasta disponer de el).,DECORATIVE_MEDIA_OVERUSE|DUPLICATED_MEDIA|POSSIBLE_AI_MEDIA|REAL_MEDIA_REQUIRED|TEXT_MEDIA_MISMATCH|UNVERIFIED_ASSET_MEDIA|WRONG_SUBJECT,IA generada (Magnific / Seedream) - CONFIRMADO,en|es|ar|zh
property-listing-rent.html,(root) [img],assets/img/xaru/gen2/10_casa_tulum.jpg,image,900x506,167,"$26,000 /month Bed 3 Bath 3 1500 Sqft Sierra Blanca Residence Sierra Blanca, Marbella, Spain View Details",Sierra Blanca Residence,"Casa pequena de hormigon y madera en selva densa. Sin playa, sin frente de mar, sin identidad de propiedad.",0,crítico,"OK (900x506, 167 KB)",144,28,sí,Reportaje fotografico del activo real + autorizacion del titular (property release) + ficha de procedencia,no,sí,RETIRAR el medio actual y sustituir por material fotografico/documental autentico del activo (o retirar la ficha hasta disponer de el).,DECORATIVE_MEDIA_OVERUSE|DUPLICATED_MEDIA|POSSIBLE_AI_MEDIA|REAL_MEDIA_REQUIRED|TEXT_MEDIA_MISMATCH|UNVERIFIED_ASSET_MEDIA|WRONG_SUBJECT,IA generada (Magnific / Seedream) - CONFIRMADO,en|es|ar|zh
property-listing-rent.html,(root) [img],assets/img/xaru/gen2/12_atico_cdmx.jpg,image,900x506,112,"$21,000 /month Bed 3 Bath 3 1500 Sqft Polanco Sky Residence Polanco, Mexico City, México View Details",Polanco Sky Residence,Terraza en azotea con arbol en maceta y skyline indeterminado. No es Polanco ni CDMX identificable.,0,crítico,"OK (900x506, 112 KB)",12,3,sí,Reportaje fotografico del activo real + autorizacion del titular (property release) + ficha de procedencia,no,sí,RETIRAR el medio actual y sustituir por material fotografico/documental autentico del activo (o retirar la ficha hasta disponer de el).,DECORATIVE_MEDIA_OVERUSE|DUPLICATED_MEDIA|POSSIBLE_AI_MEDIA|REAL_MEDIA_REQUIRED|TEXT_MEDIA_MISMATCH|UNVERIFIED_ASSET_MEDIA|WRONG_SUBJECT,IA generada (Magnific / Seedream) - CONFIRMADO,en|es|ar|zh
property-listing-rent.html,(root) [img],assets/img/xaru/gen2/10_casa_tulum.jpg,image,900x506,167,"$21,000 /month Bed 3 Bath 3 1500 Sqft Polanco Sky Residence Polanco, Mexico City, México View Details",Polanco Sky Residence,"Casa pequena de hormigon y madera en selva densa. Sin playa, sin frente de mar, sin identidad de propiedad.",0,crítico,"OK (900x506, 167 KB)",144,28,sí,Reportaje fotografico del activo real + autorizacion del titular (property release) + ficha de procedencia,no,sí,RETIRAR el medio actual y sustituir por material fotografico/documental autentico del activo (o retirar la ficha hasta disponer de el).,DECORATIVE_MEDIA_OVERUSE|DUPLICATED_MEDIA|POSSIBLE_AI_MEDIA|REAL_MEDIA_REQUIRED|TEXT_MEDIA_MISMATCH|UNVERIFIED_ASSET_MEDIA|WRONG_SUBJECT,IA generada (Magnific / Seedream) - CONFIRMADO,en|es|ar|zh
property-listing-rent.html,(root) [img],assets/img/xaru/gen2/07_villa_dubai.jpg,image,900x506,91,"$95,000 /month Bed 3 Bath 3 1600 Sqft Palm Crescent Estate Palm Jumeirah, Dubai, United Arab Emirates View Details",Palm Crescent Estate,Villa contemporanea sobre arena blanca con skyline lejano tipo Dubai. Generica; no es una villa concreta de Palm Jumeirah.,0,crítico,"OK (900x506, 91 KB)",72,13,sí,Reportaje fotografico del activo real + autorizacion del titular (property release) + ficha de procedencia,no,sí,RETIRAR el medio actual y sustituir por material fotografico/documental autentico del activo (o retirar la ficha hasta disponer de el).,DECORATIVE_MEDIA_OVERUSE|DUPLICATED_MEDIA|POSSIBLE_AI_MEDIA|REAL_MEDIA_REQUIRED|TEXT_MEDIA_MISMATCH|UNVERIFIED_ASSET_MEDIA|WRONG_SUBJECT,IA generada (Magnific / Seedream) - CONFIRMADO,en|es|ar|zh
property-listing-rent.html,(root) [img],assets/img/xaru/gen2/10_casa_tulum.jpg,image,900x506,167,"$95,000 /month Bed 3 Bath 3 1600 Sqft Palm Crescent Estate Palm Jumeirah, Dubai, United Arab Emirates View Details",Palm Crescent Estate,"Casa pequena de hormigon y madera en selva densa. Sin playa, sin frente de mar, sin identidad de propiedad.",0,crítico,"OK (900x506, 167 KB)",144,28,sí,Reportaje fotografico del activo real + autorizacion del titular (property release) + ficha de procedencia,no,sí,RETIRAR el medio actual y sustituir por material fotografico/documental autentico del activo (o retirar la ficha hasta disponer de el).,DECORATIVE_MEDIA_OVERUSE|DUPLICATED_MEDIA|POSSIBLE_AI_MEDIA|REAL_MEDIA_REQUIRED|TEXT_MEDIA_MISMATCH|UNVERIFIED_ASSET_MEDIA|WRONG_SUBJECT,IA generada (Magnific / Seedream) - CONFIRMADO,en|es|ar|zh
property-listing-rent.html,(root) [img],assets/img/xaru/gen2/08_penthouse_london.jpg,image,900x506,110,"$60,000 /month Bed 3 Bath 3 1400 Sqft The Belgravia House Belgravia, London, United Kingdom View Details",The Belgravia House,Terraza con sofas y olivos frente a un skyline con puente tipo Tower Bridge. Exterior generico; no hay interior ni atico real.,0,crítico,"OK (900x506, 110 KB)",92,17,sí,Reportaje fotografico del activo real + autorizacion del titular (property release) + ficha de procedencia,no,sí,RETIRAR el medio actual y sustituir por material fotografico/documental autentico del activo (o retirar la ficha hasta disponer de el).,DECORATIVE_MEDIA_OVERUSE|DUPLICATED_MEDIA|POSSIBLE_AI_MEDIA|REAL_MEDIA_REQUIRED|TEXT_MEDIA_MISMATCH|UNVERIFIED_ASSET_MEDIA|WRONG_SUBJECT,IA generada (Magnific / Seedream) - CONFIRMADO,en|es|ar|zh
property-listing-rent.html,(root) [img],assets/img/xaru/gen2/10_casa_tulum.jpg,image,900x506,167,"$60,000 /month Bed 3 Bath 3 1400 Sqft The Belgravia House Belgravia, London, United Kingdom View Details",The Belgravia House,"Casa pequena de hormigon y madera en selva densa. Sin playa, sin frente de mar, sin identidad de propiedad.",0,crítico,"OK (900x506, 167 KB)",144,28,sí,Reportaje fotografico del activo real + autorizacion del titular (property release) + ficha de procedencia,no,sí,RETIRAR el medio actual y sustituir por material fotografico/documental autentico del activo (o retirar la ficha hasta disponer de el).,DECORATIVE_MEDIA_OVERUSE|DUPLICATED_MEDIA|POSSIBLE_AI_MEDIA|REAL_MEDIA_REQUIRED|TEXT_MEDIA_MISMATCH|UNVERIFIED_ASSET_MEDIA|WRONG_SUBJECT,IA generada (Magnific / Seedream) - CONFIRMADO,en|es|ar|zh
property-listing-rent.html,(root) [img],assets/img/xaru/gen2/09_villa_como.jpg,image,900x506,126,"$44,000 /month Bed 3 Bath 3 1500 Sqft Villa Cadenabbia Cadenabbia, Lake Como, Italy View Details",Villa Cadenabbia,Villa clasica lacustre con lancha de madera y montanas. Evoca Como; no corresponde a una finca concreta.,0,crítico,"OK (900x506, 126 KB)",108,19,sí,Reportaje fotografico del activo real + autorizacion del titular (property release) + ficha de procedencia,no,sí,RETIRAR el medio actual y sustituir por material fotografico/documental autentico del activo (o retirar la ficha hasta disponer de el).,DECORATIVE_MEDIA_OVERUSE|DUPLICATED_MEDIA|POSSIBLE_AI_MEDIA|REAL_MEDIA_REQUIRED|TEXT_MEDIA_MISMATCH|UNVERIFIED_ASSET_MEDIA|WRONG_SUBJECT,IA generada (Magnific / Seedream) - CONFIRMADO,en|es|ar|zh
property-listing-rent.html,(root) [img],assets/img/xaru/gen2/10_casa_tulum.jpg,image,900x506,167,"$44,000 /month Bed 3 Bath 3 1500 Sqft Villa Cadenabbia Cadenabbia, Lake Como, Italy View Details",Villa Cadenabbia,"Casa pequena de hormigon y madera en selva densa. Sin playa, sin frente de mar, sin identidad de propiedad.",0,crítico,"OK (900x506, 167 KB)",144,28,sí,Reportaje fotografico del activo real + autorizacion del titular (property release) + ficha de procedencia,no,sí,RETIRAR el medio actual y sustituir por material fotografico/documental autentico del activo (o retirar la ficha hasta disponer de el).,DECORATIVE_MEDIA_OVERUSE|DUPLICATED_MEDIA|POSSIBLE_AI_MEDIA|REAL_MEDIA_REQUIRED|TEXT_MEDIA_MISMATCH|UNVERIFIED_ASSET_MEDIA|WRONG_SUBJECT,IA generada (Magnific / Seedream) - CONFIRMADO,en|es|ar|zh
property-listing-rent.html,(root) [img],assets/img/xaru/gen2/10_casa_tulum.jpg,image,900x506,167,"$19,500 /month Bed 3 Bath 3 1500 Sqft Casa Aluxes Aldea Zamá, Tulum, México View Details",Casa Aluxes,"Casa pequena de hormigon y madera en selva densa. Sin playa, sin frente de mar, sin identidad de propiedad.",0,crítico,"OK (900x506, 167 KB)",144,28,sí,Reportaje fotografico del activo real + autorizacion del titular (property release) + ficha de procedencia,no,sí,RETIRAR el medio actual y sustituir por material fotografico/documental autentico del activo (o retirar la ficha hasta disponer de el).,DECORATIVE_MEDIA_OVERUSE|DUPLICATED_MEDIA|POSSIBLE_AI_MEDIA|REAL_MEDIA_REQUIRED|TEXT_MEDIA_MISMATCH|UNVERIFIED_ASSET_MEDIA|WRONG_SUBJECT,IA generada (Magnific / Seedream) - CONFIRMADO,en|es|ar|zh
property-listing-search.html,(root) [img],assets/img/city-dubai.jpg,image,456x550,116,Buy Rent Apartment House Villa Office Commercial Land Search Location... New York London Paris Dubai Tokyo Sydney Toronto Berlin Singapore Mumbai Advanced Search,Private Island — Samaná Bay,Vista urbana vertical de Dubai (Burj/marina).,0,crítico,Baja resolucion para retina (456x550),12,3,sí,Cartografia/orto real de la localizacion declarada del activo,no,sí,RETIRAR. Se presenta Dubai como localizacion de fichas cuya direccion declarada no es Dubai.,DECORATIVE_MEDIA_OVERUSE|DUPLICATED_MEDIA|GENERIC_STOCK|LICENSE_NOT_DOCUMENTED|LOCATION_RELEASE_REVIEW|LOW_RESOLUTION|MISLEADING_ALT|REAL_MEDIA_REQUIRED|TEXT_MEDIA_MISMATCH|WRONG_SUBJECT,Stock de plantilla comercial Xproperty - procedencia no documentada,en|es|ar|zh
property-listing-search.html,(root) [img],assets/img/xaru/gen2/02_island_rd.jpg,image,1920x1080,414,Land & Developments Private Island — Samaná Bay Dominican Republic Kilometers of pristine beachfront held in a single title — a generational asset of exceptional scale. Price upon application Enquire,Private Island — Samaná Bay,"Islote tropical aereo con palmeras, arrecife turquesa y pequeno embarcadero. Generico caribeno; no corresponde a ninguna parcela titulada verificable.",0,crítico,"OK (1920x1080, 414 KB)",44,8,sí,Reportaje fotografico del activo real + autorizacion del titular (property release) + ficha de procedencia,no,sí,RETIRAR el medio actual y sustituir por material fotografico/documental autentico del activo (o retirar la ficha hasta disponer de el).,DECORATIVE_MEDIA_OVERUSE|DUPLICATED_MEDIA|PERFORMANCE_RISK|POSSIBLE_AI_MEDIA|REAL_MEDIA_REQUIRED|TEXT_MEDIA_MISMATCH|UNVERIFIED_ASSET_MEDIA|WRONG_SUBJECT,IA generada (Magnific / Seedream) - CONFIRMADO,en|es|ar|zh
property-listing-search.html,(root) [img],assets/img/xaru/gen2/03_land_mega.jpg,image,1920x1080,582,"Land & Developments Coastal Development Land 11,000,000+ m² — Dominican Republic Over eleven million square meters of master-plan-ready coastal territory for destination-scale projects. Price upon application Enquire",Coastal Development Land,Duna/matorral costero arido con pistas de tierra vistas desde el aire. No muestra 11.000.000 m2 ni linderos ni cantera alguna.,0,crítico,"OK (1920x1080, 582 KB)",116,16,sí,Reportaje fotografico del activo real + autorizacion del titular (property release) + ficha de procedencia,no,sí,RETIRAR el medio actual y sustituir por material fotografico/documental autentico del activo (o retirar la ficha hasta disponer de el).,DECORATIVE_MEDIA_OVERUSE|DUPLICATED_MEDIA|PERFORMANCE_RISK|POSSIBLE_AI_MEDIA|REAL_MEDIA_REQUIRED|TEXT_MEDIA_MISMATCH|UNVERIFIED_ASSET_MEDIA|WRONG_SUBJECT,IA generada (Magnific / Seedream) - CONFIRMADO,en|es|ar|zh
property-listing-search.html,(root) [img],assets/img/xaru/gen2/04_resort_dev.jpg,image,1920x1080,515,"Land & Developments Resort Development — Turnkey Caribbean — from land to operation A resort development structured end to end: land, capital, brand and operating partners under one mandate. Price upon application Enquir",Resort Development — Turnkey,"Palapas de techo de palma con piscina frente a playa y andamiaje de bambu. Lectura: resort boutique construido/en obra, sin identidad de proyecto.",0,crítico,"OK (1920x1080, 515 KB)",56,10,sí,Reportaje fotografico del activo real + autorizacion del titular (property release) + ficha de procedencia,no,sí,RETIRAR el medio actual y sustituir por material fotografico/documental autentico del activo (o retirar la ficha hasta disponer de el).,DECORATIVE_MEDIA_OVERUSE|DUPLICATED_MEDIA|PERFORMANCE_RISK|POSSIBLE_AI_MEDIA|REAL_MEDIA_REQUIRED|TEXT_MEDIA_MISMATCH|UNVERIFIED_ASSET_MEDIA|WRONG_SUBJECT,IA generada (Magnific / Seedream) - CONFIRMADO,en|es|ar|zh
property-listing-search.html,(root) [img],assets/img/xaru/gen2/05_hotel_project.jpg,image,1920x1080,502,"Land & Developments Hotel Project — Urban Flagship Turnkey structuring, from land to operation A flagship hotel opportunity with full structuring: acquisition, licensing, financing and operator selection. Price upon appl",Hotel Project — Urban Flagship,Hotel contemporaneo de piedra y vidrio sobre acantilado oceanico con terrazas y piscina. NO es un hotel urbano ni un edificio parado.,0,crítico,"OK (1920x1080, 502 KB)",116,18,sí,Reportaje fotografico del activo real + autorizacion del titular (property release) + ficha de procedencia,no,sí,RETIRAR el medio actual y sustituir por material fotografico/documental autentico del activo (o retirar la ficha hasta disponer de el).,DECORATIVE_MEDIA_OVERUSE|DUPLICATED_MEDIA|PERFORMANCE_RISK|POSSIBLE_AI_MEDIA|REAL_MEDIA_REQUIRED|TEXT_MEDIA_MISMATCH|UNVERIFIED_ASSET_MEDIA|WRONG_SUBJECT,IA generada (Magnific / Seedream) - CONFIRMADO,en|es|ar|zh
property-listing-search.html,(root) [img],assets/img/xaru/gen2/07_villa_dubai.jpg,image,900x506,91,"$28,000 /month Bed 3 Bath 3 1200 Sqft Serene Palm Villa Palm Jumeirah, Dubai, United Arab Emirates View Details",Serene Palm Villa,Villa contemporanea sobre arena blanca con skyline lejano tipo Dubai. Generica; no es una villa concreta de Palm Jumeirah.,0,crítico,"OK (900x506, 91 KB)",72,13,sí,Reportaje fotografico del activo real + autorizacion del titular (property release) + ficha de procedencia,no,sí,RETIRAR el medio actual y sustituir por material fotografico/documental autentico del activo (o retirar la ficha hasta disponer de el).,DECORATIVE_MEDIA_OVERUSE|DUPLICATED_MEDIA|POSSIBLE_AI_MEDIA|REAL_MEDIA_REQUIRED|TEXT_MEDIA_MISMATCH|UNVERIFIED_ASSET_MEDIA|WRONG_SUBJECT,IA generada (Magnific / Seedream) - CONFIRMADO,en|es|ar|zh
property-listing-search.html,(root) [img],assets/img/xaru/gen2/09_villa_como.jpg,image,900x506,126,"$28,000 /month Bed 3 Bath 3 1200 Sqft Serene Palm Villa Palm Jumeirah, Dubai, United Arab Emirates View Details",Serene Palm Villa,Villa clasica lacustre con lancha de madera y montanas. Evoca Como; no corresponde a una finca concreta.,0,crítico,"OK (900x506, 126 KB)",108,19,sí,Reportaje fotografico del activo real + autorizacion del titular (property release) + ficha de procedencia,no,sí,RETIRAR el medio actual y sustituir por material fotografico/documental autentico del activo (o retirar la ficha hasta disponer de el).,DECORATIVE_MEDIA_OVERUSE|DUPLICATED_MEDIA|POSSIBLE_AI_MEDIA|REAL_MEDIA_REQUIRED|TEXT_MEDIA_MISMATCH|UNVERIFIED_ASSET_MEDIA|WRONG_SUBJECT,IA generada (Magnific / Seedream) - CONFIRMADO,en|es|ar|zh
property-listing-search.html,(root) [img],assets/img/xaru/gen2/08_penthouse_london.jpg,image,900x506,110,"$52,000 /month Bed 3 Bath 3 1300 Sqft The Thames Penthouse Westminster, London, United Kingdom View Details",The Thames Penthouse,Terraza con sofas y olivos frente a un skyline con puente tipo Tower Bridge. Exterior generico; no hay interior ni atico real.,0,crítico,"OK (900x506, 110 KB)",92,17,sí,Reportaje fotografico del activo real + autorizacion del titular (property release) + ficha de procedencia,no,sí,RETIRAR el medio actual y sustituir por material fotografico/documental autentico del activo (o retirar la ficha hasta disponer de el).,DECORATIVE_MEDIA_OVERUSE|DUPLICATED_MEDIA|POSSIBLE_AI_MEDIA|REAL_MEDIA_REQUIRED|TEXT_MEDIA_MISMATCH|UNVERIFIED_ASSET_MEDIA|WRONG_SUBJECT,IA generada (Magnific / Seedream) - CONFIRMADO,en|es|ar|zh
property-listing-search.html,(root) [img],assets/img/xaru/gen2/09_villa_como.jpg,image,900x506,126,"$52,000 /month Bed 3 Bath 3 1300 Sqft The Thames Penthouse Westminster, London, United Kingdom View Details",The Thames Penthouse,Villa clasica lacustre con lancha de madera y montanas. Evoca Como; no corresponde a una finca concreta.,0,crítico,"OK (900x506, 126 KB)",108,19,sí,Reportaje fotografico del activo real + autorizacion del titular (property release) + ficha de procedencia,no,sí,RETIRAR el medio actual y sustituir por material fotografico/documental autentico del activo (o retirar la ficha hasta disponer de el).,DECORATIVE_MEDIA_OVERUSE|DUPLICATED_MEDIA|POSSIBLE_AI_MEDIA|REAL_MEDIA_REQUIRED|TEXT_MEDIA_MISMATCH|UNVERIFIED_ASSET_MEDIA|WRONG_SUBJECT,IA generada (Magnific / Seedream) - CONFIRMADO,en|es|ar|zh
property-listing-search.html,(root) [img],assets/img/xaru/gen2/09_villa_como.jpg,image,900x506,126,"$39,000 /month Bed 3 Bath 3 1500 Sqft Villa Lariana Lake Como, Lombardy, Italy View Details",Villa Lariana,Villa clasica lacustre con lancha de madera y montanas. Evoca Como; no corresponde a una finca concreta.,0,crítico,"OK (900x506, 126 KB)",108,19,sí,Reportaje fotografico del activo real + autorizacion del titular (property release) + ficha de procedencia,no,sí,RETIRAR el medio actual y sustituir por material fotografico/documental autentico del activo (o retirar la ficha hasta disponer de el).,DECORATIVE_MEDIA_OVERUSE|DUPLICATED_MEDIA|POSSIBLE_AI_MEDIA|REAL_MEDIA_REQUIRED|TEXT_MEDIA_MISMATCH|UNVERIFIED_ASSET_MEDIA|WRONG_SUBJECT,IA generada (Magnific / Seedream) - CONFIRMADO,en|es|ar|zh
property-listing-search.html,(root) [img],assets/img/xaru/gen2/10_casa_tulum.jpg,image,900x506,167,"$18,500 /month Bed 3 Bath 3 1400 Sqft Casa Selva Tulum, Quintana Roo, México View Details",Casa Selva,"Casa pequena de hormigon y madera en selva densa. Sin playa, sin frente de mar, sin identidad de propiedad.",0,crítico,"OK (900x506, 167 KB)",144,28,sí,Reportaje fotografico del activo real + autorizacion del titular (property release) + ficha de procedencia,no,sí,RETIRAR el medio actual y sustituir por material fotografico/documental autentico del activo (o retirar la ficha hasta disponer de el).,DECORATIVE_MEDIA_OVERUSE|DUPLICATED_MEDIA|POSSIBLE_AI_MEDIA|REAL_MEDIA_REQUIRED|TEXT_MEDIA_MISMATCH|UNVERIFIED_ASSET_MEDIA|WRONG_SUBJECT,IA generada (Magnific / Seedream) - CONFIRMADO,en|es|ar|zh
property-listing-search.html,(root) [img],assets/img/xaru/gen2/09_villa_como.jpg,image,900x506,126,"$18,500 /month Bed 3 Bath 3 1400 Sqft Casa Selva Tulum, Quintana Roo, México View Details",Casa Selva,Villa clasica lacustre con lancha de madera y montanas. Evoca Como; no corresponde a una finca concreta.,0,crítico,"OK (900x506, 126 KB)",108,19,sí,Reportaje fotografico del activo real + autorizacion del titular (property release) + ficha de procedencia,no,sí,RETIRAR el medio actual y sustituir por material fotografico/documental autentico del activo (o retirar la ficha hasta disponer de el).,DECORATIVE_MEDIA_OVERUSE|DUPLICATED_MEDIA|POSSIBLE_AI_MEDIA|REAL_MEDIA_REQUIRED|TEXT_MEDIA_MISMATCH|UNVERIFIED_ASSET_MEDIA|WRONG_SUBJECT,IA generada (Magnific / Seedream) - CONFIRMADO,en|es|ar|zh
property-listing-search.html,(root) [img],assets/img/xaru/gen2/11_villa_marbella.jpg,image,900x506,92,"$26,000 /month Bed 3 Bath 3 1500 Sqft Sierra Blanca Residence Sierra Blanca, Marbella, Spain View Details",Sierra Blanca Residence,Villa blanca moderna con piscina infinita sobre el mar. Generica mediterranea; no es Sierra Blanca ni la Milla de Oro.,0,crítico,"OK (900x506, 92 KB)",44,8,sí,Reportaje fotografico del activo real + autorizacion del titular (property release) + ficha de procedencia,no,sí,RETIRAR el medio actual y sustituir por material fotografico/documental autentico del activo (o retirar la ficha hasta disponer de el).,DECORATIVE_MEDIA_OVERUSE|DUPLICATED_MEDIA|POSSIBLE_AI_MEDIA|REAL_MEDIA_REQUIRED|TEXT_MEDIA_MISMATCH|UNVERIFIED_ASSET_MEDIA|WRONG_SUBJECT,IA generada (Magnific / Seedream) - CONFIRMADO,en|es|ar|zh
property-listing-search.html,(root) [img],assets/img/xaru/gen2/09_villa_como.jpg,image,900x506,126,"$26,000 /month Bed 3 Bath 3 1500 Sqft Sierra Blanca Residence Sierra Blanca, Marbella, Spain View Details",Sierra Blanca Residence,Villa clasica lacustre con lancha de madera y montanas. Evoca Como; no corresponde a una finca concreta.,0,crítico,"OK (900x506, 126 KB)",108,19,sí,Reportaje fotografico del activo real + autorizacion del titular (property release) + ficha de procedencia,no,sí,RETIRAR el medio actual y sustituir por material fotografico/documental autentico del activo (o retirar la ficha hasta disponer de el).,DECORATIVE_MEDIA_OVERUSE|DUPLICATED_MEDIA|POSSIBLE_AI_MEDIA|REAL_MEDIA_REQUIRED|TEXT_MEDIA_MISMATCH|UNVERIFIED_ASSET_MEDIA|WRONG_SUBJECT,IA generada (Magnific / Seedream) - CONFIRMADO,en|es|ar|zh
property-listing-search.html,(root) [img],assets/img/xaru/gen2/12_atico_cdmx.jpg,image,900x506,112,"$21,000 /month Bed 3 Bath 3 1500 Sqft Polanco Sky Residence Polanco, Mexico City, México View Details",Polanco Sky Residence,Terraza en azotea con arbol en maceta y skyline indeterminado. No es Polanco ni CDMX identificable.,0,crítico,"OK (900x506, 112 KB)",12,3,sí,Reportaje fotografico del activo real + autorizacion del titular (property release) + ficha de procedencia,no,sí,RETIRAR el medio actual y sustituir por material fotografico/documental autentico del activo (o retirar la ficha hasta disponer de el).,DECORATIVE_MEDIA_OVERUSE|DUPLICATED_MEDIA|POSSIBLE_AI_MEDIA|REAL_MEDIA_REQUIRED|TEXT_MEDIA_MISMATCH|UNVERIFIED_ASSET_MEDIA|WRONG_SUBJECT,IA generada (Magnific / Seedream) - CONFIRMADO,en|es|ar|zh
property-listing-search.html,(root) [img],assets/img/xaru/gen2/09_villa_como.jpg,image,900x506,126,"$21,000 /month Bed 3 Bath 3 1500 Sqft Polanco Sky Residence Polanco, Mexico City, México View Details",Polanco Sky Residence,Villa clasica lacustre con lancha de madera y montanas. Evoca Como; no corresponde a una finca concreta.,0,crítico,"OK (900x506, 126 KB)",108,19,sí,Reportaje fotografico del activo real + autorizacion del titular (property release) + ficha de procedencia,no,sí,RETIRAR el medio actual y sustituir por material fotografico/documental autentico del activo (o retirar la ficha hasta disponer de el).,DECORATIVE_MEDIA_OVERUSE|DUPLICATED_MEDIA|POSSIBLE_AI_MEDIA|REAL_MEDIA_REQUIRED|TEXT_MEDIA_MISMATCH|UNVERIFIED_ASSET_MEDIA|WRONG_SUBJECT,IA generada (Magnific / Seedream) - CONFIRMADO,en|es|ar|zh
property-listing-search.html,(root) [img],assets/img/xaru/gen2/07_villa_dubai.jpg,image,900x506,91,"$95,000 /month Bed 3 Bath 3 1600 Sqft Palm Crescent Estate Palm Jumeirah, Dubai, United Arab Emirates View Details",Palm Crescent Estate,Villa contemporanea sobre arena blanca con skyline lejano tipo Dubai. Generica; no es una villa concreta de Palm Jumeirah.,0,crítico,"OK (900x506, 91 KB)",72,13,sí,Reportaje fotografico del activo real + autorizacion del titular (property release) + ficha de procedencia,no,sí,RETIRAR el medio actual y sustituir por material fotografico/documental autentico del activo (o retirar la ficha hasta disponer de el).,DECORATIVE_MEDIA_OVERUSE|DUPLICATED_MEDIA|POSSIBLE_AI_MEDIA|REAL_MEDIA_REQUIRED|TEXT_MEDIA_MISMATCH|UNVERIFIED_ASSET_MEDIA|WRONG_SUBJECT,IA generada (Magnific / Seedream) - CONFIRMADO,en|es|ar|zh
property-listing-search.html,(root) [img],assets/img/xaru/gen2/09_villa_como.jpg,image,900x506,126,"$95,000 /month Bed 3 Bath 3 1600 Sqft Palm Crescent Estate Palm Jumeirah, Dubai, United Arab Emirates View Details",Palm Crescent Estate,Villa clasica lacustre con lancha de madera y montanas. Evoca Como; no corresponde a una finca concreta.,0,crítico,"OK (900x506, 126 KB)",108,19,sí,Reportaje fotografico del activo real + autorizacion del titular (property release) + ficha de procedencia,no,sí,RETIRAR el medio actual y sustituir por material fotografico/documental autentico del activo (o retirar la ficha hasta disponer de el).,DECORATIVE_MEDIA_OVERUSE|DUPLICATED_MEDIA|POSSIBLE_AI_MEDIA|REAL_MEDIA_REQUIRED|TEXT_MEDIA_MISMATCH|UNVERIFIED_ASSET_MEDIA|WRONG_SUBJECT,IA generada (Magnific / Seedream) - CONFIRMADO,en|es|ar|zh
property-listing-search.html,(root) [img],assets/img/xaru/gen2/08_penthouse_london.jpg,image,900x506,110,"$60,000 /month Bed 3 Bath 3 1400 Sqft The Belgravia House Belgravia, London, United Kingdom View Details",The Belgravia House,Terraza con sofas y olivos frente a un skyline con puente tipo Tower Bridge. Exterior generico; no hay interior ni atico real.,0,crítico,"OK (900x506, 110 KB)",92,17,sí,Reportaje fotografico del activo real + autorizacion del titular (property release) + ficha de procedencia,no,sí,RETIRAR el medio actual y sustituir por material fotografico/documental autentico del activo (o retirar la ficha hasta disponer de el).,DECORATIVE_MEDIA_OVERUSE|DUPLICATED_MEDIA|POSSIBLE_AI_MEDIA|REAL_MEDIA_REQUIRED|TEXT_MEDIA_MISMATCH|UNVERIFIED_ASSET_MEDIA|WRONG_SUBJECT,IA generada (Magnific / Seedream) - CONFIRMADO,en|es|ar|zh
property-listing-search.html,(root) [img],assets/img/xaru/gen2/09_villa_como.jpg,image,900x506,126,"$60,000 /month Bed 3 Bath 3 1400 Sqft The Belgravia House Belgravia, London, United Kingdom View Details",The Belgravia House,Villa clasica lacustre con lancha de madera y montanas. Evoca Como; no corresponde a una finca concreta.,0,crítico,"OK (900x506, 126 KB)",108,19,sí,Reportaje fotografico del activo real + autorizacion del titular (property release) + ficha de procedencia,no,sí,RETIRAR el medio actual y sustituir por material fotografico/documental autentico del activo (o retirar la ficha hasta disponer de el).,DECORATIVE_MEDIA_OVERUSE|DUPLICATED_MEDIA|POSSIBLE_AI_MEDIA|REAL_MEDIA_REQUIRED|TEXT_MEDIA_MISMATCH|UNVERIFIED_ASSET_MEDIA|WRONG_SUBJECT,IA generada (Magnific / Seedream) - CONFIRMADO,en|es|ar|zh
property-listing-search.html,(root) [img],assets/img/xaru/gen2/09_villa_como.jpg,image,900x506,126,"$44,000 /month Bed 3 Bath 3 1500 Sqft Villa Cadenabbia Cadenabbia, Lake Como, Italy View Details",Villa Cadenabbia,Villa clasica lacustre con lancha de madera y montanas. Evoca Como; no corresponde a una finca concreta.,0,crítico,"OK (900x506, 126 KB)",108,19,sí,Reportaje fotografico del activo real + autorizacion del titular (property release) + ficha de procedencia,no,sí,RETIRAR el medio actual y sustituir por material fotografico/documental autentico del activo (o retirar la ficha hasta disponer de el).,DECORATIVE_MEDIA_OVERUSE|DUPLICATED_MEDIA|POSSIBLE_AI_MEDIA|REAL_MEDIA_REQUIRED|TEXT_MEDIA_MISMATCH|UNVERIFIED_ASSET_MEDIA|WRONG_SUBJECT,IA generada (Magnific / Seedream) - CONFIRMADO,en|es|ar|zh
real-estate/commercial-hospitality/ch-hotel-halted/index.html,(root) [style-bg],assets/img/xaru/gen2/05_hotel_project.jpg,background,1920x1080,502,Halted / restructuring Seeking capital Seeking operator Panama City · Panama Halted Hotel Project Seeking Capital Price upon application Key facts Status Halted / restructuring Location Panama City · Panama Price Price u,Halted Hotel Project Seeking Capital,Hotel contemporaneo de piedra y vidrio sobre acantilado oceanico con terrazas y piscina. NO es un hotel urbano ni un edificio parado.,0,crítico,"OK (1920x1080, 502 KB)",116,18,sí,Reportaje fotografico del activo real + autorizacion del titular (property release) + ficha de procedencia,no,sí,RETIRAR el medio actual y sustituir por material fotografico/documental autentico del activo (o retirar la ficha hasta disponer de el).,DECORATIVE_MEDIA_OVERUSE|DUPLICATED_MEDIA|PERFORMANCE_RISK|POSSIBLE_AI_MEDIA|REAL_MEDIA_REQUIRED|TEXT_MEDIA_MISMATCH|UNVERIFIED_ASSET_MEDIA|WRONG_SUBJECT,IA generada (Magnific / Seedream) - CONFIRMADO,en|es|ar|zh
real-estate/commercial-hospitality/ch-hotel-halted/index.html,cs_page_header [data-src-bg],assets/img/xaru/gen2/05_hotel_project.jpg,background,1920x1080,502,Commercial & Hospitality Halted Hotel Project Seeking Capital Home Commercial & Hospitality Halted Hotel Project Seeking Capital,Halted Hotel Project Seeking Capital,Hotel contemporaneo de piedra y vidrio sobre acantilado oceanico con terrazas y piscina. NO es un hotel urbano ni un edificio parado.,0,crítico,"OK (1920x1080, 502 KB)",116,18,sí,Reportaje fotografico del activo real + autorizacion del titular (property release) + ficha de procedencia,no,sí,RETIRAR el medio actual y sustituir por material fotografico/documental autentico del activo (o retirar la ficha hasta disponer de el).,DECORATIVE_MEDIA_OVERUSE|DUPLICATED_MEDIA|PERFORMANCE_RISK|POOR_MOBILE_CROP|POSSIBLE_AI_MEDIA|REAL_MEDIA_REQUIRED|TEXT_MEDIA_MISMATCH|UNVERIFIED_ASSET_MEDIA|WRONG_SUBJECT,IA generada (Magnific / Seedream) - CONFIRMADO,en|es|ar|zh
real-estate/commercial-hospitality/ch-hotel-halted/index.html,cs_page_header [style-bg],assets/img/xaru/gen2/05_hotel_project.jpg,background,1920x1080,502,Commercial & Hospitality Halted Hotel Project Seeking Capital Home Commercial & Hospitality Halted Hotel Project Seeking Capital,Halted Hotel Project Seeking Capital,Hotel contemporaneo de piedra y vidrio sobre acantilado oceanico con terrazas y piscina. NO es un hotel urbano ni un edificio parado.,0,crítico,"OK (1920x1080, 502 KB)",116,18,sí,Reportaje fotografico del activo real + autorizacion del titular (property release) + ficha de procedencia,no,sí,RETIRAR el medio actual y sustituir por material fotografico/documental autentico del activo (o retirar la ficha hasta disponer de el).,DECORATIVE_MEDIA_OVERUSE|DUPLICATED_MEDIA|PERFORMANCE_RISK|POOR_MOBILE_CROP|POSSIBLE_AI_MEDIA|REAL_MEDIA_REQUIRED|TEXT_MEDIA_MISMATCH|UNVERIFIED_ASSET_MEDIA|WRONG_SUBJECT,IA generada (Magnific / Seedream) - CONFIRMADO,en|es|ar|zh
real-estate/commercial-hospitality/ch-hotel-operational/index.html,(root) [style-bg],assets/img/xaru/gen2/05_hotel_project.jpg,background,1920x1080,502,Operational Riviera Maya · Mexico Operating Boutique Hotel Price upon application Key facts Status Operational Location Riviera Maya · Mexico Price Price upon application Operating state Operational Keys 88 Occupancy (te,Operating Boutique Hotel,Hotel contemporaneo de piedra y vidrio sobre acantilado oceanico con terrazas y piscina. NO es un hotel urbano ni un edificio parado.,0,crítico,"OK (1920x1080, 502 KB)",116,18,sí,Reportaje fotografico del activo real + autorizacion del titular (property release) + ficha de procedencia,no,sí,RETIRAR el medio actual y sustituir por material fotografico/documental autentico del activo (o retirar la ficha hasta disponer de el).,DECORATIVE_MEDIA_OVERUSE|DUPLICATED_MEDIA|PERFORMANCE_RISK|POSSIBLE_AI_MEDIA|REAL_MEDIA_REQUIRED|TEXT_MEDIA_MISMATCH|UNVERIFIED_ASSET_MEDIA|WRONG_SUBJECT,IA generada (Magnific / Seedream) - CONFIRMADO,en|es|ar|zh
real-estate/commercial-hospitality/ch-hotel-operational/index.html,cs_page_header [data-src-bg],assets/img/xaru/gen2/05_hotel_project.jpg,background,1920x1080,502,Commercial & Hospitality Operating Boutique Hotel Home Commercial & Hospitality Operating Boutique Hotel,Operating Boutique Hotel,Hotel contemporaneo de piedra y vidrio sobre acantilado oceanico con terrazas y piscina. NO es un hotel urbano ni un edificio parado.,0,crítico,"OK (1920x1080, 502 KB)",116,18,sí,Reportaje fotografico del activo real + autorizacion del titular (property release) + ficha de procedencia,no,sí,RETIRAR el medio actual y sustituir por material fotografico/documental autentico del activo (o retirar la ficha hasta disponer de el).,DECORATIVE_MEDIA_OVERUSE|DUPLICATED_MEDIA|PERFORMANCE_RISK|POOR_MOBILE_CROP|POSSIBLE_AI_MEDIA|REAL_MEDIA_REQUIRED|TEXT_MEDIA_MISMATCH|UNVERIFIED_ASSET_MEDIA|WRONG_SUBJECT,IA generada (Magnific / Seedream) - CONFIRMADO,en|es|ar|zh
real-estate/commercial-hospitality/ch-hotel-operational/index.html,cs_page_header [style-bg],assets/img/xaru/gen2/05_hotel_project.jpg,background,1920x1080,502,Commercial & Hospitality Operating Boutique Hotel Home Commercial & Hospitality Operating Boutique Hotel,Operating Boutique Hotel,Hotel contemporaneo de piedra y vidrio sobre acantilado oceanico con terrazas y piscina. NO es un hotel urbano ni un edificio parado.,0,crítico,"OK (1920x1080, 502 KB)",116,18,sí,Reportaje fotografico del activo real + autorizacion del titular (property release) + ficha de procedencia,no,sí,RETIRAR el medio actual y sustituir por material fotografico/documental autentico del activo (o retirar la ficha hasta disponer de el).,DECORATIVE_MEDIA_OVERUSE|DUPLICATED_MEDIA|PERFORMANCE_RISK|POOR_MOBILE_CROP|POSSIBLE_AI_MEDIA|REAL_MEDIA_REQUIRED|TEXT_MEDIA_MISMATCH|UNVERIFIED_ASSET_MEDIA|WRONG_SUBJECT,IA generada (Magnific / Seedream) - CONFIRMADO,en|es|ar|zh
real-estate/commercial-hospitality/ch-resort-development/index.html,(root) [style-bg],assets/img/xaru/gen2/04_resort_dev.jpg,background,1920x1080,515,"Seeking operator Punta Cana · Dominican Republic Beach Resort, Development Stage Price upon application Key facts Status Seeking operator Location Punta Cana · Dominican Republic Price Price upon application Operating st","Beach Resort, Development Stage","Palapas de techo de palma con piscina frente a playa y andamiaje de bambu. Lectura: resort boutique construido/en obra, sin identidad de proyecto.",0,crítico,"OK (1920x1080, 515 KB)",56,10,sí,Reportaje fotografico del activo real + autorizacion del titular (property release) + ficha de procedencia,no,sí,RETIRAR el medio actual y sustituir por material fotografico/documental autentico del activo (o retirar la ficha hasta disponer de el).,DECORATIVE_MEDIA_OVERUSE|DUPLICATED_MEDIA|PERFORMANCE_RISK|POSSIBLE_AI_MEDIA|REAL_MEDIA_REQUIRED|TEXT_MEDIA_MISMATCH|UNVERIFIED_ASSET_MEDIA|WRONG_SUBJECT,IA generada (Magnific / Seedream) - CONFIRMADO,en|es|ar|zh
real-estate/commercial-hospitality/ch-resort-development/index.html,cs_page_header [data-src-bg],assets/img/xaru/gen2/04_resort_dev.jpg,background,1920x1080,515,"Commercial & Hospitality Beach Resort, Development Stage Home Commercial & Hospitality Beach Resort, Development Stage","Beach Resort, Development Stage","Palapas de techo de palma con piscina frente a playa y andamiaje de bambu. Lectura: resort boutique construido/en obra, sin identidad de proyecto.",0,crítico,"OK (1920x1080, 515 KB)",56,10,sí,Reportaje fotografico del activo real + autorizacion del titular (property release) + ficha de procedencia,no,sí,RETIRAR el medio actual y sustituir por material fotografico/documental autentico del activo (o retirar la ficha hasta disponer de el).,DECORATIVE_MEDIA_OVERUSE|DUPLICATED_MEDIA|PERFORMANCE_RISK|POOR_MOBILE_CROP|POSSIBLE_AI_MEDIA|REAL_MEDIA_REQUIRED|TEXT_MEDIA_MISMATCH|UNVERIFIED_ASSET_MEDIA|WRONG_SUBJECT,IA generada (Magnific / Seedream) - CONFIRMADO,en|es|ar|zh
real-estate/commercial-hospitality/ch-resort-development/index.html,cs_page_header [style-bg],assets/img/xaru/gen2/04_resort_dev.jpg,background,1920x1080,515,"Commercial & Hospitality Beach Resort, Development Stage Home Commercial & Hospitality Beach Resort, Development Stage","Beach Resort, Development Stage","Palapas de techo de palma con piscina frente a playa y andamiaje de bambu. Lectura: resort boutique construido/en obra, sin identidad de proyecto.",0,crítico,"OK (1920x1080, 515 KB)",56,10,sí,Reportaje fotografico del activo real + autorizacion del titular (property release) + ficha de procedencia,no,sí,RETIRAR el medio actual y sustituir por material fotografico/documental autentico del activo (o retirar la ficha hasta disponer de el).,DECORATIVE_MEDIA_OVERUSE|DUPLICATED_MEDIA|PERFORMANCE_RISK|POOR_MOBILE_CROP|POSSIBLE_AI_MEDIA|REAL_MEDIA_REQUIRED|TEXT_MEDIA_MISMATCH|UNVERIFIED_ASSET_MEDIA|WRONG_SUBJECT,IA generada (Magnific / Seedream) - CONFIRMADO,en|es|ar|zh
real-estate/commercial-hospitality/index.html,cs_gray2_bg [style-bg],assets/img/xaru/gen2/05_hotel_project.jpg,background,1920x1080,502,Operational Operating Boutique Hotel Riviera Maya · Mexico 88 keys · Operational Price upon application View details,Operating Boutique Hotel,Hotel contemporaneo de piedra y vidrio sobre acantilado oceanico con terrazas y piscina. NO es un hotel urbano ni un edificio parado.,0,crítico,"OK (1920x1080, 502 KB)",116,18,sí,Reportaje fotografico del activo real + autorizacion del titular (property release) + ficha de procedencia,no,sí,RETIRAR el medio actual y sustituir por material fotografico/documental autentico del activo (o retirar la ficha hasta disponer de el).,DECORATIVE_MEDIA_OVERUSE|DUPLICATED_MEDIA|PERFORMANCE_RISK|POSSIBLE_AI_MEDIA|REAL_MEDIA_REQUIRED|TEXT_MEDIA_MISMATCH|UNVERIFIED_ASSET_MEDIA|WRONG_SUBJECT,IA generada (Magnific / Seedream) - CONFIRMADO,en|es|ar|zh
real-estate/commercial-hospitality/index.html,cs_gray2_bg [style-bg],assets/img/xaru/gen2/05_hotel_project.jpg,background,1920x1080,502,Halted / restructuring Seeking capital,Halted Hotel Project Seeking Capital,Hotel contemporaneo de piedra y vidrio sobre acantilado oceanico con terrazas y piscina. NO es un hotel urbano ni un edificio parado.,0,crítico,"OK (1920x1080, 502 KB)",116,18,sí,Reportaje fotografico del activo real + autorizacion del titular (property release) + ficha de procedencia,no,sí,RETIRAR el medio actual y sustituir por material fotografico/documental autentico del activo (o retirar la ficha hasta disponer de el).,DECORATIVE_MEDIA_OVERUSE|DUPLICATED_MEDIA|PERFORMANCE_RISK|POSSIBLE_AI_MEDIA|REAL_MEDIA_REQUIRED|TEXT_MEDIA_MISMATCH|UNVERIFIED_ASSET_MEDIA|WRONG_SUBJECT,IA generada (Magnific / Seedream) - CONFIRMADO,en|es|ar|zh
real-estate/commercial-hospitality/index.html,cs_gray2_bg [style-bg],assets/img/xaru/gen2/04_resort_dev.jpg,background,1920x1080,515,"Seeking operator Beach Resort, Development Stage Punta Cana · Dominican Republic 320 keys · Development Price upon application View details","Beach Resort, Development Stage","Palapas de techo de palma con piscina frente a playa y andamiaje de bambu. Lectura: resort boutique construido/en obra, sin identidad de proyecto.",0,crítico,"OK (1920x1080, 515 KB)",56,10,sí,Reportaje fotografico del activo real + autorizacion del titular (property release) + ficha de procedencia,no,sí,RETIRAR el medio actual y sustituir por material fotografico/documental autentico del activo (o retirar la ficha hasta disponer de el).,DECORATIVE_MEDIA_OVERUSE|DUPLICATED_MEDIA|PERFORMANCE_RISK|POSSIBLE_AI_MEDIA|REAL_MEDIA_REQUIRED|TEXT_MEDIA_MISMATCH|UNVERIFIED_ASSET_MEDIA|WRONG_SUBJECT,IA generada (Magnific / Seedream) - CONFIRMADO,en|es|ar|zh
real-estate/index.html,cs_gray2_bg [style-bg],assets/img/xaru/gen2/02_island_rd.jpg,background,1920x1080,414,"Exclusive mandate Private Island, Samaná Bay Samaná Bay · Dominican Republic Private island / beachfront Price upon application View details","Private Island, Samaná Bay","Islote tropical aereo con palmeras, arrecife turquesa y pequeno embarcadero. Generico caribeno; no corresponde a ninguna parcela titulada verificable.",0,crítico,"OK (1920x1080, 414 KB)",44,8,sí,Reportaje fotografico del activo real + autorizacion del titular (property release) + ficha de procedencia,no,sí,RETIRAR el medio actual y sustituir por material fotografico/documental autentico del activo (o retirar la ficha hasta disponer de el).,DECORATIVE_MEDIA_OVERUSE|DUPLICATED_MEDIA|PERFORMANCE_RISK|POSSIBLE_AI_MEDIA|REAL_MEDIA_REQUIRED|TEXT_MEDIA_MISMATCH|UNVERIFIED_ASSET_MEDIA|WRONG_SUBJECT,IA generada (Magnific / Seedream) - CONFIRMADO,en|es|ar|zh
real-estate/index.html,cs_gray2_bg [style-bg],assets/img/xaru/gen2/07_villa_dubai.jpg,background,900x506,91,"Available Signature Villa, Dubai Dubai · United Arab Emirates 7 bedrooms · Contemporary villa AED 95,000,000 View details","Signature Villa, Dubai",Villa contemporanea sobre arena blanca con skyline lejano tipo Dubai. Generica; no es una villa concreta de Palm Jumeirah.,0,crítico,Insuficiente para fondo a ancho completo (900x506),72,13,sí,Reportaje fotografico del activo real + autorizacion del titular (property release) + ficha de procedencia,no,sí,RETIRAR el medio actual y sustituir por material fotografico/documental autentico del activo (o retirar la ficha hasta disponer de el).,DECORATIVE_MEDIA_OVERUSE|DUPLICATED_MEDIA|LOW_RESOLUTION|POSSIBLE_AI_MEDIA|REAL_MEDIA_REQUIRED|TEXT_MEDIA_MISMATCH|UNVERIFIED_ASSET_MEDIA|WRONG_SUBJECT,IA generada (Magnific / Seedream) - CONFIRMADO,en|es|ar|zh
real-estate/index.html,cs_gray2_bg [style-bg],assets/img/xaru/gen2/08_penthouse_london.jpg,background,900x506,110,"Exclusive mandate Penthouse, Central London London · United Kingdom 4 bedrooms · Penthouse / branded residence Price upon application View details","Penthouse, Central London",Terraza con sofas y olivos frente a un skyline con puente tipo Tower Bridge. Exterior generico; no hay interior ni atico real.,0,crítico,Insuficiente para fondo a ancho completo (900x506),92,17,sí,Reportaje fotografico del activo real + autorizacion del titular (property release) + ficha de procedencia,no,sí,RETIRAR el medio actual y sustituir por material fotografico/documental autentico del activo (o retirar la ficha hasta disponer de el).,DECORATIVE_MEDIA_OVERUSE|DUPLICATED_MEDIA|LOW_RESOLUTION|POSSIBLE_AI_MEDIA|REAL_MEDIA_REQUIRED|TEXT_MEDIA_MISMATCH|UNVERIFIED_ASSET_MEDIA|WRONG_SUBJECT,IA generada (Magnific / Seedream) - CONFIRMADO,en|es|ar|zh
real-estate/index.html,cs_gray2_bg [style-bg],assets/img/xaru/gen2/09_villa_como.jpg,background,900x506,126,"Off-market Lakefront Estate, Lake Como Lake Como · Italy 8 bedrooms · Historic estate Price upon application View details","Lakefront Estate, Lake Como",Villa clasica lacustre con lancha de madera y montanas. Evoca Como; no corresponde a una finca concreta.,0,crítico,Insuficiente para fondo a ancho completo (900x506),108,19,sí,Reportaje fotografico del activo real + autorizacion del titular (property release) + ficha de procedencia,no,sí,RETIRAR el medio actual y sustituir por material fotografico/documental autentico del activo (o retirar la ficha hasta disponer de el).,DECORATIVE_MEDIA_OVERUSE|DUPLICATED_MEDIA|LOW_RESOLUTION|POSSIBLE_AI_MEDIA|REAL_MEDIA_REQUIRED|TEXT_MEDIA_MISMATCH|UNVERIFIED_ASSET_MEDIA|WRONG_SUBJECT,IA generada (Magnific / Seedream) - CONFIRMADO,en|es|ar|zh
real-estate/index.html,cs_gray2_bg [style-bg],assets/img/xaru/gen2/10_casa_tulum.jpg,background,900x506,167,"Available Beachfront Residence, Tulum Tulum · Mexico 5 bedrooms · Contemporary beachfront USD 6,900,000 View details","Beachfront Residence, Tulum","Casa pequena de hormigon y madera en selva densa. Sin playa, sin frente de mar, sin identidad de propiedad.",0,crítico,Insuficiente para fondo a ancho completo (900x506),144,28,sí,Reportaje fotografico del activo real + autorizacion del titular (property release) + ficha de procedencia,no,sí,RETIRAR el medio actual y sustituir por material fotografico/documental autentico del activo (o retirar la ficha hasta disponer de el).,DECORATIVE_MEDIA_OVERUSE|DUPLICATED_MEDIA|LOW_RESOLUTION|POSSIBLE_AI_MEDIA|REAL_MEDIA_REQUIRED|TEXT_MEDIA_MISMATCH|UNVERIFIED_ASSET_MEDIA|WRONG_SUBJECT,IA generada (Magnific / Seedream) - CONFIRMADO,en|es|ar|zh
real-estate/index.html,cs_gray2_bg [style-bg],assets/img/xaru/gen2/11_villa_marbella.jpg,background,900x506,92,"Under negotiation Villa, Marbella Golden Mile Marbella · Spain 6 bedrooms · Mediterranean villa EUR 18,500,000 View details","Villa, Marbella Golden Mile",Villa blanca moderna con piscina infinita sobre el mar. Generica mediterranea; no es Sierra Blanca ni la Milla de Oro.,0,crítico,Insuficiente para fondo a ancho completo (900x506),44,8,sí,Reportaje fotografico del activo real + autorizacion del titular (property release) + ficha de procedencia,no,sí,RETIRAR el medio actual y sustituir por material fotografico/documental autentico del activo (o retirar la ficha hasta disponer de el).,DECORATIVE_MEDIA_OVERUSE|DUPLICATED_MEDIA|LOW_RESOLUTION|POSSIBLE_AI_MEDIA|REAL_MEDIA_REQUIRED|TEXT_MEDIA_MISMATCH|UNVERIFIED_ASSET_MEDIA|WRONG_SUBJECT,IA generada (Magnific / Seedream) - CONFIRMADO,en|es|ar|zh
real-estate/private-properties/index.html,(root) [style-bg],assets/img/xaru/gen2/02_island_rd.jpg,background,1920x1080,414,"Exclusive mandate Private Island, Samaná Bay Samaná Bay · Dominican Republic Private island / beachfront Price upon application View details","Private Island, Samaná Bay","Islote tropical aereo con palmeras, arrecife turquesa y pequeno embarcadero. Generico caribeno; no corresponde a ninguna parcela titulada verificable.",0,crítico,"OK (1920x1080, 414 KB)",44,8,sí,Reportaje fotografico del activo real + autorizacion del titular (property release) + ficha de procedencia,no,sí,RETIRAR el medio actual y sustituir por material fotografico/documental autentico del activo (o retirar la ficha hasta disponer de el).,DECORATIVE_MEDIA_OVERUSE|DUPLICATED_MEDIA|PERFORMANCE_RISK|POSSIBLE_AI_MEDIA|REAL_MEDIA_REQUIRED|TEXT_MEDIA_MISMATCH|UNVERIFIED_ASSET_MEDIA|WRONG_SUBJECT,IA generada (Magnific / Seedream) - CONFIRMADO,en|es|ar|zh
real-estate/private-properties/index.html,(root) [style-bg],assets/img/xaru/gen2/07_villa_dubai.jpg,background,900x506,91,"Available Signature Villa, Dubai Dubai · United Arab Emirates 7 bedrooms · Contemporary villa AED 95,000,000 View details","Signature Villa, Dubai",Villa contemporanea sobre arena blanca con skyline lejano tipo Dubai. Generica; no es una villa concreta de Palm Jumeirah.,0,crítico,Insuficiente para fondo a ancho completo (900x506),72,13,sí,Reportaje fotografico del activo real + autorizacion del titular (property release) + ficha de procedencia,no,sí,RETIRAR el medio actual y sustituir por material fotografico/documental autentico del activo (o retirar la ficha hasta disponer de el).,DECORATIVE_MEDIA_OVERUSE|DUPLICATED_MEDIA|LOW_RESOLUTION|POSSIBLE_AI_MEDIA|REAL_MEDIA_REQUIRED|TEXT_MEDIA_MISMATCH|UNVERIFIED_ASSET_MEDIA|WRONG_SUBJECT,IA generada (Magnific / Seedream) - CONFIRMADO,en|es|ar|zh
real-estate/private-properties/index.html,(root) [style-bg],assets/img/xaru/gen2/08_penthouse_london.jpg,background,900x506,110,"Exclusive mandate Penthouse, Central London London · United Kingdom 4 bedrooms · Penthouse / branded residence Price upon application View details","Penthouse, Central London",Terraza con sofas y olivos frente a un skyline con puente tipo Tower Bridge. Exterior generico; no hay interior ni atico real.,0,crítico,Insuficiente para fondo a ancho completo (900x506),92,17,sí,Reportaje fotografico del activo real + autorizacion del titular (property release) + ficha de procedencia,no,sí,RETIRAR el medio actual y sustituir por material fotografico/documental autentico del activo (o retirar la ficha hasta disponer de el).,DECORATIVE_MEDIA_OVERUSE|DUPLICATED_MEDIA|LOW_RESOLUTION|POSSIBLE_AI_MEDIA|REAL_MEDIA_REQUIRED|TEXT_MEDIA_MISMATCH|UNVERIFIED_ASSET_MEDIA|WRONG_SUBJECT,IA generada (Magnific / Seedream) - CONFIRMADO,en|es|ar|zh
real-estate/private-properties/index.html,(root) [style-bg],assets/img/xaru/gen2/09_villa_como.jpg,background,900x506,126,"Off-market Lakefront Estate, Lake Como Lake Como · Italy 8 bedrooms · Historic estate Price upon application View details","Lakefront Estate, Lake Como",Villa clasica lacustre con lancha de madera y montanas. Evoca Como; no corresponde a una finca concreta.,0,crítico,Insuficiente para fondo a ancho completo (900x506),108,19,sí,Reportaje fotografico del activo real + autorizacion del titular (property release) + ficha de procedencia,no,sí,RETIRAR el medio actual y sustituir por material fotografico/documental autentico del activo (o retirar la ficha hasta disponer de el).,DECORATIVE_MEDIA_OVERUSE|DUPLICATED_MEDIA|LOW_RESOLUTION|POSSIBLE_AI_MEDIA|REAL_MEDIA_REQUIRED|TEXT_MEDIA_MISMATCH|UNVERIFIED_ASSET_MEDIA|WRONG_SUBJECT,IA generada (Magnific / Seedream) - CONFIRMADO,en|es|ar|zh
real-estate/private-properties/index.html,(root) [style-bg],assets/img/xaru/gen2/10_casa_tulum.jpg,background,900x506,167,"Available Beachfront Residence, Tulum Tulum · Mexico 5 bedrooms · Contemporary beachfront USD 6,900,000 View details","Beachfront Residence, Tulum","Casa pequena de hormigon y madera en selva densa. Sin playa, sin frente de mar, sin identidad de propiedad.",0,crítico,Insuficiente para fondo a ancho completo (900x506),144,28,sí,Reportaje fotografico del activo real + autorizacion del titular (property release) + ficha de procedencia,no,sí,RETIRAR el medio actual y sustituir por material fotografico/documental autentico del activo (o retirar la ficha hasta disponer de el).,DECORATIVE_MEDIA_OVERUSE|DUPLICATED_MEDIA|LOW_RESOLUTION|POSSIBLE_AI_MEDIA|REAL_MEDIA_REQUIRED|TEXT_MEDIA_MISMATCH|UNVERIFIED_ASSET_MEDIA|WRONG_SUBJECT,IA generada (Magnific / Seedream) - CONFIRMADO,en|es|ar|zh
real-estate/private-properties/index.html,(root) [style-bg],assets/img/xaru/gen2/11_villa_marbella.jpg,background,900x506,92,"Under negotiation Villa, Marbella Golden Mile Marbella · Spain 6 bedrooms · Mediterranean villa EUR 18,500,000 View details","Villa, Marbella Golden Mile",Villa blanca moderna con piscina infinita sobre el mar. Generica mediterranea; no es Sierra Blanca ni la Milla de Oro.,0,crítico,Insuficiente para fondo a ancho completo (900x506),44,8,sí,Reportaje fotografico del activo real + autorizacion del titular (property release) + ficha de procedencia,no,sí,RETIRAR el medio actual y sustituir por material fotografico/documental autentico del activo (o retirar la ficha hasta disponer de el).,DECORATIVE_MEDIA_OVERUSE|DUPLICATED_MEDIA|LOW_RESOLUTION|POSSIBLE_AI_MEDIA|REAL_MEDIA_REQUIRED|TEXT_MEDIA_MISMATCH|UNVERIFIED_ASSET_MEDIA|WRONG_SUBJECT,IA generada (Magnific / Seedream) - CONFIRMADO,en|es|ar|zh
real-estate/private-properties/pp-casa-tulum/index.html,(root) [style-bg],assets/img/xaru/gen2/10_casa_tulum.jpg,background,900x506,167,"Available Tulum · Mexico Beachfront Residence, Tulum USD 6,900,000 Key facts Status Available Location Tulum · Mexico Price USD 6,900,000 Bedrooms 5 Bathrooms 6 Built area 620 m² Plot area 1,800 m² Style Contemporary bea","Beachfront Residence, Tulum","Casa pequena de hormigon y madera en selva densa. Sin playa, sin frente de mar, sin identidad de propiedad.",0,crítico,Insuficiente para fondo a ancho completo (900x506),144,28,sí,Reportaje fotografico del activo real + autorizacion del titular (property release) + ficha de procedencia,no,sí,RETIRAR el medio actual y sustituir por material fotografico/documental autentico del activo (o retirar la ficha hasta disponer de el).,DECORATIVE_MEDIA_OVERUSE|DUPLICATED_MEDIA|LOW_RESOLUTION|POSSIBLE_AI_MEDIA|REAL_MEDIA_REQUIRED|TEXT_MEDIA_MISMATCH|UNVERIFIED_ASSET_MEDIA|WRONG_SUBJECT,IA generada (Magnific / Seedream) - CONFIRMADO,en|es|ar|zh
real-estate/private-properties/pp-casa-tulum/index.html,cs_page_header [data-src-bg],assets/img/xaru/gen2/10_casa_tulum.jpg,background,900x506,167,"Private Properties Beachfront Residence, Tulum Home Private Properties Beachfront Residence, Tulum","Beachfront Residence, Tulum","Casa pequena de hormigon y madera en selva densa. Sin playa, sin frente de mar, sin identidad de propiedad.",0,crítico,Insuficiente para fondo a ancho completo (900x506),144,28,sí,Reportaje fotografico del activo real + autorizacion del titular (property release) + ficha de procedencia,no,sí,RETIRAR el medio actual y sustituir por material fotografico/documental autentico del activo (o retirar la ficha hasta disponer de el).,DECORATIVE_MEDIA_OVERUSE|DUPLICATED_MEDIA|LOW_RESOLUTION|POOR_MOBILE_CROP|POSSIBLE_AI_MEDIA|REAL_MEDIA_REQUIRED|TEXT_MEDIA_MISMATCH|UNVERIFIED_ASSET_MEDIA|WRONG_SUBJECT,IA generada (Magnific / Seedream) - CONFIRMADO,en|es|ar|zh
real-estate/private-properties/pp-casa-tulum/index.html,cs_page_header [style-bg],assets/img/xaru/gen2/10_casa_tulum.jpg,background,900x506,167,"Private Properties Beachfront Residence, Tulum Home Private Properties Beachfront Residence, Tulum","Beachfront Residence, Tulum","Casa pequena de hormigon y madera en selva densa. Sin playa, sin frente de mar, sin identidad de propiedad.",0,crítico,Insuficiente para fondo a ancho completo (900x506),144,28,sí,Reportaje fotografico del activo real + autorizacion del titular (property release) + ficha de procedencia,no,sí,RETIRAR el medio actual y sustituir por material fotografico/documental autentico del activo (o retirar la ficha hasta disponer de el).,DECORATIVE_MEDIA_OVERUSE|DUPLICATED_MEDIA|LOW_RESOLUTION|POOR_MOBILE_CROP|POSSIBLE_AI_MEDIA|REAL_MEDIA_REQUIRED|TEXT_MEDIA_MISMATCH|UNVERIFIED_ASSET_MEDIA|WRONG_SUBJECT,IA generada (Magnific / Seedream) - CONFIRMADO,en|es|ar|zh
real-estate/private-properties/pp-penthouse-london/index.html,(root) [style-bg],assets/img/xaru/gen2/08_penthouse_london.jpg,background,900x506,110,"Exclusive mandate London · United Kingdom Penthouse, Central London Price upon application Key facts Status Exclusive mandate Location London · United Kingdom Price Price upon application Bedrooms 4 Bathrooms 5 Built are","Penthouse, Central London",Terraza con sofas y olivos frente a un skyline con puente tipo Tower Bridge. Exterior generico; no hay interior ni atico real.,0,crítico,Insuficiente para fondo a ancho completo (900x506),92,17,sí,Reportaje fotografico del activo real + autorizacion del titular (property release) + ficha de procedencia,no,sí,RETIRAR el medio actual y sustituir por material fotografico/documental autentico del activo (o retirar la ficha hasta disponer de el).,DECORATIVE_MEDIA_OVERUSE|DUPLICATED_MEDIA|LOW_RESOLUTION|POSSIBLE_AI_MEDIA|REAL_MEDIA_REQUIRED|TEXT_MEDIA_MISMATCH|UNVERIFIED_ASSET_MEDIA|WRONG_SUBJECT,IA generada (Magnific / Seedream) - CONFIRMADO,en|es|ar|zh
real-estate/private-properties/pp-penthouse-london/index.html,cs_page_header [data-src-bg],assets/img/xaru/gen2/08_penthouse_london.jpg,background,900x506,110,"Private Properties Penthouse, Central London Home Private Properties Penthouse, Central London","Penthouse, Central London",Terraza con sofas y olivos frente a un skyline con puente tipo Tower Bridge. Exterior generico; no hay interior ni atico real.,0,crítico,Insuficiente para fondo a ancho completo (900x506),92,17,sí,Reportaje fotografico del activo real + autorizacion del titular (property release) + ficha de procedencia,no,sí,RETIRAR el medio actual y sustituir por material fotografico/documental autentico del activo (o retirar la ficha hasta disponer de el).,DECORATIVE_MEDIA_OVERUSE|DUPLICATED_MEDIA|LOW_RESOLUTION|POOR_MOBILE_CROP|POSSIBLE_AI_MEDIA|REAL_MEDIA_REQUIRED|TEXT_MEDIA_MISMATCH|UNVERIFIED_ASSET_MEDIA|WRONG_SUBJECT,IA generada (Magnific / Seedream) - CONFIRMADO,en|es|ar|zh
real-estate/private-properties/pp-penthouse-london/index.html,cs_page_header [style-bg],assets/img/xaru/gen2/08_penthouse_london.jpg,background,900x506,110,"Private Properties Penthouse, Central London Home Private Properties Penthouse, Central London","Penthouse, Central London",Terraza con sofas y olivos frente a un skyline con puente tipo Tower Bridge. Exterior generico; no hay interior ni atico real.,0,crítico,Insuficiente para fondo a ancho completo (900x506),92,17,sí,Reportaje fotografico del activo real + autorizacion del titular (property release) + ficha de procedencia,no,sí,RETIRAR el medio actual y sustituir por material fotografico/documental autentico del activo (o retirar la ficha hasta disponer de el).,DECORATIVE_MEDIA_OVERUSE|DUPLICATED_MEDIA|LOW_RESOLUTION|POOR_MOBILE_CROP|POSSIBLE_AI_MEDIA|REAL_MEDIA_REQUIRED|TEXT_MEDIA_MISMATCH|UNVERIFIED_ASSET_MEDIA|WRONG_SUBJECT,IA generada (Magnific / Seedream) - CONFIRMADO,en|es|ar|zh
real-estate/private-properties/pp-samana-island/index.html,(root) [style-bg],assets/img/xaru/gen2/02_island_rd.jpg,background,1920x1080,414,"Exclusive mandate Samaná Bay · Dominican Republic Private Island, Samaná Bay Price upon application Key facts Status Exclusive mandate Location Samaná Bay · Dominican Republic Price Price upon application Plot area 640,0","Private Island, Samaná Bay","Islote tropical aereo con palmeras, arrecife turquesa y pequeno embarcadero. Generico caribeno; no corresponde a ninguna parcela titulada verificable.",0,crítico,"OK (1920x1080, 414 KB)",44,8,sí,Reportaje fotografico del activo real + autorizacion del titular (property release) + ficha de procedencia,no,sí,RETIRAR el medio actual y sustituir por material fotografico/documental autentico del activo (o retirar la ficha hasta disponer de el).,DECORATIVE_MEDIA_OVERUSE|DUPLICATED_MEDIA|PERFORMANCE_RISK|POSSIBLE_AI_MEDIA|REAL_MEDIA_REQUIRED|TEXT_MEDIA_MISMATCH|UNVERIFIED_ASSET_MEDIA|WRONG_SUBJECT,IA generada (Magnific / Seedream) - CONFIRMADO,en|es|ar|zh
real-estate/private-properties/pp-samana-island/index.html,cs_page_header [data-src-bg],assets/img/xaru/gen2/02_island_rd.jpg,background,1920x1080,414,"Private Properties Private Island, Samaná Bay Home Private Properties Private Island, Samaná Bay","Private Island, Samaná Bay","Islote tropical aereo con palmeras, arrecife turquesa y pequeno embarcadero. Generico caribeno; no corresponde a ninguna parcela titulada verificable.",0,crítico,"OK (1920x1080, 414 KB)",44,8,sí,Reportaje fotografico del activo real + autorizacion del titular (property release) + ficha de procedencia,no,sí,RETIRAR el medio actual y sustituir por material fotografico/documental autentico del activo (o retirar la ficha hasta disponer de el).,DECORATIVE_MEDIA_OVERUSE|DUPLICATED_MEDIA|PERFORMANCE_RISK|POOR_MOBILE_CROP|POSSIBLE_AI_MEDIA|REAL_MEDIA_REQUIRED|TEXT_MEDIA_MISMATCH|UNVERIFIED_ASSET_MEDIA|WRONG_SUBJECT,IA generada (Magnific / Seedream) - CONFIRMADO,en|es|ar|zh
real-estate/private-properties/pp-samana-island/index.html,cs_page_header [style-bg],assets/img/xaru/gen2/02_island_rd.jpg,background,1920x1080,414,"Private Properties Private Island, Samaná Bay Home Private Properties Private Island, Samaná Bay","Private Island, Samaná Bay","Islote tropical aereo con palmeras, arrecife turquesa y pequeno embarcadero. Generico caribeno; no corresponde a ninguna parcela titulada verificable.",0,crítico,"OK (1920x1080, 414 KB)",44,8,sí,Reportaje fotografico del activo real + autorizacion del titular (property release) + ficha de procedencia,no,sí,RETIRAR el medio actual y sustituir por material fotografico/documental autentico del activo (o retirar la ficha hasta disponer de el).,DECORATIVE_MEDIA_OVERUSE|DUPLICATED_MEDIA|PERFORMANCE_RISK|POOR_MOBILE_CROP|POSSIBLE_AI_MEDIA|REAL_MEDIA_REQUIRED|TEXT_MEDIA_MISMATCH|UNVERIFIED_ASSET_MEDIA|WRONG_SUBJECT,IA generada (Magnific / Seedream) - CONFIRMADO,en|es|ar|zh
real-estate/private-properties/pp-villa-como/index.html,(root) [style-bg],assets/img/xaru/gen2/09_villa_como.jpg,background,900x506,126,"Off-market Lake Como · Italy Lakefront Estate, Lake Como Price upon application Key facts Status Off-market Location Lake Como · Italy Price Price upon application Bedrooms 8 Bathrooms 8 Built area 1,400 m² Plot area 12,","Lakefront Estate, Lake Como",Villa clasica lacustre con lancha de madera y montanas. Evoca Como; no corresponde a una finca concreta.,0,crítico,Insuficiente para fondo a ancho completo (900x506),108,19,sí,Reportaje fotografico del activo real + autorizacion del titular (property release) + ficha de procedencia,no,sí,RETIRAR el medio actual y sustituir por material fotografico/documental autentico del activo (o retirar la ficha hasta disponer de el).,DECORATIVE_MEDIA_OVERUSE|DUPLICATED_MEDIA|LOW_RESOLUTION|POSSIBLE_AI_MEDIA|REAL_MEDIA_REQUIRED|TEXT_MEDIA_MISMATCH|UNVERIFIED_ASSET_MEDIA|WRONG_SUBJECT,IA generada (Magnific / Seedream) - CONFIRMADO,en|es|ar|zh
real-estate/private-properties/pp-villa-como/index.html,cs_page_header [data-src-bg],assets/img/xaru/gen2/09_villa_como.jpg,background,900x506,126,"Private Properties Lakefront Estate, Lake Como Home Private Properties Lakefront Estate, Lake Como","Lakefront Estate, Lake Como",Villa clasica lacustre con lancha de madera y montanas. Evoca Como; no corresponde a una finca concreta.,0,crítico,Insuficiente para fondo a ancho completo (900x506),108,19,sí,Reportaje fotografico del activo real + autorizacion del titular (property release) + ficha de procedencia,no,sí,RETIRAR el medio actual y sustituir por material fotografico/documental autentico del activo (o retirar la ficha hasta disponer de el).,DECORATIVE_MEDIA_OVERUSE|DUPLICATED_MEDIA|LOW_RESOLUTION|POOR_MOBILE_CROP|POSSIBLE_AI_MEDIA|REAL_MEDIA_REQUIRED|TEXT_MEDIA_MISMATCH|UNVERIFIED_ASSET_MEDIA|WRONG_SUBJECT,IA generada (Magnific / Seedream) - CONFIRMADO,en|es|ar|zh
real-estate/private-properties/pp-villa-como/index.html,cs_page_header [style-bg],assets/img/xaru/gen2/09_villa_como.jpg,background,900x506,126,"Private Properties Lakefront Estate, Lake Como Home Private Properties Lakefront Estate, Lake Como","Lakefront Estate, Lake Como",Villa clasica lacustre con lancha de madera y montanas. Evoca Como; no corresponde a una finca concreta.,0,crítico,Insuficiente para fondo a ancho completo (900x506),108,19,sí,Reportaje fotografico del activo real + autorizacion del titular (property release) + ficha de procedencia,no,sí,RETIRAR el medio actual y sustituir por material fotografico/documental autentico del activo (o retirar la ficha hasta disponer de el).,DECORATIVE_MEDIA_OVERUSE|DUPLICATED_MEDIA|LOW_RESOLUTION|POOR_MOBILE_CROP|POSSIBLE_AI_MEDIA|REAL_MEDIA_REQUIRED|TEXT_MEDIA_MISMATCH|UNVERIFIED_ASSET_MEDIA|WRONG_SUBJECT,IA generada (Magnific / Seedream) - CONFIRMADO,en|es|ar|zh
real-estate/private-properties/pp-villa-dubai/index.html,(root) [style-bg],assets/img/xaru/gen2/07_villa_dubai.jpg,background,900x506,91,"Available Dubai · United Arab Emirates Signature Villa, Dubai AED 95,000,000 Key facts Status Available Location Dubai · United Arab Emirates Price AED 95,000,000 Bedrooms 7 Bathrooms 9 Built area 1,850 m² Plot area 3,20","Signature Villa, Dubai",Villa contemporanea sobre arena blanca con skyline lejano tipo Dubai. Generica; no es una villa concreta de Palm Jumeirah.,0,crítico,Insuficiente para fondo a ancho completo (900x506),72,13,sí,Reportaje fotografico del activo real + autorizacion del titular (property release) + ficha de procedencia,no,sí,RETIRAR el medio actual y sustituir por material fotografico/documental autentico del activo (o retirar la ficha hasta disponer de el).,DECORATIVE_MEDIA_OVERUSE|DUPLICATED_MEDIA|LOW_RESOLUTION|POSSIBLE_AI_MEDIA|REAL_MEDIA_REQUIRED|TEXT_MEDIA_MISMATCH|UNVERIFIED_ASSET_MEDIA|WRONG_SUBJECT,IA generada (Magnific / Seedream) - CONFIRMADO,en|es|ar|zh
real-estate/private-properties/pp-villa-dubai/index.html,cs_page_header [data-src-bg],assets/img/xaru/gen2/07_villa_dubai.jpg,background,900x506,91,"Private Properties Signature Villa, Dubai Home Private Properties Signature Villa, Dubai","Signature Villa, Dubai",Villa contemporanea sobre arena blanca con skyline lejano tipo Dubai. Generica; no es una villa concreta de Palm Jumeirah.,0,crítico,Insuficiente para fondo a ancho completo (900x506),72,13,sí,Reportaje fotografico del activo real + autorizacion del titular (property release) + ficha de procedencia,no,sí,RETIRAR el medio actual y sustituir por material fotografico/documental autentico del activo (o retirar la ficha hasta disponer de el).,DECORATIVE_MEDIA_OVERUSE|DUPLICATED_MEDIA|LOW_RESOLUTION|POOR_MOBILE_CROP|POSSIBLE_AI_MEDIA|REAL_MEDIA_REQUIRED|TEXT_MEDIA_MISMATCH|UNVERIFIED_ASSET_MEDIA|WRONG_SUBJECT,IA generada (Magnific / Seedream) - CONFIRMADO,en|es|ar|zh
real-estate/private-properties/pp-villa-dubai/index.html,cs_page_header [style-bg],assets/img/xaru/gen2/07_villa_dubai.jpg,background,900x506,91,"Private Properties Signature Villa, Dubai Home Private Properties Signature Villa, Dubai","Signature Villa, Dubai",Villa contemporanea sobre arena blanca con skyline lejano tipo Dubai. Generica; no es una villa concreta de Palm Jumeirah.,0,crítico,Insuficiente para fondo a ancho completo (900x506),72,13,sí,Reportaje fotografico del activo real + autorizacion del titular (property release) + ficha de procedencia,no,sí,RETIRAR el medio actual y sustituir por material fotografico/documental autentico del activo (o retirar la ficha hasta disponer de el).,DECORATIVE_MEDIA_OVERUSE|DUPLICATED_MEDIA|LOW_RESOLUTION|POOR_MOBILE_CROP|POSSIBLE_AI_MEDIA|REAL_MEDIA_REQUIRED|TEXT_MEDIA_MISMATCH|UNVERIFIED_ASSET_MEDIA|WRONG_SUBJECT,IA generada (Magnific / Seedream) - CONFIRMADO,en|es|ar|zh
real-estate/private-properties/pp-villa-marbella/index.html,(root) [style-bg],assets/img/xaru/gen2/11_villa_marbella.jpg,background,900x506,92,"Under negotiation Marbella · Spain Villa, Marbella Golden Mile EUR 18,500,000 Key facts Status Under negotiation Location Marbella · Spain Price EUR 18,500,000 Bedrooms 6 Bathrooms 7 Built area 980 m² Plot area 2,400 m² ","Villa, Marbella Golden Mile",Villa blanca moderna con piscina infinita sobre el mar. Generica mediterranea; no es Sierra Blanca ni la Milla de Oro.,0,crítico,Insuficiente para fondo a ancho completo (900x506),44,8,sí,Reportaje fotografico del activo real + autorizacion del titular (property release) + ficha de procedencia,no,sí,RETIRAR el medio actual y sustituir por material fotografico/documental autentico del activo (o retirar la ficha hasta disponer de el).,DECORATIVE_MEDIA_OVERUSE|DUPLICATED_MEDIA|LOW_RESOLUTION|POSSIBLE_AI_MEDIA|REAL_MEDIA_REQUIRED|TEXT_MEDIA_MISMATCH|UNVERIFIED_ASSET_MEDIA|WRONG_SUBJECT,IA generada (Magnific / Seedream) - CONFIRMADO,en|es|ar|zh
real-estate/private-properties/pp-villa-marbella/index.html,cs_page_header [data-src-bg],assets/img/xaru/gen2/11_villa_marbella.jpg,background,900x506,92,"Private Properties Villa, Marbella Golden Mile Home Private Properties Villa, Marbella Golden Mile","Villa, Marbella Golden Mile",Villa blanca moderna con piscina infinita sobre el mar. Generica mediterranea; no es Sierra Blanca ni la Milla de Oro.,0,crítico,Insuficiente para fondo a ancho completo (900x506),44,8,sí,Reportaje fotografico del activo real + autorizacion del titular (property release) + ficha de procedencia,no,sí,RETIRAR el medio actual y sustituir por material fotografico/documental autentico del activo (o retirar la ficha hasta disponer de el).,DECORATIVE_MEDIA_OVERUSE|DUPLICATED_MEDIA|LOW_RESOLUTION|POOR_MOBILE_CROP|POSSIBLE_AI_MEDIA|REAL_MEDIA_REQUIRED|TEXT_MEDIA_MISMATCH|UNVERIFIED_ASSET_MEDIA|WRONG_SUBJECT,IA generada (Magnific / Seedream) - CONFIRMADO,en|es|ar|zh
real-estate/private-properties/pp-villa-marbella/index.html,cs_page_header [style-bg],assets/img/xaru/gen2/11_villa_marbella.jpg,background,900x506,92,"Private Properties Villa, Marbella Golden Mile Home Private Properties Villa, Marbella Golden Mile","Villa, Marbella Golden Mile",Villa blanca moderna con piscina infinita sobre el mar. Generica mediterranea; no es Sierra Blanca ni la Milla de Oro.,0,crítico,Insuficiente para fondo a ancho completo (900x506),44,8,sí,Reportaje fotografico del activo real + autorizacion del titular (property release) + ficha de procedencia,no,sí,RETIRAR el medio actual y sustituir por material fotografico/documental autentico del activo (o retirar la ficha hasta disponer de el).,DECORATIVE_MEDIA_OVERUSE|DUPLICATED_MEDIA|LOW_RESOLUTION|POOR_MOBILE_CROP|POSSIBLE_AI_MEDIA|REAL_MEDIA_REQUIRED|TEXT_MEDIA_MISMATCH|UNVERIFIED_ASSET_MEDIA|WRONG_SUBJECT,IA generada (Magnific / Seedream) - CONFIRMADO,en|es|ar|zh
single-property-v1.html,(root) [img],assets/img/apartment-7.jpg,image,504x375,54,01 Apartment Bed Rooms 03 Bath Rooms 03 Total Area 1500 Sqft Kitchen 02 Price $9500000 Download Brochure,Apartment,Interior de apartamento de stock 504x375.,1,crítico,Baja resolucion para retina (504x375),4,1,sí,Reportaje fotografico del activo real + autorizacion del titular (property release) + ficha de procedencia,no,sí,RETIRAR el medio actual y sustituir por material fotografico/documental autentico del activo (o retirar la ficha hasta disponer de el).,GENERIC_STOCK|LICENSE_NOT_DOCUMENTED|LOW_RESOLUTION|REAL_MEDIA_REQUIRED|TEXT_MEDIA_MISMATCH|WRONG_SUBJECT,Stock de plantilla comercial Xproperty - procedencia no documentada,en|es|ar|zh
single-property-v1.html,(root) [img],assets/img/apartment-8.jpg,image,504x375,69,02 Duplex Bed Rooms 05 Bath Rooms 04 Total Area 1500 Sqft Kitchen 02 Price $9700000 Download Brochure,Duplex,Interior de apartamento de stock 504x375.,1,crítico,Baja resolucion para retina (504x375),4,1,sí,Reportaje fotografico del activo real + autorizacion del titular (property release) + ficha de procedencia,no,sí,RETIRAR el medio actual y sustituir por material fotografico/documental autentico del activo (o retirar la ficha hasta disponer de el).,GENERIC_STOCK|LICENSE_NOT_DOCUMENTED|LOW_RESOLUTION|REAL_MEDIA_REQUIRED|TEXT_MEDIA_MISMATCH|WRONG_SUBJECT,Stock de plantilla comercial Xproperty - procedencia no documentada,en|es|ar|zh
single-property-v1.html,(root) [img],assets/img/apartment-9.jpg,image,504x375,69,03 Penthouse Bed Rooms 03 Bath Rooms 03 Total Area 1300 Sqft Kitchen 02 Price $9800000 Download Brochure,Penthouse,Interior de apartamento de stock 504x375.,1,crítico,Baja resolucion para retina (504x375),4,1,sí,Reportaje fotografico del activo real + autorizacion del titular (property release) + ficha de procedencia,no,sí,RETIRAR el medio actual y sustituir por material fotografico/documental autentico del activo (o retirar la ficha hasta disponer de el).,GENERIC_STOCK|LICENSE_NOT_DOCUMENTED|LOW_RESOLUTION|REAL_MEDIA_REQUIRED|TEXT_MEDIA_MISMATCH|WRONG_SUBJECT,Stock de plantilla comercial Xproperty - procedencia no documentada,en|es|ar|zh
single-property-v1.html,(root) [img],assets/img/apartment-10.jpg,image,504x375,66,04 Bungalow Bed Rooms 03 Bath Rooms 03 Total Area 1300 Sqft Kitchen 02 Price $9900000 Download Brochure,Bungalow,Interior de apartamento de stock 504x375.,1,crítico,Baja resolucion para retina (504x375),4,1,sí,Reportaje fotografico del activo real + autorizacion del titular (property release) + ficha de procedencia,no,sí,RETIRAR el medio actual y sustituir por material fotografico/documental autentico del activo (o retirar la ficha hasta disponer de el).,GENERIC_STOCK|LICENSE_NOT_DOCUMENTED|LOW_RESOLUTION|REAL_MEDIA_REQUIRED|TEXT_MEDIA_MISMATCH|WRONG_SUBJECT,Stock de plantilla comercial Xproperty - procedencia no documentada,en|es|ar|zh
single-property-v1.html,cs_gray_bg [img],assets/img/plan.svg,svg,n/a,172,Floor No 02 Bed Rooms 04 Bath Rooms 03 Total Area 1500 Sqft Total Apartment 03 Parking 01 Terrace Area 160 Sqft Price Approx $980000,Discover Our Thoughtfully Designed Floor Plans,Diagrama de plano vectorial de la plantilla.,1,crítico,n/a,4,1,sí,Reportaje fotografico del activo real + autorizacion del titular (property release) + ficha de procedencia,no,sí,RETIRAR el medio actual y sustituir por material fotografico/documental autentico del activo (o retirar la ficha hasta disponer de el).,GENERIC_STOCK|LICENSE_NOT_DOCUMENTED|REAL_MEDIA_REQUIRED|TEXT_MEDIA_MISMATCH|WRONG_SUBJECT,Stock de plantilla comercial Xproperty - procedencia no documentada,en|es|ar|zh
about-us.html,(head) [meta:og:image],assets/img/xaru/og-cover.jpg,meta-card,1200x630,143,,(bloque sin titulo),Tarjeta social 1200x630 compuesta sobre una de las imagenes IA. Hereda la no conformidad del original.,1,alto,"OK (1200x630, 143 KB)",96,12,sí,Tarjeta OG de marca sin fotografia IA,no,no,Rehacer la tarjeta social sobre fondo tipografico/marca o sobre fotografia documental con licencia.,DECORATIVE_MEDIA_OVERUSE|DUPLICATED_MEDIA|POSSIBLE_AI_MEDIA|UNVERIFIED_ASSET_MEDIA,Composicion sobre imagen IA (Magnific/Seedream) + marca XARU,en|es|ar|zh
about-us.html,(head) [meta:twitter:image],assets/img/xaru/og-cover.jpg,meta-card,1200x630,143,,(bloque sin titulo),Tarjeta social 1200x630 compuesta sobre una de las imagenes IA. Hereda la no conformidad del original.,1,alto,"OK (1200x630, 143 KB)",96,12,sí,Tarjeta OG de marca sin fotografia IA,no,no,Rehacer la tarjeta social sobre fondo tipografico/marca o sobre fotografia documental con licencia.,DECORATIVE_MEDIA_OVERUSE|DUPLICATED_MEDIA|POSSIBLE_AI_MEDIA|UNVERIFIED_ASSET_MEDIA,Composicion sobre imagen IA (Magnific/Seedream) + marca XARU,en|es|ar|zh
about-us.html,cs_gray2_bg position-relative [empty-section],(ninguno),missing,n/a,0,"Seccion de 940 px de alto sin ninguna imagen, video ni fondo. Alturas por viewport: 1440x900=940px, 1920x1080=940px, 390x844=1735px, 768x1024=1098px",Bloque narrativo 'cs_gray2_bg position-relative' sin ningun soporte visual,Nada. Campo visual vacio.,0,alto,n/a,0,0,sí,"Fotografia documental propia de XARU (oficinas, equipo, obra, documentacion corporativa)",no,sí,"Aportar material real de XARU: es la zona natural donde debe entrar la documentacion autentica, no mas stock decorativo.",MISSING_MEDIA|REAL_MEDIA_REQUIRED,N/A - ausencia de medio,en|es|ar|zh
agents-list.html,(head) [meta:og:image],assets/img/xaru/og-cover.jpg,meta-card,1200x630,143,,(bloque sin titulo),Tarjeta social 1200x630 compuesta sobre una de las imagenes IA. Hereda la no conformidad del original.,1,alto,"OK (1200x630, 143 KB)",96,12,sí,Tarjeta OG de marca sin fotografia IA,no,no,Rehacer la tarjeta social sobre fondo tipografico/marca o sobre fotografia documental con licencia.,DECORATIVE_MEDIA_OVERUSE|DUPLICATED_MEDIA|POSSIBLE_AI_MEDIA|UNVERIFIED_ASSET_MEDIA,Composicion sobre imagen IA (Magnific/Seedream) + marca XARU,en|es|ar|zh
agents-list.html,(head) [meta:twitter:image],assets/img/xaru/og-cover.jpg,meta-card,1200x630,143,,(bloque sin titulo),Tarjeta social 1200x630 compuesta sobre una de las imagenes IA. Hereda la no conformidad del original.,1,alto,"OK (1200x630, 143 KB)",96,12,sí,Tarjeta OG de marca sin fotografia IA,no,no,Rehacer la tarjeta social sobre fondo tipografico/marca o sobre fotografia documental con licencia.,DECORATIVE_MEDIA_OVERUSE|DUPLICATED_MEDIA|POSSIBLE_AI_MEDIA|UNVERIFIED_ASSET_MEDIA,Composicion sobre imagen IA (Magnific/Seedream) + marca XARU,en|es|ar|zh
blog-details.html,(head) [meta:og:image],assets/img/xaru/og-cover.jpg,meta-card,1200x630,143,,(bloque sin titulo),Tarjeta social 1200x630 compuesta sobre una de las imagenes IA. Hereda la no conformidad del original.,1,alto,"OK (1200x630, 143 KB)",96,12,sí,Tarjeta OG de marca sin fotografia IA,no,no,Rehacer la tarjeta social sobre fondo tipografico/marca o sobre fotografia documental con licencia.,DECORATIVE_MEDIA_OVERUSE|DUPLICATED_MEDIA|POSSIBLE_AI_MEDIA|UNVERIFIED_ASSET_MEDIA,Composicion sobre imagen IA (Magnific/Seedream) + marca XARU,en|es|ar|zh
blog-details.html,(head) [meta:twitter:image],assets/img/xaru/og-cover.jpg,meta-card,1200x630,143,,(bloque sin titulo),Tarjeta social 1200x630 compuesta sobre una de las imagenes IA. Hereda la no conformidad del original.,1,alto,"OK (1200x630, 143 KB)",96,12,sí,Tarjeta OG de marca sin fotografia IA,no,no,Rehacer la tarjeta social sobre fondo tipografico/marca o sobre fotografia documental con licencia.,DECORATIVE_MEDIA_OVERUSE|DUPLICATED_MEDIA|POSSIBLE_AI_MEDIA|UNVERIFIED_ASSET_MEDIA,Composicion sobre imagen IA (Magnific/Seedream) + marca XARU,en|es|ar|zh
blog.html,(head) [meta:og:image],assets/img/xaru/og-cover.jpg,meta-card,1200x630,143,,(bloque sin titulo),Tarjeta social 1200x630 compuesta sobre una de las imagenes IA. Hereda la no conformidad del original.,1,alto,"OK (1200x630, 143 KB)",96,12,sí,Tarjeta OG de marca sin fotografia IA,no,no,Rehacer la tarjeta social sobre fondo tipografico/marca o sobre fotografia documental con licencia.,DECORATIVE_MEDIA_OVERUSE|DUPLICATED_MEDIA|POSSIBLE_AI_MEDIA|UNVERIFIED_ASSET_MEDIA,Composicion sobre imagen IA (Magnific/Seedream) + marca XARU,en|es|ar|zh
blog.html,(head) [meta:twitter:image],assets/img/xaru/og-cover.jpg,meta-card,1200x630,143,,(bloque sin titulo),Tarjeta social 1200x630 compuesta sobre una de las imagenes IA. Hereda la no conformidad del original.,1,alto,"OK (1200x630, 143 KB)",96,12,sí,Tarjeta OG de marca sin fotografia IA,no,no,Rehacer la tarjeta social sobre fondo tipografico/marca o sobre fotografia documental con licencia.,DECORATIVE_MEDIA_OVERUSE|DUPLICATED_MEDIA|POSSIBLE_AI_MEDIA|UNVERIFIED_ASSET_MEDIA,Composicion sobre imagen IA (Magnific/Seedream) + marca XARU,en|es|ar|zh
business-infrastructure/corporate-services/index.html,(head) [meta:og:image],assets/img/xaru/gen2/08_penthouse_london.jpg,meta-card,900x506,110,,(bloque sin titulo),Terraza con sofas y olivos frente a un skyline con puente tipo Tower Bridge. Exterior generico; no hay interior ni atico real.,1,alto,"OK (900x506, 110 KB)",92,17,sí,Banco de stock con licencia trazable o produccion propia,no,no,RETIRAR imagen IA. Sustituir por fotografia documental con licencia o por composicion tipografica/color sin fotografia.,DECORATIVE_MEDIA_OVERUSE|DUPLICATED_MEDIA|POSSIBLE_AI_MEDIA|UNVERIFIED_ASSET_MEDIA,IA generada (Magnific / Seedream) - CONFIRMADO,en|es|ar|zh
business-infrastructure/corporate-services/index.html,(head) [meta:twitter:image],assets/img/xaru/gen2/08_penthouse_london.jpg,meta-card,900x506,110,,(bloque sin titulo),Terraza con sofas y olivos frente a un skyline con puente tipo Tower Bridge. Exterior generico; no hay interior ni atico real.,1,alto,"OK (900x506, 110 KB)",92,17,sí,Banco de stock con licencia trazable o produccion propia,no,no,RETIRAR imagen IA. Sustituir por fotografia documental con licencia o por composicion tipografica/color sin fotografia.,DECORATIVE_MEDIA_OVERUSE|DUPLICATED_MEDIA|POSSIBLE_AI_MEDIA|UNVERIFIED_ASSET_MEDIA,IA generada (Magnific / Seedream) - CONFIRMADO,en|es|ar|zh
business-infrastructure/corporate-services/index.html,cs_page_header [data-src-bg],assets/img/xaru/gen2/08_penthouse_london.jpg,background,900x506,110,Business Infrastructure Corporate Services & Relocation Home Business Infrastructure Corporate Services & Relocation,Corporate Services & Relocation,Terraza con sofas y olivos frente a un skyline con puente tipo Tower Bridge. Exterior generico; no hay interior ni atico real.,1,alto,Insuficiente para fondo a ancho completo (900x506),92,17,sí,Banco de stock con licencia trazable o produccion propia,no,no,RETIRAR imagen IA. Sustituir por fotografia documental con licencia o por composicion tipografica/color sin fotografia.,DECORATIVE_MEDIA_OVERUSE|DUPLICATED_MEDIA|LOW_RESOLUTION|POOR_MOBILE_CROP|POSSIBLE_AI_MEDIA|UNVERIFIED_ASSET_MEDIA,IA generada (Magnific / Seedream) - CONFIRMADO,en|es|ar|zh
business-infrastructure/index.html,(head) [meta:og:image],assets/img/xaru/gen2/05_hotel_project.jpg,meta-card,1920x1080,502,,(bloque sin titulo),Hotel contemporaneo de piedra y vidrio sobre acantilado oceanico con terrazas y piscina. NO es un hotel urbano ni un edificio parado.,1,alto,"OK (1920x1080, 502 KB)",116,18,sí,Banco de stock con licencia trazable o produccion propia,no,no,RETIRAR imagen IA. Sustituir por fotografia documental con licencia o por composicion tipografica/color sin fotografia.,DECORATIVE_MEDIA_OVERUSE|DUPLICATED_MEDIA|PERFORMANCE_RISK|POSSIBLE_AI_MEDIA|UNVERIFIED_ASSET_MEDIA,IA generada (Magnific / Seedream) - CONFIRMADO,en|es|ar|zh
business-infrastructure/index.html,(head) [meta:twitter:image],assets/img/xaru/gen2/05_hotel_project.jpg,meta-card,1920x1080,502,,(bloque sin titulo),Hotel contemporaneo de piedra y vidrio sobre acantilado oceanico con terrazas y piscina. NO es un hotel urbano ni un edificio parado.,1,alto,"OK (1920x1080, 502 KB)",116,18,sí,Banco de stock con licencia trazable o produccion propia,no,no,RETIRAR imagen IA. Sustituir por fotografia documental con licencia o por composicion tipografica/color sin fotografia.,DECORATIVE_MEDIA_OVERUSE|DUPLICATED_MEDIA|PERFORMANCE_RISK|POSSIBLE_AI_MEDIA|UNVERIFIED_ASSET_MEDIA,IA generada (Magnific / Seedream) - CONFIRMADO,en|es|ar|zh
business-infrastructure/index.html,cs_page_header [data-src-bg],assets/img/xaru/gen2/05_hotel_project.jpg,background,1920x1080,502,Business Infrastructure Business Infrastructure Home Business Infrastructure,Business Infrastructure,Hotel contemporaneo de piedra y vidrio sobre acantilado oceanico con terrazas y piscina. NO es un hotel urbano ni un edificio parado.,1,alto,"OK (1920x1080, 502 KB)",116,18,sí,Banco de stock con licencia trazable o produccion propia,no,no,RETIRAR imagen IA. Sustituir por fotografia documental con licencia o por composicion tipografica/color sin fotografia.,DECORATIVE_MEDIA_OVERUSE|DUPLICATED_MEDIA|PERFORMANCE_RISK|POOR_MOBILE_CROP|POSSIBLE_AI_MEDIA|UNVERIFIED_ASSET_MEDIA,IA generada (Magnific / Seedream) - CONFIRMADO,en|es|ar|zh
business-infrastructure/index.html,governance [empty-section],(ninguno),missing,n/a,0,"Seccion de 445 px de alto sin ninguna imagen, video ni fondo. Alturas por viewport: 1440x900=445px, 1920x1080=445px, 390x844=598px, 768x1024=395px",Bloque narrativo 'governance' sin ningun soporte visual,Nada. Campo visual vacio.,0,alto,n/a,0,0,sí,"Fotografia documental propia de XARU (oficinas, equipo, obra, documentacion corporativa)",no,sí,"Aportar material real de XARU: es la zona natural donde debe entrar la documentacion autentica, no mas stock decorativo.",MISSING_MEDIA|REAL_MEDIA_REQUIRED,N/A - ausencia de medio,en|es|ar|zh
business-infrastructure/trade-financial/index.html,(head) [meta:og:image],assets/img/xaru/gen2/14_cta_bg.jpg,meta-card,1920x1080,256,,(bloque sin titulo),Borde de piscina infinita y tumbona al atardecer sobre el mar. Fondo decorativo de lujo.,1,alto,"OK (1920x1080, 256 KB)",36,6,sí,Banco de stock con licencia trazable o produccion propia,no,no,RETIRAR imagen IA. Sustituir por fotografia documental con licencia o por composicion tipografica/color sin fotografia.,DECORATIVE_MEDIA_OVERUSE|DUPLICATED_MEDIA|POSSIBLE_AI_MEDIA|UNVERIFIED_ASSET_MEDIA,IA generada (Magnific / Seedream) - CONFIRMADO,en|es|ar|zh
business-infrastructure/trade-financial/index.html,(head) [meta:twitter:image],assets/img/xaru/gen2/14_cta_bg.jpg,meta-card,1920x1080,256,,(bloque sin titulo),Borde de piscina infinita y tumbona al atardecer sobre el mar. Fondo decorativo de lujo.,1,alto,"OK (1920x1080, 256 KB)",36,6,sí,Banco de stock con licencia trazable o produccion propia,no,no,RETIRAR imagen IA. Sustituir por fotografia documental con licencia o por composicion tipografica/color sin fotografia.,DECORATIVE_MEDIA_OVERUSE|DUPLICATED_MEDIA|POSSIBLE_AI_MEDIA|UNVERIFIED_ASSET_MEDIA,IA generada (Magnific / Seedream) - CONFIRMADO,en|es|ar|zh
business-infrastructure/trade-financial/index.html,cs_page_header [data-src-bg],assets/img/xaru/gen2/14_cta_bg.jpg,background,1920x1080,256,Business Infrastructure Trade & Financial Infrastructure Home Business Infrastructure Trade & Financial Infrastructure,Trade & Financial Infrastructure,Borde de piscina infinita y tumbona al atardecer sobre el mar. Fondo decorativo de lujo.,1,alto,"OK (1920x1080, 256 KB)",36,6,sí,Banco de stock con licencia trazable o produccion propia,no,no,RETIRAR imagen IA. Sustituir por fotografia documental con licencia o por composicion tipografica/color sin fotografia.,DECORATIVE_MEDIA_OVERUSE|DUPLICATED_MEDIA|POOR_MOBILE_CROP|POSSIBLE_AI_MEDIA|UNVERIFIED_ASSET_MEDIA,IA generada (Magnific / Seedream) - CONFIRMADO,en|es|ar|zh
capital/deal-room/index.html,(head) [meta:og:image],assets/img/xaru/gen2/08_penthouse_london.jpg,meta-card,900x506,110,,(bloque sin titulo),Terraza con sofas y olivos frente a un skyline con puente tipo Tower Bridge. Exterior generico; no hay interior ni atico real.,1,alto,"OK (900x506, 110 KB)",92,17,sí,Banco de stock con licencia trazable o produccion propia,no,no,RETIRAR imagen IA. Sustituir por fotografia documental con licencia o por composicion tipografica/color sin fotografia.,DECORATIVE_MEDIA_OVERUSE|DUPLICATED_MEDIA|POSSIBLE_AI_MEDIA|UNVERIFIED_ASSET_MEDIA,IA generada (Magnific / Seedream) - CONFIRMADO,en|es|ar|zh
capital/deal-room/index.html,(head) [meta:twitter:image],assets/img/xaru/gen2/08_penthouse_london.jpg,meta-card,900x506,110,,(bloque sin titulo),Terraza con sofas y olivos frente a un skyline con puente tipo Tower Bridge. Exterior generico; no hay interior ni atico real.,1,alto,"OK (900x506, 110 KB)",92,17,sí,Banco de stock con licencia trazable o produccion propia,no,no,RETIRAR imagen IA. Sustituir por fotografia documental con licencia o por composicion tipografica/color sin fotografia.,DECORATIVE_MEDIA_OVERUSE|DUPLICATED_MEDIA|POSSIBLE_AI_MEDIA|UNVERIFIED_ASSET_MEDIA,IA generada (Magnific / Seedream) - CONFIRMADO,en|es|ar|zh
capital/deal-room/index.html,cs_page_header [data-src-bg],assets/img/xaru/gen2/08_penthouse_london.jpg,background,900x506,110,Capital & Transactions Private Deal Room Home Capital & Transactions Private Deal Room,Private Deal Room,Terraza con sofas y olivos frente a un skyline con puente tipo Tower Bridge. Exterior generico; no hay interior ni atico real.,1,alto,Insuficiente para fondo a ancho completo (900x506),92,17,sí,Banco de stock con licencia trazable o produccion propia,no,no,RETIRAR imagen IA. Sustituir por fotografia documental con licencia o por composicion tipografica/color sin fotografia.,DECORATIVE_MEDIA_OVERUSE|DUPLICATED_MEDIA|LOW_RESOLUTION|POOR_MOBILE_CROP|POSSIBLE_AI_MEDIA|UNVERIFIED_ASSET_MEDIA,IA generada (Magnific / Seedream) - CONFIRMADO,en|es|ar|zh
capital/index.html,(head) [meta:og:image],assets/img/xaru/gen2/13_investment_bg.jpg,meta-card,1920x1080,321,,(bloque sin titulo),Skyline de distrito financiero al anochecer con grua de obra. Fondo decorativo corporativo.,1,alto,"OK (1920x1080, 321 KB)",92,14,sí,Banco de stock con licencia trazable o produccion propia,no,no,RETIRAR imagen IA. Sustituir por fotografia documental con licencia o por composicion tipografica/color sin fotografia.,DECORATIVE_MEDIA_OVERUSE|DUPLICATED_MEDIA|POSSIBLE_AI_MEDIA|UNVERIFIED_ASSET_MEDIA,IA generada (Magnific / Seedream) - CONFIRMADO,en|es|ar|zh
capital/index.html,(head) [meta:twitter:image],assets/img/xaru/gen2/13_investment_bg.jpg,meta-card,1920x1080,321,,(bloque sin titulo),Skyline de distrito financiero al anochecer con grua de obra. Fondo decorativo corporativo.,1,alto,"OK (1920x1080, 321 KB)",92,14,sí,Banco de stock con licencia trazable o produccion propia,no,no,RETIRAR imagen IA. Sustituir por fotografia documental con licencia o por composicion tipografica/color sin fotografia.,DECORATIVE_MEDIA_OVERUSE|DUPLICATED_MEDIA|POSSIBLE_AI_MEDIA|UNVERIFIED_ASSET_MEDIA,IA generada (Magnific / Seedream) - CONFIRMADO,en|es|ar|zh
capital/index.html,cs_page_header [data-src-bg],assets/img/xaru/gen2/13_investment_bg.jpg,background,1920x1080,321,Capital & Transactions Capital & Transactions Home Capital & Transactions,Capital & Transactions,Skyline de distrito financiero al anochecer con grua de obra. Fondo decorativo corporativo.,1,alto,"OK (1920x1080, 321 KB)",92,14,sí,Banco de stock con licencia trazable o produccion propia,no,no,RETIRAR imagen IA. Sustituir por fotografia documental con licencia o por composicion tipografica/color sin fotografia.,DECORATIVE_MEDIA_OVERUSE|DUPLICATED_MEDIA|POOR_MOBILE_CROP|POSSIBLE_AI_MEDIA|UNVERIFIED_ASSET_MEDIA,IA generada (Magnific / Seedream) - CONFIRMADO,en|es|ar|zh
capital/strategic-partnerships/index.html,(head) [meta:og:image],assets/img/xaru/gen2/13_investment_bg.jpg,meta-card,1920x1080,321,,(bloque sin titulo),Skyline de distrito financiero al anochecer con grua de obra. Fondo decorativo corporativo.,1,alto,"OK (1920x1080, 321 KB)",92,14,sí,Banco de stock con licencia trazable o produccion propia,no,no,RETIRAR imagen IA. Sustituir por fotografia documental con licencia o por composicion tipografica/color sin fotografia.,DECORATIVE_MEDIA_OVERUSE|DUPLICATED_MEDIA|POSSIBLE_AI_MEDIA|UNVERIFIED_ASSET_MEDIA,IA generada (Magnific / Seedream) - CONFIRMADO,en|es|ar|zh
capital/strategic-partnerships/index.html,(head) [meta:twitter:image],assets/img/xaru/gen2/13_investment_bg.jpg,meta-card,1920x1080,321,,(bloque sin titulo),Skyline de distrito financiero al anochecer con grua de obra. Fondo decorativo corporativo.,1,alto,"OK (1920x1080, 321 KB)",92,14,sí,Banco de stock con licencia trazable o produccion propia,no,no,RETIRAR imagen IA. Sustituir por fotografia documental con licencia o por composicion tipografica/color sin fotografia.,DECORATIVE_MEDIA_OVERUSE|DUPLICATED_MEDIA|POSSIBLE_AI_MEDIA|UNVERIFIED_ASSET_MEDIA,IA generada (Magnific / Seedream) - CONFIRMADO,en|es|ar|zh
capital/strategic-partnerships/index.html,cs_page_header [data-src-bg],assets/img/xaru/gen2/13_investment_bg.jpg,background,1920x1080,321,Capital & Transactions Capital & Strategic Partnerships Home Capital & Transactions Capital & Strategic Partnerships,Capital & Strategic Partnerships,Skyline de distrito financiero al anochecer con grua de obra. Fondo decorativo corporativo.,1,alto,"OK (1920x1080, 321 KB)",92,14,sí,Banco de stock con licencia trazable o produccion propia,no,no,RETIRAR imagen IA. Sustituir por fotografia documental con licencia o por composicion tipografica/color sin fotografia.,DECORATIVE_MEDIA_OVERUSE|DUPLICATED_MEDIA|POOR_MOBILE_CROP|POSSIBLE_AI_MEDIA|UNVERIFIED_ASSET_MEDIA,IA generada (Magnific / Seedream) - CONFIRMADO,en|es|ar|zh
company/index.html,(head) [meta:og:image],assets/img/xaru/gen2/01_hero_v2.jpg,meta-card,1920x1080,378,,(bloque sin titulo),"Duna costera aerea al atardecer, playa vacia. Ningun inmueble, ningun proyecto, ninguna referencia geografica identificable.",1,alto,"OK (1920x1080, 378 KB)",16,3,sí,Banco de stock con licencia trazable o produccion propia,no,no,RETIRAR imagen IA. Sustituir por fotografia documental con licencia o por composicion tipografica/color sin fotografia.,DECORATIVE_MEDIA_OVERUSE|DUPLICATED_MEDIA|POSSIBLE_AI_MEDIA|UNVERIFIED_ASSET_MEDIA,IA generada (Magnific / Seedream) - CONFIRMADO,en|es|ar|zh
company/index.html,(head) [meta:twitter:image],assets/img/xaru/gen2/01_hero_v2.jpg,meta-card,1920x1080,378,,(bloque sin titulo),"Duna costera aerea al atardecer, playa vacia. Ningun inmueble, ningun proyecto, ninguna referencia geografica identificable.",1,alto,"OK (1920x1080, 378 KB)",16,3,sí,Banco de stock con licencia trazable o produccion propia,no,no,RETIRAR imagen IA. Sustituir por fotografia documental con licencia o por composicion tipografica/color sin fotografia.,DECORATIVE_MEDIA_OVERUSE|DUPLICATED_MEDIA|POSSIBLE_AI_MEDIA|UNVERIFIED_ASSET_MEDIA,IA generada (Magnific / Seedream) - CONFIRMADO,en|es|ar|zh
company/index.html,contact [empty-section],(ninguno),missing,n/a,0,"Seccion de 451 px de alto sin ninguna imagen, video ni fondo. Alturas por viewport: 1440x900=451px, 1920x1080=451px, 390x844=468px",Bloque narrativo 'contact' sin ningun soporte visual,Nada. Campo visual vacio.,0,alto,n/a,0,0,sí,"Fotografia documental propia de XARU (oficinas, equipo, obra, documentacion corporativa)",no,sí,"Aportar material real de XARU: es la zona natural donde debe entrar la documentacion autentica, no mas stock decorativo.",MISSING_MEDIA|REAL_MEDIA_REQUIRED,N/A - ausencia de medio,en|es|ar|zh
company/index.html,cs_page_header [data-src-bg],assets/img/xaru/gen2/01_hero_v2.jpg,background,1920x1080,378,The Company Company Home Company,Company,"Duna costera aerea al atardecer, playa vacia. Ningun inmueble, ningun proyecto, ninguna referencia geografica identificable.",1,alto,"OK (1920x1080, 378 KB)",16,3,sí,Banco de stock con licencia trazable o produccion propia,no,no,RETIRAR imagen IA. Sustituir por fotografia documental con licencia o por composicion tipografica/color sin fotografia.,DECORATIVE_MEDIA_OVERUSE|DUPLICATED_MEDIA|POOR_MOBILE_CROP|POSSIBLE_AI_MEDIA|UNVERIFIED_ASSET_MEDIA,IA generada (Magnific / Seedream) - CONFIRMADO,en|es|ar|zh
company/index.html,entities [empty-section],(ninguno),missing,n/a,0,"Seccion de 564 px de alto sin ninguna imagen, video ni fondo. Alturas por viewport: 1440x900=564px, 1920x1080=564px, 390x844=737px, 768x1024=490px",Bloque narrativo 'entities' sin ningun soporte visual,Nada. Campo visual vacio.,0,alto,n/a,0,0,sí,"Fotografia documental propia de XARU (oficinas, equipo, obra, documentacion corporativa)",no,sí,"Aportar material real de XARU: es la zona natural donde debe entrar la documentacion autentica, no mas stock decorativo.",MISSING_MEDIA|REAL_MEDIA_REQUIRED,N/A - ausencia de medio,en|es|ar|zh
company/index.html,governance [empty-section],(ninguno),missing,n/a,0,"Seccion de 760 px de alto sin ninguna imagen, video ni fondo. Alturas por viewport: 1440x900=760px, 1920x1080=760px, 390x844=1261px, 768x1024=772px",Bloque narrativo 'governance' sin ningun soporte visual,Nada. Campo visual vacio.,0,alto,n/a,0,0,sí,"Fotografia documental propia de XARU (oficinas, equipo, obra, documentacion corporativa)",no,sí,"Aportar material real de XARU: es la zona natural donde debe entrar la documentacion autentica, no mas stock decorativo.",MISSING_MEDIA|REAL_MEDIA_REQUIRED,N/A - ausencia de medio,en|es|ar|zh
company/index.html,network [empty-section],(ninguno),missing,n/a,0,"Seccion de 562 px de alto sin ninguna imagen, video ni fondo. Alturas por viewport: 1440x900=562px, 1920x1080=562px, 390x844=757px, 768x1024=498px",Bloque narrativo 'network' sin ningun soporte visual,Nada. Campo visual vacio.,0,alto,n/a,0,0,sí,"Fotografia documental propia de XARU (oficinas, equipo, obra, documentacion corporativa)",no,sí,"Aportar material real de XARU: es la zona natural donde debe entrar la documentacion autentica, no mas stock decorativo.",MISSING_MEDIA|REAL_MEDIA_REQUIRED,N/A - ausencia de medio,en|es|ar|zh
company/index.html,offices [empty-section],(ninguno),missing,n/a,0,"Seccion de 512 px de alto sin ninguna imagen, video ni fondo. Alturas por viewport: 1440x900=512px, 1920x1080=512px, 390x844=747px, 768x1024=657px",Bloque narrativo 'offices' sin ningun soporte visual,Nada. Campo visual vacio.,0,alto,n/a,0,0,sí,"Fotografia documental propia de XARU (oficinas, equipo, obra, documentacion corporativa)",no,sí,"Aportar material real de XARU: es la zona natural donde debe entrar la documentacion autentica, no mas stock decorativo.",MISSING_MEDIA|REAL_MEDIA_REQUIRED,N/A - ausencia de medio,en|es|ar|zh
company/index.html,operating-model [empty-section],(ninguno),missing,n/a,0,"Seccion de 804 px de alto sin ninguna imagen, video ni fondo. Alturas por viewport: 1440x900=804px, 1920x1080=804px, 390x844=1421px, 768x1024=1160px",Bloque narrativo 'operating-model' sin ningun soporte visual,Nada. Campo visual vacio.,0,alto,n/a,0,0,sí,"Fotografia documental propia de XARU (oficinas, equipo, obra, documentacion corporativa)",no,sí,"Aportar material real de XARU: es la zona natural donde debe entrar la documentacion autentica, no mas stock decorativo.",MISSING_MEDIA|REAL_MEDIA_REQUIRED,N/A - ausencia de medio,en|es|ar|zh
company/index.html,team [empty-section],(ninguno),missing,n/a,0,"Seccion de 800 px de alto sin ninguna imagen, video ni fondo. Alturas por viewport: 1440x900=800px, 1920x1080=800px, 390x844=1585px, 768x1024=981px",Bloque narrativo 'team' sin ningun soporte visual,Nada. Campo visual vacio.,0,alto,n/a,0,0,sí,"Fotografia documental propia de XARU (oficinas, equipo, obra, documentacion corporativa)",no,sí,"Aportar material real de XARU: es la zona natural donde debe entrar la documentacion autentica, no mas stock decorativo.",MISSING_MEDIA|REAL_MEDIA_REQUIRED,N/A - ausencia de medio,en|es|ar|zh
company/index.html,values [empty-section],(ninguno),missing,n/a,0,"Seccion de 684 px de alto sin ninguna imagen, video ni fondo. Alturas por viewport: 1440x900=684px, 1920x1080=684px, 390x844=1414px, 768x1024=946px",Bloque narrativo 'values' sin ningun soporte visual,Nada. Campo visual vacio.,0,alto,n/a,0,0,sí,"Fotografia documental propia de XARU (oficinas, equipo, obra, documentacion corporativa)",no,sí,"Aportar material real de XARU: es la zona natural donde debe entrar la documentacion autentica, no mas stock decorativo.",MISSING_MEDIA|REAL_MEDIA_REQUIRED,N/A - ausencia de medio,en|es|ar|zh
company/index.html,who-we-are [empty-section],(ninguno),missing,n/a,0,"Seccion de 588 px de alto sin ninguna imagen, video ni fondo. Alturas por viewport: 1440x900=588px, 1920x1080=588px, 390x844=1250px, 768x1024=947px",Bloque narrativo 'who-we-are' sin ningun soporte visual,Nada. Campo visual vacio.,0,alto,n/a,0,0,sí,"Fotografia documental propia de XARU (oficinas, equipo, obra, documentacion corporativa)",no,sí,"Aportar material real de XARU: es la zona natural donde debe entrar la documentacion autentica, no mas stock decorativo.",MISSING_MEDIA|REAL_MEDIA_REQUIRED,N/A - ausencia de medio,en|es|ar|zh
contact.html,(head) [meta:og:image],assets/img/xaru/og-cover.jpg,meta-card,1200x630,143,,(bloque sin titulo),Tarjeta social 1200x630 compuesta sobre una de las imagenes IA. Hereda la no conformidad del original.,1,alto,"OK (1200x630, 143 KB)",96,12,sí,Tarjeta OG de marca sin fotografia IA,no,no,Rehacer la tarjeta social sobre fondo tipografico/marca o sobre fotografia documental con licencia.,DECORATIVE_MEDIA_OVERUSE|DUPLICATED_MEDIA|POSSIBLE_AI_MEDIA|UNVERIFIED_ASSET_MEDIA,Composicion sobre imagen IA (Magnific/Seedream) + marca XARU,en|es|ar|zh
contact.html,(head) [meta:twitter:image],assets/img/xaru/og-cover.jpg,meta-card,1200x630,143,,(bloque sin titulo),Tarjeta social 1200x630 compuesta sobre una de las imagenes IA. Hereda la no conformidad del original.,1,alto,"OK (1200x630, 143 KB)",96,12,sí,Tarjeta OG de marca sin fotografia IA,no,no,Rehacer la tarjeta social sobre fondo tipografico/marca o sobre fotografia documental con licencia.,DECORATIVE_MEDIA_OVERUSE|DUPLICATED_MEDIA|POSSIBLE_AI_MEDIA|UNVERIFIED_ASSET_MEDIA,Composicion sobre imagen IA (Magnific/Seedream) + marca XARU,en|es|ar|zh
developments/index.html,(head) [meta:og:image],assets/img/xaru/gen2/03_land_mega.jpg,meta-card,1920x1080,582,,(bloque sin titulo),Duna/matorral costero arido con pistas de tierra vistas desde el aire. No muestra 11.000.000 m2 ni linderos ni cantera alguna.,1,alto,"OK (1920x1080, 582 KB)",116,16,sí,Banco de stock con licencia trazable o produccion propia,no,no,RETIRAR imagen IA. Sustituir por fotografia documental con licencia o por composicion tipografica/color sin fotografia.,DECORATIVE_MEDIA_OVERUSE|DUPLICATED_MEDIA|PERFORMANCE_RISK|POSSIBLE_AI_MEDIA|UNVERIFIED_ASSET_MEDIA,IA generada (Magnific / Seedream) - CONFIRMADO,en|es|ar|zh
developments/index.html,(head) [meta:twitter:image],assets/img/xaru/gen2/03_land_mega.jpg,meta-card,1920x1080,582,,(bloque sin titulo),Duna/matorral costero arido con pistas de tierra vistas desde el aire. No muestra 11.000.000 m2 ni linderos ni cantera alguna.,1,alto,"OK (1920x1080, 582 KB)",116,16,sí,Banco de stock con licencia trazable o produccion propia,no,no,RETIRAR imagen IA. Sustituir por fotografia documental con licencia o por composicion tipografica/color sin fotografia.,DECORATIVE_MEDIA_OVERUSE|DUPLICATED_MEDIA|PERFORMANCE_RISK|POSSIBLE_AI_MEDIA|UNVERIFIED_ASSET_MEDIA,IA generada (Magnific / Seedream) - CONFIRMADO,en|es|ar|zh
developments/index.html,cs_page_header [data-src-bg],assets/img/xaru/gen2/03_land_mega.jpg,background,1920x1080,582,Developments Developments Home Developments,Developments,Duna/matorral costero arido con pistas de tierra vistas desde el aire. No muestra 11.000.000 m2 ni linderos ni cantera alguna.,1,alto,"OK (1920x1080, 582 KB)",116,16,sí,Banco de stock con licencia trazable o produccion propia,no,no,RETIRAR imagen IA. Sustituir por fotografia documental con licencia o por composicion tipografica/color sin fotografia.,DECORATIVE_MEDIA_OVERUSE|DUPLICATED_MEDIA|PERFORMANCE_RISK|POOR_MOBILE_CROP|POSSIBLE_AI_MEDIA|UNVERIFIED_ASSET_MEDIA,IA generada (Magnific / Seedream) - CONFIRMADO,en|es|ar|zh
developments/project-structuring/index.html,(head) [meta:og:image],assets/img/xaru/gen2/04_resort_dev.jpg,meta-card,1920x1080,515,,(bloque sin titulo),"Palapas de techo de palma con piscina frente a playa y andamiaje de bambu. Lectura: resort boutique construido/en obra, sin identidad de proyecto.",1,alto,"OK (1920x1080, 515 KB)",56,10,sí,Banco de stock con licencia trazable o produccion propia,no,no,RETIRAR imagen IA. Sustituir por fotografia documental con licencia o por composicion tipografica/color sin fotografia.,DECORATIVE_MEDIA_OVERUSE|DUPLICATED_MEDIA|PERFORMANCE_RISK|POSSIBLE_AI_MEDIA|UNVERIFIED_ASSET_MEDIA,IA generada (Magnific / Seedream) - CONFIRMADO,en|es|ar|zh
developments/project-structuring/index.html,(head) [meta:twitter:image],assets/img/xaru/gen2/04_resort_dev.jpg,meta-card,1920x1080,515,,(bloque sin titulo),"Palapas de techo de palma con piscina frente a playa y andamiaje de bambu. Lectura: resort boutique construido/en obra, sin identidad de proyecto.",1,alto,"OK (1920x1080, 515 KB)",56,10,sí,Banco de stock con licencia trazable o produccion propia,no,no,RETIRAR imagen IA. Sustituir por fotografia documental con licencia o por composicion tipografica/color sin fotografia.,DECORATIVE_MEDIA_OVERUSE|DUPLICATED_MEDIA|PERFORMANCE_RISK|POSSIBLE_AI_MEDIA|UNVERIFIED_ASSET_MEDIA,IA generada (Magnific / Seedream) - CONFIRMADO,en|es|ar|zh
developments/project-structuring/index.html,cs_page_header [data-src-bg],assets/img/xaru/gen2/04_resort_dev.jpg,background,1920x1080,515,Developments Project Structuring & Development Home Developments Project Structuring & Development,Project Structuring & Development,"Palapas de techo de palma con piscina frente a playa y andamiaje de bambu. Lectura: resort boutique construido/en obra, sin identidad de proyecto.",1,alto,"OK (1920x1080, 515 KB)",56,10,sí,Banco de stock con licencia trazable o produccion propia,no,no,RETIRAR imagen IA. Sustituir por fotografia documental con licencia o por composicion tipografica/color sin fotografia.,DECORATIVE_MEDIA_OVERUSE|DUPLICATED_MEDIA|PERFORMANCE_RISK|POOR_MOBILE_CROP|POSSIBLE_AI_MEDIA|UNVERIFIED_ASSET_MEDIA,IA generada (Magnific / Seedream) - CONFIRMADO,en|es|ar|zh
faq.html,(head) [meta:og:image],assets/img/xaru/og-cover.jpg,meta-card,1200x630,143,,(bloque sin titulo),Tarjeta social 1200x630 compuesta sobre una de las imagenes IA. Hereda la no conformidad del original.,1,alto,"OK (1200x630, 143 KB)",96,12,sí,Tarjeta OG de marca sin fotografia IA,no,no,Rehacer la tarjeta social sobre fondo tipografico/marca o sobre fotografia documental con licencia.,DECORATIVE_MEDIA_OVERUSE|DUPLICATED_MEDIA|POSSIBLE_AI_MEDIA|UNVERIFIED_ASSET_MEDIA,Composicion sobre imagen IA (Magnific/Seedream) + marca XARU,en|es|ar|zh
faq.html,(head) [meta:twitter:image],assets/img/xaru/og-cover.jpg,meta-card,1200x630,143,,(bloque sin titulo),Tarjeta social 1200x630 compuesta sobre una de las imagenes IA. Hereda la no conformidad del original.,1,alto,"OK (1200x630, 143 KB)",96,12,sí,Tarjeta OG de marca sin fotografia IA,no,no,Rehacer la tarjeta social sobre fondo tipografico/marca o sobre fotografia documental con licencia.,DECORATIVE_MEDIA_OVERUSE|DUPLICATED_MEDIA|POSSIBLE_AI_MEDIA|UNVERIFIED_ASSET_MEDIA,Composicion sobre imagen IA (Magnific/Seedream) + marca XARU,en|es|ar|zh
index.html,(head) [meta:og:image],assets/img/xaru/og-cover.jpg,meta-card,1200x630,143,,(bloque sin titulo),Tarjeta social 1200x630 compuesta sobre una de las imagenes IA. Hereda la no conformidad del original.,1,alto,"OK (1200x630, 143 KB)",96,12,sí,Tarjeta OG de marca sin fotografia IA,no,no,Rehacer la tarjeta social sobre fondo tipografico/marca o sobre fotografia documental con licencia.,DECORATIVE_MEDIA_OVERUSE|DUPLICATED_MEDIA|POSSIBLE_AI_MEDIA|UNVERIFIED_ASSET_MEDIA,Composicion sobre imagen IA (Magnific/Seedream) + marca XARU,en|es|ar|zh
index.html,(head) [meta:twitter:image],assets/img/xaru/og-cover.jpg,meta-card,1200x630,143,,(bloque sin titulo),Tarjeta social 1200x630 compuesta sobre una de las imagenes IA. Hereda la no conformidad del original.,1,alto,"OK (1200x630, 143 KB)",96,12,sí,Tarjeta OG de marca sin fotografia IA,no,no,Rehacer la tarjeta social sobre fondo tipografico/marca o sobre fotografia documental con licencia.,DECORATIVE_MEDIA_OVERUSE|DUPLICATED_MEDIA|POSSIBLE_AI_MEDIA|UNVERIFIED_ASSET_MEDIA,Composicion sobre imagen IA (Magnific/Seedream) + marca XARU,en|es|ar|zh
index.html,about [img],assets/img/xaru/gen2/04_resort_dev.jpg,image,1920x1080,515,"For more than 20 years , our team has guided private clients, families and institutions through significant real estate decisions. XARU HOME brings that experience into one structure — a NEXARU GLOBAL brand connecting ac","One Structure, Built on Five Pillars","Palapas de techo de palma con piscina frente a playa y andamiaje de bambu. Lectura: resort boutique construido/en obra, sin identidad de proyecto.",1,alto,"OK (1920x1080, 515 KB)",56,10,sí,Banco de stock con licencia trazable o produccion propia,no,no,RETIRAR imagen IA. Sustituir por fotografia documental con licencia o por composicion tipografica/color sin fotografia.,DECORATIVE_MEDIA_OVERUSE|DUPLICATED_MEDIA|PERFORMANCE_RISK|POSSIBLE_AI_MEDIA|UNVERIFIED_ASSET_MEDIA,IA generada (Magnific / Seedream) - CONFIRMADO,en|es|ar|zh
index.html,contact [data-src-bg],assets/img/xaru/gen2/14_cta_bg.jpg,background,1920x1080,256,"Begin with XARU Begin the Conversation, in Complete Confidence. Contact Us","Begin the Conversation, in Complete Confidence.",Borde de piscina infinita y tumbona al atardecer sobre el mar. Fondo decorativo de lujo.,1,alto,"OK (1920x1080, 256 KB)",36,6,sí,Banco de stock con licencia trazable o produccion propia,no,no,RETIRAR imagen IA. Sustituir por fotografia documental con licencia o por composicion tipografica/color sin fotografia.,DECORATIVE_MEDIA_OVERUSE|DUPLICATED_MEDIA|POOR_MOBILE_CROP|POSSIBLE_AI_MEDIA|UNVERIFIED_ASSET_MEDIA,IA generada (Magnific / Seedream) - CONFIRMADO,en|es|ar|zh
index.html,digital-assets [source],assets/video/xr_ambient.mp4,video,n/a,97,"Digital Assets Property, Settled with Precision For qualifying clients, our specialized team facilitates property acquisition using digital assets (USDC, USDT, BTC) exclusively through regulated channels, with full KYC/A","Property, Settled with Precision",Bucle ambiental sintetico de 97 KB sin contenido documental ni poster.,0,alto,n/a,4,1,sí,Pieza de video documental propia (o eliminar el bloque),no,no,RETIRAR. Video sintetico sin valor documental y sin poster.,MISSING_POSTER|POSSIBLE_AI_MEDIA|UNVERIFIED_ASSET_MEDIA,Video sintetizado con ffmpeg - no documental,en|es|ar|zh
index.html,governance [empty-section],(ninguno),missing,n/a,0,"Seccion de 750 px de alto sin ninguna imagen, video ni fondo. Alturas por viewport: 1440x900=750px, 1920x1080=750px, 390x844=1019px, 768x1024=785px",Bloque narrativo 'governance' sin ningun soporte visual,Nada. Campo visual vacio.,0,alto,n/a,0,0,sí,"Fotografia documental propia de XARU (oficinas, equipo, obra, documentacion corporativa)",no,sí,"Aportar material real de XARU: es la zona natural donde debe entrar la documentacion autentica, no mas stock decorativo.",MISSING_MEDIA|REAL_MEDIA_REQUIRED,N/A - ausencia de medio,en|es|ar|zh
index.html,markets [style-bg],assets/img/xaru/gen2/07_villa_dubai.jpg,background,900x506,91,"Private Real Estate Villas, estates, castles, private islands and branded residences. View division",Private Real Estate,Villa contemporanea sobre arena blanca con skyline lejano tipo Dubai. Generica; no es una villa concreta de Palm Jumeirah.,1,alto,Insuficiente para fondo a ancho completo (900x506),72,13,sí,Banco de stock con licencia trazable o produccion propia,no,no,RETIRAR imagen IA. Sustituir por fotografia documental con licencia o por composicion tipografica/color sin fotografia.,DECORATIVE_MEDIA_OVERUSE|DUPLICATED_MEDIA|LOW_RESOLUTION|POSSIBLE_AI_MEDIA|UNVERIFIED_ASSET_MEDIA,IA generada (Magnific / Seedream) - CONFIRMADO,en|es|ar|zh
index.html,markets [style-bg],assets/img/xaru/gen2/05_hotel_project.jpg,background,1920x1080,502,"Commercial & Hospitality Operating hotels, resorts and income assets — presented with their P&L state. View division",Commercial & Hospitality,Hotel contemporaneo de piedra y vidrio sobre acantilado oceanico con terrazas y piscina. NO es un hotel urbano ni un edificio parado.,1,alto,"OK (1920x1080, 502 KB)",116,18,sí,Banco de stock con licencia trazable o produccion propia,no,no,RETIRAR imagen IA. Sustituir por fotografia documental con licencia o por composicion tipografica/color sin fotografia.,DECORATIVE_MEDIA_OVERUSE|DUPLICATED_MEDIA|PERFORMANCE_RISK|POSSIBLE_AI_MEDIA|UNVERIFIED_ASSET_MEDIA,IA generada (Magnific / Seedream) - CONFIRMADO,en|es|ar|zh
index.html,xr_hero_slider_wrap [data-background],assets/img/xaru/gen2/01_hero_v2.jpg,background,1920x1080,378,"GLOBAL REAL ESTATE Exceptional Properties. Projects of Scale. One International Structure. XARU HOME advises, brokers and structures real estate assets, developments and corporate operations — for private clients, owners",Exceptional Properties. Projects of Scale. One International Structure.,"Duna costera aerea al atardecer, playa vacia. Ningun inmueble, ningun proyecto, ninguna referencia geografica identificable.",1,alto,"OK (1920x1080, 378 KB)",16,3,sí,Banco de stock con licencia trazable o produccion propia,no,no,RETIRAR imagen IA. Sustituir por fotografia documental con licencia o por composicion tipografica/color sin fotografia.,DECORATIVE_MEDIA_OVERUSE|DUPLICATED_MEDIA|POOR_MOBILE_CROP|POSSIBLE_AI_MEDIA|UNVERIFIED_ASSET_MEDIA,IA generada (Magnific / Seedream) - CONFIRMADO,en|es|ar|zh
insights/capital-halted-projects/index.html,(head) [meta:og:image],assets/img/xaru/gen2/13_investment_bg.jpg,meta-card,1920x1080,321,,(bloque sin titulo),Skyline de distrito financiero al anochecer con grua de obra. Fondo decorativo corporativo.,1,alto,"OK (1920x1080, 321 KB)",92,14,sí,Banco de stock con licencia trazable o produccion propia,no,no,RETIRAR imagen IA. Sustituir por fotografia documental con licencia o por composicion tipografica/color sin fotografia.,DECORATIVE_MEDIA_OVERUSE|DUPLICATED_MEDIA|POSSIBLE_AI_MEDIA|UNVERIFIED_ASSET_MEDIA,IA generada (Magnific / Seedream) - CONFIRMADO,en|es|ar|zh
insights/capital-halted-projects/index.html,(head) [meta:twitter:image],assets/img/xaru/gen2/13_investment_bg.jpg,meta-card,1920x1080,321,,(bloque sin titulo),Skyline de distrito financiero al anochecer con grua de obra. Fondo decorativo corporativo.,1,alto,"OK (1920x1080, 321 KB)",92,14,sí,Banco de stock con licencia trazable o produccion propia,no,no,RETIRAR imagen IA. Sustituir por fotografia documental con licencia o por composicion tipografica/color sin fotografia.,DECORATIVE_MEDIA_OVERUSE|DUPLICATED_MEDIA|POSSIBLE_AI_MEDIA|UNVERIFIED_ASSET_MEDIA,IA generada (Magnific / Seedream) - CONFIRMADO,en|es|ar|zh
insights/capital-halted-projects/index.html,cs_page_header [data-src-bg],assets/img/xaru/gen2/13_investment_bg.jpg,background,1920x1080,321,Insights Private capital and halted projects: the opportunity in restructuring Home Insights Private capital and halted projects: the opportunity in restructuring,Private capital and halted projects: the opportunity in restructuring,Skyline de distrito financiero al anochecer con grua de obra. Fondo decorativo corporativo.,1,alto,"OK (1920x1080, 321 KB)",92,14,sí,Banco de stock con licencia trazable o produccion propia,no,no,RETIRAR imagen IA. Sustituir por fotografia documental con licencia o por composicion tipografica/color sin fotografia.,DECORATIVE_MEDIA_OVERUSE|DUPLICATED_MEDIA|POOR_MOBILE_CROP|POSSIBLE_AI_MEDIA|UNVERIFIED_ASSET_MEDIA,IA generada (Magnific / Seedream) - CONFIRMADO,en|es|ar|zh
insights/capital-halted-projects/index.html,cs_page_header [style-bg],assets/img/xaru/gen2/13_investment_bg.jpg,background,1920x1080,321,Insights Private capital and halted projects: the opportunity in restructuring Home Insights Private capital and halted projects: the opportunity in restructuring,Private capital and halted projects: the opportunity in restructuring,Skyline de distrito financiero al anochecer con grua de obra. Fondo decorativo corporativo.,1,alto,"OK (1920x1080, 321 KB)",92,14,sí,Banco de stock con licencia trazable o produccion propia,no,no,RETIRAR imagen IA. Sustituir por fotografia documental con licencia o por composicion tipografica/color sin fotografia.,DECORATIVE_MEDIA_OVERUSE|DUPLICATED_MEDIA|POOR_MOBILE_CROP|POSSIBLE_AI_MEDIA|UNVERIFIED_ASSET_MEDIA,IA generada (Magnific / Seedream) - CONFIRMADO,en|es|ar|zh
insights/index.html,(head) [meta:og:image],assets/img/xaru/gen2/10_casa_tulum.jpg,meta-card,900x506,167,,(bloque sin titulo),"Casa pequena de hormigon y madera en selva densa. Sin playa, sin frente de mar, sin identidad de propiedad.",1,alto,"OK (900x506, 167 KB)",144,28,sí,Banco de stock con licencia trazable o produccion propia,no,no,RETIRAR imagen IA. Sustituir por fotografia documental con licencia o por composicion tipografica/color sin fotografia.,DECORATIVE_MEDIA_OVERUSE|DUPLICATED_MEDIA|POSSIBLE_AI_MEDIA|UNVERIFIED_ASSET_MEDIA,IA generada (Magnific / Seedream) - CONFIRMADO,en|es|ar|zh
insights/index.html,(head) [meta:twitter:image],assets/img/xaru/gen2/10_casa_tulum.jpg,meta-card,900x506,167,,(bloque sin titulo),"Casa pequena de hormigon y madera en selva densa. Sin playa, sin frente de mar, sin identidad de propiedad.",1,alto,"OK (900x506, 167 KB)",144,28,sí,Banco de stock con licencia trazable o produccion propia,no,no,RETIRAR imagen IA. Sustituir por fotografia documental con licencia o por composicion tipografica/color sin fotografia.,DECORATIVE_MEDIA_OVERUSE|DUPLICATED_MEDIA|POSSIBLE_AI_MEDIA|UNVERIFIED_ASSET_MEDIA,IA generada (Magnific / Seedream) - CONFIRMADO,en|es|ar|zh
insights/index.html,cs_page_header [data-src-bg],assets/img/xaru/gen2/10_casa_tulum.jpg,background,900x506,167,Insights Insights Home Insights,Insights,"Casa pequena de hormigon y madera en selva densa. Sin playa, sin frente de mar, sin identidad de propiedad.",1,alto,Insuficiente para fondo a ancho completo (900x506),144,28,sí,Banco de stock con licencia trazable o produccion propia,no,no,RETIRAR imagen IA. Sustituir por fotografia documental con licencia o por composicion tipografica/color sin fotografia.,DECORATIVE_MEDIA_OVERUSE|DUPLICATED_MEDIA|LOW_RESOLUTION|POOR_MOBILE_CROP|POSSIBLE_AI_MEDIA|UNVERIFIED_ASSET_MEDIA,IA generada (Magnific / Seedream) - CONFIRMADO,en|es|ar|zh
insights/index.html,foundational [style-bg],assets/img/xaru/gen2/05_hotel_project.jpg,background,1920x1080,502,"Hospitality · 2026 · XARU HOME Research Operational hospitality: the asset that earns before it sells Hotels, resorts and serviced residences that produce occupancy and a P&L every month are becoming an asset class of th",Operational hospitality: the asset that earns before it sells,Hotel contemporaneo de piedra y vidrio sobre acantilado oceanico con terrazas y piscina. NO es un hotel urbano ni un edificio parado.,1,alto,"OK (1920x1080, 502 KB)",116,18,sí,Banco de stock con licencia trazable o produccion propia,no,no,RETIRAR imagen IA. Sustituir por fotografia documental con licencia o por composicion tipografica/color sin fotografia.,DECORATIVE_MEDIA_OVERUSE|DUPLICATED_MEDIA|PERFORMANCE_RISK|POSSIBLE_AI_MEDIA|UNVERIFIED_ASSET_MEDIA,IA generada (Magnific / Seedream) - CONFIRMADO,en|es|ar|zh
insights/index.html,foundational [style-bg],assets/img/xaru/gen2/03_land_mega.jpg,background,1920x1080,582,"Land · 2026 · XARU HOME Research Territorial land: when scale is the thesis Most land transactions are parcels. Occasionally, land is a territory — extensions capable of holding a destination. At that scale the question ",Territorial land: when scale is the thesis,Duna/matorral costero arido con pistas de tierra vistas desde el aire. No muestra 11.000.000 m2 ni linderos ni cantera alguna.,1,alto,"OK (1920x1080, 582 KB)",116,16,sí,Banco de stock con licencia trazable o produccion propia,no,no,RETIRAR imagen IA. Sustituir por fotografia documental con licencia o por composicion tipografica/color sin fotografia.,DECORATIVE_MEDIA_OVERUSE|DUPLICATED_MEDIA|PERFORMANCE_RISK|POSSIBLE_AI_MEDIA|UNVERIFIED_ASSET_MEDIA,IA generada (Magnific / Seedream) - CONFIRMADO,en|es|ar|zh
insights/index.html,foundational [style-bg],assets/img/xaru/gen2/13_investment_bg.jpg,background,1920x1080,321,"Capital · 2026 · XARU HOME Research Private capital and halted projects: the opportunity in restructuring Every cycle leaves projects standing half-finished — usually because the capital structure broke, not the asset. N",Private capital and halted projects: the opportunity in restructuring,Skyline de distrito financiero al anochecer con grua de obra. Fondo decorativo corporativo.,1,alto,"OK (1920x1080, 321 KB)",92,14,sí,Banco de stock con licencia trazable o produccion propia,no,no,RETIRAR imagen IA. Sustituir por fotografia documental con licencia o por composicion tipografica/color sin fotografia.,DECORATIVE_MEDIA_OVERUSE|DUPLICATED_MEDIA|POSSIBLE_AI_MEDIA|UNVERIFIED_ASSET_MEDIA,IA generada (Magnific / Seedream) - CONFIRMADO,en|es|ar|zh
insights/index.html,foundational [style-bg],assets/img/xaru/gen2/08_penthouse_london.jpg,background,900x506,110,International establishment · 2026 · XARU HOME Research Establishing internationally: from the entity to residency A transaction abroad creates a presence abroad. Establishment is the full cycle behind that presence — en,Establishing internationally: from the entity to residency,Terraza con sofas y olivos frente a un skyline con puente tipo Tower Bridge. Exterior generico; no hay interior ni atico real.,1,alto,Insuficiente para fondo a ancho completo (900x506),92,17,sí,Banco de stock con licencia trazable o produccion propia,no,no,RETIRAR imagen IA. Sustituir por fotografia documental con licencia o por composicion tipografica/color sin fotografia.,DECORATIVE_MEDIA_OVERUSE|DUPLICATED_MEDIA|LOW_RESOLUTION|POSSIBLE_AI_MEDIA|UNVERIFIED_ASSET_MEDIA,IA generada (Magnific / Seedream) - CONFIRMADO,en|es|ar|zh
insights/international-establishment/index.html,(head) [meta:og:image],assets/img/xaru/gen2/14_cta_bg.jpg,meta-card,1920x1080,256,,(bloque sin titulo),Borde de piscina infinita y tumbona al atardecer sobre el mar. Fondo decorativo de lujo.,1,alto,"OK (1920x1080, 256 KB)",36,6,sí,Banco de stock con licencia trazable o produccion propia,no,no,RETIRAR imagen IA. Sustituir por fotografia documental con licencia o por composicion tipografica/color sin fotografia.,DECORATIVE_MEDIA_OVERUSE|DUPLICATED_MEDIA|POSSIBLE_AI_MEDIA|UNVERIFIED_ASSET_MEDIA,IA generada (Magnific / Seedream) - CONFIRMADO,en|es|ar|zh
insights/international-establishment/index.html,(head) [meta:twitter:image],assets/img/xaru/gen2/14_cta_bg.jpg,meta-card,1920x1080,256,,(bloque sin titulo),Borde de piscina infinita y tumbona al atardecer sobre el mar. Fondo decorativo de lujo.,1,alto,"OK (1920x1080, 256 KB)",36,6,sí,Banco de stock con licencia trazable o produccion propia,no,no,RETIRAR imagen IA. Sustituir por fotografia documental con licencia o por composicion tipografica/color sin fotografia.,DECORATIVE_MEDIA_OVERUSE|DUPLICATED_MEDIA|POSSIBLE_AI_MEDIA|UNVERIFIED_ASSET_MEDIA,IA generada (Magnific / Seedream) - CONFIRMADO,en|es|ar|zh
insights/international-establishment/index.html,cs_page_header [data-src-bg],assets/img/xaru/gen2/08_penthouse_london.jpg,background,900x506,110,Insights Establishing internationally: from the entity to residency Home Insights Establishing internationally: from the entity to residency,Establishing internationally: from the entity to residency,Terraza con sofas y olivos frente a un skyline con puente tipo Tower Bridge. Exterior generico; no hay interior ni atico real.,1,alto,Insuficiente para fondo a ancho completo (900x506),92,17,sí,Banco de stock con licencia trazable o produccion propia,no,no,RETIRAR imagen IA. Sustituir por fotografia documental con licencia o por composicion tipografica/color sin fotografia.,DECORATIVE_MEDIA_OVERUSE|DUPLICATED_MEDIA|LOW_RESOLUTION|POOR_MOBILE_CROP|POSSIBLE_AI_MEDIA|UNVERIFIED_ASSET_MEDIA,IA generada (Magnific / Seedream) - CONFIRMADO,en|es|ar|zh
insights/international-establishment/index.html,cs_page_header [style-bg],assets/img/xaru/gen2/08_penthouse_london.jpg,background,900x506,110,Insights Establishing internationally: from the entity to residency Home Insights Establishing internationally: from the entity to residency,Establishing internationally: from the entity to residency,Terraza con sofas y olivos frente a un skyline con puente tipo Tower Bridge. Exterior generico; no hay interior ni atico real.,1,alto,Insuficiente para fondo a ancho completo (900x506),92,17,sí,Banco de stock con licencia trazable o produccion propia,no,no,RETIRAR imagen IA. Sustituir por fotografia documental con licencia o por composicion tipografica/color sin fotografia.,DECORATIVE_MEDIA_OVERUSE|DUPLICATED_MEDIA|LOW_RESOLUTION|POOR_MOBILE_CROP|POSSIBLE_AI_MEDIA|UNVERIFIED_ASSET_MEDIA,IA generada (Magnific / Seedream) - CONFIRMADO,en|es|ar|zh
insights/operational-hospitality/index.html,(head) [meta:og:image],assets/img/xaru/gen2/05_hotel_project.jpg,meta-card,1920x1080,502,,(bloque sin titulo),Hotel contemporaneo de piedra y vidrio sobre acantilado oceanico con terrazas y piscina. NO es un hotel urbano ni un edificio parado.,1,alto,"OK (1920x1080, 502 KB)",116,18,sí,Banco de stock con licencia trazable o produccion propia,no,no,RETIRAR imagen IA. Sustituir por fotografia documental con licencia o por composicion tipografica/color sin fotografia.,DECORATIVE_MEDIA_OVERUSE|DUPLICATED_MEDIA|PERFORMANCE_RISK|POSSIBLE_AI_MEDIA|UNVERIFIED_ASSET_MEDIA,IA generada (Magnific / Seedream) - CONFIRMADO,en|es|ar|zh
insights/operational-hospitality/index.html,(head) [meta:twitter:image],assets/img/xaru/gen2/05_hotel_project.jpg,meta-card,1920x1080,502,,(bloque sin titulo),Hotel contemporaneo de piedra y vidrio sobre acantilado oceanico con terrazas y piscina. NO es un hotel urbano ni un edificio parado.,1,alto,"OK (1920x1080, 502 KB)",116,18,sí,Banco de stock con licencia trazable o produccion propia,no,no,RETIRAR imagen IA. Sustituir por fotografia documental con licencia o por composicion tipografica/color sin fotografia.,DECORATIVE_MEDIA_OVERUSE|DUPLICATED_MEDIA|PERFORMANCE_RISK|POSSIBLE_AI_MEDIA|UNVERIFIED_ASSET_MEDIA,IA generada (Magnific / Seedream) - CONFIRMADO,en|es|ar|zh
insights/operational-hospitality/index.html,cs_page_header [data-src-bg],assets/img/xaru/gen2/05_hotel_project.jpg,background,1920x1080,502,Insights Operational hospitality: the asset that earns before it sells Home Insights Operational hospitality: the asset that earns before it sells,Operational hospitality: the asset that earns before it sells,Hotel contemporaneo de piedra y vidrio sobre acantilado oceanico con terrazas y piscina. NO es un hotel urbano ni un edificio parado.,1,alto,"OK (1920x1080, 502 KB)",116,18,sí,Banco de stock con licencia trazable o produccion propia,no,no,RETIRAR imagen IA. Sustituir por fotografia documental con licencia o por composicion tipografica/color sin fotografia.,DECORATIVE_MEDIA_OVERUSE|DUPLICATED_MEDIA|PERFORMANCE_RISK|POOR_MOBILE_CROP|POSSIBLE_AI_MEDIA|UNVERIFIED_ASSET_MEDIA,IA generada (Magnific / Seedream) - CONFIRMADO,en|es|ar|zh
insights/operational-hospitality/index.html,cs_page_header [style-bg],assets/img/xaru/gen2/05_hotel_project.jpg,background,1920x1080,502,Insights Operational hospitality: the asset that earns before it sells Home Insights Operational hospitality: the asset that earns before it sells,Operational hospitality: the asset that earns before it sells,Hotel contemporaneo de piedra y vidrio sobre acantilado oceanico con terrazas y piscina. NO es un hotel urbano ni un edificio parado.,1,alto,"OK (1920x1080, 502 KB)",116,18,sí,Banco de stock con licencia trazable o produccion propia,no,no,RETIRAR imagen IA. Sustituir por fotografia documental con licencia o por composicion tipografica/color sin fotografia.,DECORATIVE_MEDIA_OVERUSE|DUPLICATED_MEDIA|PERFORMANCE_RISK|POOR_MOBILE_CROP|POSSIBLE_AI_MEDIA|UNVERIFIED_ASSET_MEDIA,IA generada (Magnific / Seedream) - CONFIRMADO,en|es|ar|zh
insights/territorial-land/index.html,(head) [meta:og:image],assets/img/xaru/gen2/03_land_mega.jpg,meta-card,1920x1080,582,,(bloque sin titulo),Duna/matorral costero arido con pistas de tierra vistas desde el aire. No muestra 11.000.000 m2 ni linderos ni cantera alguna.,1,alto,"OK (1920x1080, 582 KB)",116,16,sí,Banco de stock con licencia trazable o produccion propia,no,no,RETIRAR imagen IA. Sustituir por fotografia documental con licencia o por composicion tipografica/color sin fotografia.,DECORATIVE_MEDIA_OVERUSE|DUPLICATED_MEDIA|PERFORMANCE_RISK|POSSIBLE_AI_MEDIA|UNVERIFIED_ASSET_MEDIA,IA generada (Magnific / Seedream) - CONFIRMADO,en|es|ar|zh
insights/territorial-land/index.html,(head) [meta:twitter:image],assets/img/xaru/gen2/03_land_mega.jpg,meta-card,1920x1080,582,,(bloque sin titulo),Duna/matorral costero arido con pistas de tierra vistas desde el aire. No muestra 11.000.000 m2 ni linderos ni cantera alguna.,1,alto,"OK (1920x1080, 582 KB)",116,16,sí,Banco de stock con licencia trazable o produccion propia,no,no,RETIRAR imagen IA. Sustituir por fotografia documental con licencia o por composicion tipografica/color sin fotografia.,DECORATIVE_MEDIA_OVERUSE|DUPLICATED_MEDIA|PERFORMANCE_RISK|POSSIBLE_AI_MEDIA|UNVERIFIED_ASSET_MEDIA,IA generada (Magnific / Seedream) - CONFIRMADO,en|es|ar|zh
insights/territorial-land/index.html,cs_page_header [data-src-bg],assets/img/xaru/gen2/03_land_mega.jpg,background,1920x1080,582,Insights Territorial land: when scale is the thesis Home Insights Territorial land: when scale is the thesis,Territorial land: when scale is the thesis,Duna/matorral costero arido con pistas de tierra vistas desde el aire. No muestra 11.000.000 m2 ni linderos ni cantera alguna.,1,alto,"OK (1920x1080, 582 KB)",116,16,sí,Banco de stock con licencia trazable o produccion propia,no,no,RETIRAR imagen IA. Sustituir por fotografia documental con licencia o por composicion tipografica/color sin fotografia.,DECORATIVE_MEDIA_OVERUSE|DUPLICATED_MEDIA|PERFORMANCE_RISK|POOR_MOBILE_CROP|POSSIBLE_AI_MEDIA|UNVERIFIED_ASSET_MEDIA,IA generada (Magnific / Seedream) - CONFIRMADO,en|es|ar|zh
insights/territorial-land/index.html,cs_page_header [style-bg],assets/img/xaru/gen2/03_land_mega.jpg,background,1920x1080,582,Insights Territorial land: when scale is the thesis Home Insights Territorial land: when scale is the thesis,Territorial land: when scale is the thesis,Duna/matorral costero arido con pistas de tierra vistas desde el aire. No muestra 11.000.000 m2 ni linderos ni cantera alguna.,1,alto,"OK (1920x1080, 582 KB)",116,16,sí,Banco de stock con licencia trazable o produccion propia,no,no,RETIRAR imagen IA. Sustituir por fotografia documental con licencia o por composicion tipografica/color sin fotografia.,DECORATIVE_MEDIA_OVERUSE|DUPLICATED_MEDIA|PERFORMANCE_RISK|POOR_MOBILE_CROP|POSSIBLE_AI_MEDIA|UNVERIFIED_ASSET_MEDIA,IA generada (Magnific / Seedream) - CONFIRMADO,en|es|ar|zh
opportunities/cf-confidential-portfolio/index.html,(head) [meta:og:image],assets/img/xaru/gen2/13_investment_bg.jpg,meta-card,1920x1080,321,,(bloque sin titulo),Skyline de distrito financiero al anochecer con grua de obra. Fondo decorativo corporativo.,1,alto,"OK (1920x1080, 321 KB)",92,14,sí,Banco de stock con licencia trazable o produccion propia,no,no,RETIRAR imagen IA. Sustituir por fotografia documental con licencia o por composicion tipografica/color sin fotografia.,DECORATIVE_MEDIA_OVERUSE|DUPLICATED_MEDIA|POSSIBLE_AI_MEDIA|UNVERIFIED_ASSET_MEDIA,IA generada (Magnific / Seedream) - CONFIRMADO,en|es|ar|zh
opportunities/cf-confidential-portfolio/index.html,(head) [meta:twitter:image],assets/img/xaru/gen2/13_investment_bg.jpg,meta-card,1920x1080,321,,(bloque sin titulo),Skyline de distrito financiero al anochecer con grua de obra. Fondo decorativo corporativo.,1,alto,"OK (1920x1080, 321 KB)",92,14,sí,Banco de stock con licencia trazable o produccion propia,no,no,RETIRAR imagen IA. Sustituir por fotografia documental con licencia o por composicion tipografica/color sin fotografia.,DECORATIVE_MEDIA_OVERUSE|DUPLICATED_MEDIA|POSSIBLE_AI_MEDIA|UNVERIFIED_ASSET_MEDIA,IA generada (Magnific / Seedream) - CONFIRMADO,en|es|ar|zh
opportunities/index.html,(head) [meta:og:image],assets/img/xaru/gen2/03_land_mega.jpg,meta-card,1920x1080,582,,(bloque sin titulo),Duna/matorral costero arido con pistas de tierra vistas desde el aire. No muestra 11.000.000 m2 ni linderos ni cantera alguna.,1,alto,"OK (1920x1080, 582 KB)",116,16,sí,Banco de stock con licencia trazable o produccion propia,no,no,RETIRAR imagen IA. Sustituir por fotografia documental con licencia o por composicion tipografica/color sin fotografia.,DECORATIVE_MEDIA_OVERUSE|DUPLICATED_MEDIA|PERFORMANCE_RISK|POSSIBLE_AI_MEDIA|UNVERIFIED_ASSET_MEDIA,IA generada (Magnific / Seedream) - CONFIRMADO,en|es|ar|zh
opportunities/index.html,(head) [meta:twitter:image],assets/img/xaru/gen2/03_land_mega.jpg,meta-card,1920x1080,582,,(bloque sin titulo),Duna/matorral costero arido con pistas de tierra vistas desde el aire. No muestra 11.000.000 m2 ni linderos ni cantera alguna.,1,alto,"OK (1920x1080, 582 KB)",116,16,sí,Banco de stock con licencia trazable o produccion propia,no,no,RETIRAR imagen IA. Sustituir por fotografia documental con licencia o por composicion tipografica/color sin fotografia.,DECORATIVE_MEDIA_OVERUSE|DUPLICATED_MEDIA|PERFORMANCE_RISK|POSSIBLE_AI_MEDIA|UNVERIFIED_ASSET_MEDIA,IA generada (Magnific / Seedream) - CONFIRMADO,en|es|ar|zh
opportunities/index.html,cs_page_header [data-src-bg],assets/img/xaru/gen2/03_land_mega.jpg,background,1920x1080,582,"Developments Land, Projects & Opportunities Home Land, Projects & Opportunities","Land, Projects & Opportunities",Duna/matorral costero arido con pistas de tierra vistas desde el aire. No muestra 11.000.000 m2 ni linderos ni cantera alguna.,1,alto,"OK (1920x1080, 582 KB)",116,16,sí,Banco de stock con licencia trazable o produccion propia,no,no,RETIRAR imagen IA. Sustituir por fotografia documental con licencia o por composicion tipografica/color sin fotografia.,DECORATIVE_MEDIA_OVERUSE|DUPLICATED_MEDIA|PERFORMANCE_RISK|POOR_MOBILE_CROP|POSSIBLE_AI_MEDIA|UNVERIFIED_ASSET_MEDIA,IA generada (Magnific / Seedream) - CONFIRMADO,en|es|ar|zh
opportunities/index.html,cs_page_header [style-bg],assets/img/xaru/gen2/03_land_mega.jpg,background,1920x1080,582,"Developments Land, Projects & Opportunities Home Land, Projects & Opportunities","Land, Projects & Opportunities",Duna/matorral costero arido con pistas de tierra vistas desde el aire. No muestra 11.000.000 m2 ni linderos ni cantera alguna.,1,alto,"OK (1920x1080, 582 KB)",116,16,sí,Banco de stock con licencia trazable o produccion propia,no,no,RETIRAR imagen IA. Sustituir por fotografia documental con licencia o por composicion tipografica/color sin fotografia.,DECORATIVE_MEDIA_OVERUSE|DUPLICATED_MEDIA|PERFORMANCE_RISK|POOR_MOBILE_CROP|POSSIBLE_AI_MEDIA|UNVERIFIED_ASSET_MEDIA,IA generada (Magnific / Seedream) - CONFIRMADO,en|es|ar|zh
opportunities/lp-land-11m/index.html,(head) [meta:og:image],assets/img/xaru/gen2/03_land_mega.jpg,meta-card,1920x1080,582,,(bloque sin titulo),Duna/matorral costero arido con pistas de tierra vistas desde el aire. No muestra 11.000.000 m2 ni linderos ni cantera alguna.,1,alto,"OK (1920x1080, 582 KB)",116,16,sí,Banco de stock con licencia trazable o produccion propia,no,no,RETIRAR imagen IA. Sustituir por fotografia documental con licencia o por composicion tipografica/color sin fotografia.,DECORATIVE_MEDIA_OVERUSE|DUPLICATED_MEDIA|PERFORMANCE_RISK|POSSIBLE_AI_MEDIA|UNVERIFIED_ASSET_MEDIA,IA generada (Magnific / Seedream) - CONFIRMADO,en|es|ar|zh
opportunities/lp-land-11m/index.html,(head) [meta:twitter:image],assets/img/xaru/gen2/03_land_mega.jpg,meta-card,1920x1080,582,,(bloque sin titulo),Duna/matorral costero arido con pistas de tierra vistas desde el aire. No muestra 11.000.000 m2 ni linderos ni cantera alguna.,1,alto,"OK (1920x1080, 582 KB)",116,16,sí,Banco de stock con licencia trazable o produccion propia,no,no,RETIRAR imagen IA. Sustituir por fotografia documental con licencia o por composicion tipografica/color sin fotografia.,DECORATIVE_MEDIA_OVERUSE|DUPLICATED_MEDIA|PERFORMANCE_RISK|POSSIBLE_AI_MEDIA|UNVERIFIED_ASSET_MEDIA,IA generada (Magnific / Seedream) - CONFIRMADO,en|es|ar|zh
opportunities/pa-quarry-license/index.html,(head) [meta:og:image],assets/img/xaru/gen2/03_land_mega.jpg,meta-card,1920x1080,582,,(bloque sin titulo),Duna/matorral costero arido con pistas de tierra vistas desde el aire. No muestra 11.000.000 m2 ni linderos ni cantera alguna.,1,alto,"OK (1920x1080, 582 KB)",116,16,sí,Banco de stock con licencia trazable o produccion propia,no,no,RETIRAR imagen IA. Sustituir por fotografia documental con licencia o por composicion tipografica/color sin fotografia.,DECORATIVE_MEDIA_OVERUSE|DUPLICATED_MEDIA|PERFORMANCE_RISK|POSSIBLE_AI_MEDIA|UNVERIFIED_ASSET_MEDIA,IA generada (Magnific / Seedream) - CONFIRMADO,en|es|ar|zh
opportunities/pa-quarry-license/index.html,(head) [meta:twitter:image],assets/img/xaru/gen2/03_land_mega.jpg,meta-card,1920x1080,582,,(bloque sin titulo),Duna/matorral costero arido con pistas de tierra vistas desde el aire. No muestra 11.000.000 m2 ni linderos ni cantera alguna.,1,alto,"OK (1920x1080, 582 KB)",116,16,sí,Banco de stock con licencia trazable o produccion propia,no,no,RETIRAR imagen IA. Sustituir por fotografia documental con licencia o por composicion tipografica/color sin fotografia.,DECORATIVE_MEDIA_OVERUSE|DUPLICATED_MEDIA|PERFORMANCE_RISK|POSSIBLE_AI_MEDIA|UNVERIFIED_ASSET_MEDIA,IA generada (Magnific / Seedream) - CONFIRMADO,en|es|ar|zh
opportunities/submit/index.html,(head) [meta:og:image],assets/img/xaru/gen2/14_cta_bg.jpg,meta-card,1920x1080,256,,(bloque sin titulo),Borde de piscina infinita y tumbona al atardecer sobre el mar. Fondo decorativo de lujo.,1,alto,"OK (1920x1080, 256 KB)",36,6,sí,Banco de stock con licencia trazable o produccion propia,no,no,RETIRAR imagen IA. Sustituir por fotografia documental con licencia o por composicion tipografica/color sin fotografia.,DECORATIVE_MEDIA_OVERUSE|DUPLICATED_MEDIA|POSSIBLE_AI_MEDIA|UNVERIFIED_ASSET_MEDIA,IA generada (Magnific / Seedream) - CONFIRMADO,en|es|ar|zh
opportunities/submit/index.html,(head) [meta:twitter:image],assets/img/xaru/gen2/14_cta_bg.jpg,meta-card,1920x1080,256,,(bloque sin titulo),Borde de piscina infinita y tumbona al atardecer sobre el mar. Fondo decorativo de lujo.,1,alto,"OK (1920x1080, 256 KB)",36,6,sí,Banco de stock con licencia trazable o produccion propia,no,no,RETIRAR imagen IA. Sustituir por fotografia documental con licencia o por composicion tipografica/color sin fotografia.,DECORATIVE_MEDIA_OVERUSE|DUPLICATED_MEDIA|POSSIBLE_AI_MEDIA|UNVERIFIED_ASSET_MEDIA,IA generada (Magnific / Seedream) - CONFIRMADO,en|es|ar|zh
opportunities/submit/index.html,cs_page_header [data-src-bg],assets/img/xaru/gen2/14_cta_bg.jpg,background,1920x1080,256,Capital & Transactions Submit an Opportunity Home Submit an Opportunity,Submit an Opportunity,Borde de piscina infinita y tumbona al atardecer sobre el mar. Fondo decorativo de lujo.,1,alto,"OK (1920x1080, 256 KB)",36,6,sí,Banco de stock con licencia trazable o produccion propia,no,no,RETIRAR imagen IA. Sustituir por fotografia documental con licencia o por composicion tipografica/color sin fotografia.,DECORATIVE_MEDIA_OVERUSE|DUPLICATED_MEDIA|POOR_MOBILE_CROP|POSSIBLE_AI_MEDIA|UNVERIFIED_ASSET_MEDIA,IA generada (Magnific / Seedream) - CONFIRMADO,en|es|ar|zh
private-enquiry/index.html,(head) [meta:og:image],assets/img/xaru/gen2/13_investment_bg.jpg,meta-card,1920x1080,321,,(bloque sin titulo),Skyline de distrito financiero al anochecer con grua de obra. Fondo decorativo corporativo.,1,alto,"OK (1920x1080, 321 KB)",92,14,sí,Banco de stock con licencia trazable o produccion propia,no,no,RETIRAR imagen IA. Sustituir por fotografia documental con licencia o por composicion tipografica/color sin fotografia.,DECORATIVE_MEDIA_OVERUSE|DUPLICATED_MEDIA|POSSIBLE_AI_MEDIA|UNVERIFIED_ASSET_MEDIA,IA generada (Magnific / Seedream) - CONFIRMADO,en|es|ar|zh
private-enquiry/index.html,(head) [meta:twitter:image],assets/img/xaru/gen2/13_investment_bg.jpg,meta-card,1920x1080,321,,(bloque sin titulo),Skyline de distrito financiero al anochecer con grua de obra. Fondo decorativo corporativo.,1,alto,"OK (1920x1080, 321 KB)",92,14,sí,Banco de stock con licencia trazable o produccion propia,no,no,RETIRAR imagen IA. Sustituir por fotografia documental con licencia o por composicion tipografica/color sin fotografia.,DECORATIVE_MEDIA_OVERUSE|DUPLICATED_MEDIA|POSSIBLE_AI_MEDIA|UNVERIFIED_ASSET_MEDIA,IA generada (Magnific / Seedream) - CONFIRMADO,en|es|ar|zh
private-enquiry/index.html,cs_page_header [data-src-bg],assets/img/xaru/gen2/13_investment_bg.jpg,background,1920x1080,321,The Company Private Enquiry Home Private Enquiry,Private Enquiry,Skyline de distrito financiero al anochecer con grua de obra. Fondo decorativo corporativo.,1,alto,"OK (1920x1080, 321 KB)",92,14,sí,Banco de stock con licencia trazable o produccion propia,no,no,RETIRAR imagen IA. Sustituir por fotografia documental con licencia o por composicion tipografica/color sin fotografia.,DECORATIVE_MEDIA_OVERUSE|DUPLICATED_MEDIA|POOR_MOBILE_CROP|POSSIBLE_AI_MEDIA|UNVERIFIED_ASSET_MEDIA,IA generada (Magnific / Seedream) - CONFIRMADO,en|es|ar|zh
property-details.html,(head) [meta:og:image],assets/img/xaru/og-cover.jpg,meta-card,1200x630,143,,(bloque sin titulo),Tarjeta social 1200x630 compuesta sobre una de las imagenes IA. Hereda la no conformidad del original.,1,alto,"OK (1200x630, 143 KB)",96,12,sí,Tarjeta OG de marca sin fotografia IA,no,no,Rehacer la tarjeta social sobre fondo tipografico/marca o sobre fotografia documental con licencia.,DECORATIVE_MEDIA_OVERUSE|DUPLICATED_MEDIA|POSSIBLE_AI_MEDIA|UNVERIFIED_ASSET_MEDIA,Composicion sobre imagen IA (Magnific/Seedream) + marca XARU,en|es|ar|zh
property-details.html,(head) [meta:twitter:image],assets/img/xaru/og-cover.jpg,meta-card,1200x630,143,,(bloque sin titulo),Tarjeta social 1200x630 compuesta sobre una de las imagenes IA. Hereda la no conformidad del original.,1,alto,"OK (1200x630, 143 KB)",96,12,sí,Tarjeta OG de marca sin fotografia IA,no,no,Rehacer la tarjeta social sobre fondo tipografico/marca o sobre fotografia documental con licencia.,DECORATIVE_MEDIA_OVERUSE|DUPLICATED_MEDIA|POSSIBLE_AI_MEDIA|UNVERIFIED_ASSET_MEDIA,Composicion sobre imagen IA (Magnific/Seedream) + marca XARU,en|es|ar|zh
property-listing-buy.html,(head) [meta:og:image],assets/img/xaru/og-cover.jpg,meta-card,1200x630,143,,(bloque sin titulo),Tarjeta social 1200x630 compuesta sobre una de las imagenes IA. Hereda la no conformidad del original.,1,alto,"OK (1200x630, 143 KB)",96,12,sí,Tarjeta OG de marca sin fotografia IA,no,no,Rehacer la tarjeta social sobre fondo tipografico/marca o sobre fotografia documental con licencia.,DECORATIVE_MEDIA_OVERUSE|DUPLICATED_MEDIA|POSSIBLE_AI_MEDIA|UNVERIFIED_ASSET_MEDIA,Composicion sobre imagen IA (Magnific/Seedream) + marca XARU,en|es|ar|zh
property-listing-buy.html,(head) [meta:twitter:image],assets/img/xaru/og-cover.jpg,meta-card,1200x630,143,,(bloque sin titulo),Tarjeta social 1200x630 compuesta sobre una de las imagenes IA. Hereda la no conformidad del original.,1,alto,"OK (1200x630, 143 KB)",96,12,sí,Tarjeta OG de marca sin fotografia IA,no,no,Rehacer la tarjeta social sobre fondo tipografico/marca o sobre fotografia documental con licencia.,DECORATIVE_MEDIA_OVERUSE|DUPLICATED_MEDIA|POSSIBLE_AI_MEDIA|UNVERIFIED_ASSET_MEDIA,Composicion sobre imagen IA (Magnific/Seedream) + marca XARU,en|es|ar|zh
property-listing-rent.html,(head) [meta:og:image],assets/img/xaru/og-cover.jpg,meta-card,1200x630,143,,(bloque sin titulo),Tarjeta social 1200x630 compuesta sobre una de las imagenes IA. Hereda la no conformidad del original.,1,alto,"OK (1200x630, 143 KB)",96,12,sí,Tarjeta OG de marca sin fotografia IA,no,no,Rehacer la tarjeta social sobre fondo tipografico/marca o sobre fotografia documental con licencia.,DECORATIVE_MEDIA_OVERUSE|DUPLICATED_MEDIA|POSSIBLE_AI_MEDIA|UNVERIFIED_ASSET_MEDIA,Composicion sobre imagen IA (Magnific/Seedream) + marca XARU,en|es|ar|zh
property-listing-rent.html,(head) [meta:twitter:image],assets/img/xaru/og-cover.jpg,meta-card,1200x630,143,,(bloque sin titulo),Tarjeta social 1200x630 compuesta sobre una de las imagenes IA. Hereda la no conformidad del original.,1,alto,"OK (1200x630, 143 KB)",96,12,sí,Tarjeta OG de marca sin fotografia IA,no,no,Rehacer la tarjeta social sobre fondo tipografico/marca o sobre fotografia documental con licencia.,DECORATIVE_MEDIA_OVERUSE|DUPLICATED_MEDIA|POSSIBLE_AI_MEDIA|UNVERIFIED_ASSET_MEDIA,Composicion sobre imagen IA (Magnific/Seedream) + marca XARU,en|es|ar|zh
property-listing-search.html,(head) [meta:og:image],assets/img/xaru/og-cover.jpg,meta-card,1200x630,143,,(bloque sin titulo),Tarjeta social 1200x630 compuesta sobre una de las imagenes IA. Hereda la no conformidad del original.,1,alto,"OK (1200x630, 143 KB)",96,12,sí,Tarjeta OG de marca sin fotografia IA,no,no,Rehacer la tarjeta social sobre fondo tipografico/marca o sobre fotografia documental con licencia.,DECORATIVE_MEDIA_OVERUSE|DUPLICATED_MEDIA|POSSIBLE_AI_MEDIA|UNVERIFIED_ASSET_MEDIA,Composicion sobre imagen IA (Magnific/Seedream) + marca XARU,en|es|ar|zh
property-listing-search.html,(head) [meta:twitter:image],assets/img/xaru/og-cover.jpg,meta-card,1200x630,143,,(bloque sin titulo),Tarjeta social 1200x630 compuesta sobre una de las imagenes IA. Hereda la no conformidad del original.,1,alto,"OK (1200x630, 143 KB)",96,12,sí,Tarjeta OG de marca sin fotografia IA,no,no,Rehacer la tarjeta social sobre fondo tipografico/marca o sobre fotografia documental con licencia.,DECORATIVE_MEDIA_OVERUSE|DUPLICATED_MEDIA|POSSIBLE_AI_MEDIA|UNVERIFIED_ASSET_MEDIA,Composicion sobre imagen IA (Magnific/Seedream) + marca XARU,en|es|ar|zh
real-estate/commercial-hospitality/ch-hotel-halted/index.html,(head) [meta:og:image],assets/img/xaru/gen2/05_hotel_project.jpg,meta-card,1920x1080,502,,(bloque sin titulo),Hotel contemporaneo de piedra y vidrio sobre acantilado oceanico con terrazas y piscina. NO es un hotel urbano ni un edificio parado.,1,alto,"OK (1920x1080, 502 KB)",116,18,sí,Banco de stock con licencia trazable o produccion propia,no,no,RETIRAR imagen IA. Sustituir por fotografia documental con licencia o por composicion tipografica/color sin fotografia.,DECORATIVE_MEDIA_OVERUSE|DUPLICATED_MEDIA|PERFORMANCE_RISK|POSSIBLE_AI_MEDIA|UNVERIFIED_ASSET_MEDIA,IA generada (Magnific / Seedream) - CONFIRMADO,en|es|ar|zh
real-estate/commercial-hospitality/ch-hotel-halted/index.html,(head) [meta:twitter:image],assets/img/xaru/gen2/05_hotel_project.jpg,meta-card,1920x1080,502,,(bloque sin titulo),Hotel contemporaneo de piedra y vidrio sobre acantilado oceanico con terrazas y piscina. NO es un hotel urbano ni un edificio parado.,1,alto,"OK (1920x1080, 502 KB)",116,18,sí,Banco de stock con licencia trazable o produccion propia,no,no,RETIRAR imagen IA. Sustituir por fotografia documental con licencia o por composicion tipografica/color sin fotografia.,DECORATIVE_MEDIA_OVERUSE|DUPLICATED_MEDIA|PERFORMANCE_RISK|POSSIBLE_AI_MEDIA|UNVERIFIED_ASSET_MEDIA,IA generada (Magnific / Seedream) - CONFIRMADO,en|es|ar|zh
real-estate/commercial-hospitality/ch-hotel-operational/index.html,(head) [meta:og:image],assets/img/xaru/gen2/05_hotel_project.jpg,meta-card,1920x1080,502,,(bloque sin titulo),Hotel contemporaneo de piedra y vidrio sobre acantilado oceanico con terrazas y piscina. NO es un hotel urbano ni un edificio parado.,1,alto,"OK (1920x1080, 502 KB)",116,18,sí,Banco de stock con licencia trazable o produccion propia,no,no,RETIRAR imagen IA. Sustituir por fotografia documental con licencia o por composicion tipografica/color sin fotografia.,DECORATIVE_MEDIA_OVERUSE|DUPLICATED_MEDIA|PERFORMANCE_RISK|POSSIBLE_AI_MEDIA|UNVERIFIED_ASSET_MEDIA,IA generada (Magnific / Seedream) - CONFIRMADO,en|es|ar|zh
real-estate/commercial-hospitality/ch-hotel-operational/index.html,(head) [meta:twitter:image],assets/img/xaru/gen2/05_hotel_project.jpg,meta-card,1920x1080,502,,(bloque sin titulo),Hotel contemporaneo de piedra y vidrio sobre acantilado oceanico con terrazas y piscina. NO es un hotel urbano ni un edificio parado.,1,alto,"OK (1920x1080, 502 KB)",116,18,sí,Banco de stock con licencia trazable o produccion propia,no,no,RETIRAR imagen IA. Sustituir por fotografia documental con licencia o por composicion tipografica/color sin fotografia.,DECORATIVE_MEDIA_OVERUSE|DUPLICATED_MEDIA|PERFORMANCE_RISK|POSSIBLE_AI_MEDIA|UNVERIFIED_ASSET_MEDIA,IA generada (Magnific / Seedream) - CONFIRMADO,en|es|ar|zh
real-estate/commercial-hospitality/ch-resort-development/index.html,(head) [meta:og:image],assets/img/xaru/gen2/04_resort_dev.jpg,meta-card,1920x1080,515,,(bloque sin titulo),"Palapas de techo de palma con piscina frente a playa y andamiaje de bambu. Lectura: resort boutique construido/en obra, sin identidad de proyecto.",1,alto,"OK (1920x1080, 515 KB)",56,10,sí,Banco de stock con licencia trazable o produccion propia,no,no,RETIRAR imagen IA. Sustituir por fotografia documental con licencia o por composicion tipografica/color sin fotografia.,DECORATIVE_MEDIA_OVERUSE|DUPLICATED_MEDIA|PERFORMANCE_RISK|POSSIBLE_AI_MEDIA|UNVERIFIED_ASSET_MEDIA,IA generada (Magnific / Seedream) - CONFIRMADO,en|es|ar|zh
real-estate/commercial-hospitality/ch-resort-development/index.html,(head) [meta:twitter:image],assets/img/xaru/gen2/04_resort_dev.jpg,meta-card,1920x1080,515,,(bloque sin titulo),"Palapas de techo de palma con piscina frente a playa y andamiaje de bambu. Lectura: resort boutique construido/en obra, sin identidad de proyecto.",1,alto,"OK (1920x1080, 515 KB)",56,10,sí,Banco de stock con licencia trazable o produccion propia,no,no,RETIRAR imagen IA. Sustituir por fotografia documental con licencia o por composicion tipografica/color sin fotografia.,DECORATIVE_MEDIA_OVERUSE|DUPLICATED_MEDIA|PERFORMANCE_RISK|POSSIBLE_AI_MEDIA|UNVERIFIED_ASSET_MEDIA,IA generada (Magnific / Seedream) - CONFIRMADO,en|es|ar|zh
real-estate/commercial-hospitality/index.html,(head) [meta:og:image],assets/img/xaru/gen2/05_hotel_project.jpg,meta-card,1920x1080,502,,(bloque sin titulo),Hotel contemporaneo de piedra y vidrio sobre acantilado oceanico con terrazas y piscina. NO es un hotel urbano ni un edificio parado.,1,alto,"OK (1920x1080, 502 KB)",116,18,sí,Banco de stock con licencia trazable o produccion propia,no,no,RETIRAR imagen IA. Sustituir por fotografia documental con licencia o por composicion tipografica/color sin fotografia.,DECORATIVE_MEDIA_OVERUSE|DUPLICATED_MEDIA|PERFORMANCE_RISK|POSSIBLE_AI_MEDIA|UNVERIFIED_ASSET_MEDIA,IA generada (Magnific / Seedream) - CONFIRMADO,en|es|ar|zh
real-estate/commercial-hospitality/index.html,(head) [meta:twitter:image],assets/img/xaru/gen2/05_hotel_project.jpg,meta-card,1920x1080,502,,(bloque sin titulo),Hotel contemporaneo de piedra y vidrio sobre acantilado oceanico con terrazas y piscina. NO es un hotel urbano ni un edificio parado.,1,alto,"OK (1920x1080, 502 KB)",116,18,sí,Banco de stock con licencia trazable o produccion propia,no,no,RETIRAR imagen IA. Sustituir por fotografia documental con licencia o por composicion tipografica/color sin fotografia.,DECORATIVE_MEDIA_OVERUSE|DUPLICATED_MEDIA|PERFORMANCE_RISK|POSSIBLE_AI_MEDIA|UNVERIFIED_ASSET_MEDIA,IA generada (Magnific / Seedream) - CONFIRMADO,en|es|ar|zh
real-estate/commercial-hospitality/index.html,cs_page_header [data-src-bg],assets/img/xaru/gen2/05_hotel_project.jpg,background,1920x1080,502,Real Estate Commercial & Hospitality Home Real Estate Commercial & Hospitality,Commercial & Hospitality,Hotel contemporaneo de piedra y vidrio sobre acantilado oceanico con terrazas y piscina. NO es un hotel urbano ni un edificio parado.,1,alto,"OK (1920x1080, 502 KB)",116,18,sí,Banco de stock con licencia trazable o produccion propia,no,no,RETIRAR imagen IA. Sustituir por fotografia documental con licencia o por composicion tipografica/color sin fotografia.,DECORATIVE_MEDIA_OVERUSE|DUPLICATED_MEDIA|PERFORMANCE_RISK|POOR_MOBILE_CROP|POSSIBLE_AI_MEDIA|UNVERIFIED_ASSET_MEDIA,IA generada (Magnific / Seedream) - CONFIRMADO,en|es|ar|zh
real-estate/index.html,(head) [meta:og:image],assets/img/xaru/gen2/07_villa_dubai.jpg,meta-card,900x506,91,,(bloque sin titulo),Villa contemporanea sobre arena blanca con skyline lejano tipo Dubai. Generica; no es una villa concreta de Palm Jumeirah.,1,alto,"OK (900x506, 91 KB)",72,13,sí,Banco de stock con licencia trazable o produccion propia,no,no,RETIRAR imagen IA. Sustituir por fotografia documental con licencia o por composicion tipografica/color sin fotografia.,DECORATIVE_MEDIA_OVERUSE|DUPLICATED_MEDIA|POSSIBLE_AI_MEDIA|UNVERIFIED_ASSET_MEDIA,IA generada (Magnific / Seedream) - CONFIRMADO,en|es|ar|zh
real-estate/index.html,(head) [meta:twitter:image],assets/img/xaru/gen2/07_villa_dubai.jpg,meta-card,900x506,91,,(bloque sin titulo),Villa contemporanea sobre arena blanca con skyline lejano tipo Dubai. Generica; no es una villa concreta de Palm Jumeirah.,1,alto,"OK (900x506, 91 KB)",72,13,sí,Banco de stock con licencia trazable o produccion propia,no,no,RETIRAR imagen IA. Sustituir por fotografia documental con licencia o por composicion tipografica/color sin fotografia.,DECORATIVE_MEDIA_OVERUSE|DUPLICATED_MEDIA|POSSIBLE_AI_MEDIA|UNVERIFIED_ASSET_MEDIA,IA generada (Magnific / Seedream) - CONFIRMADO,en|es|ar|zh
real-estate/index.html,cs_page_header [data-src-bg],assets/img/xaru/gen2/07_villa_dubai.jpg,background,900x506,91,Real Estate Real Estate Home Real Estate,Real Estate,Villa contemporanea sobre arena blanca con skyline lejano tipo Dubai. Generica; no es una villa concreta de Palm Jumeirah.,1,alto,Insuficiente para fondo a ancho completo (900x506),72,13,sí,Banco de stock con licencia trazable o produccion propia,no,no,RETIRAR imagen IA. Sustituir por fotografia documental con licencia o por composicion tipografica/color sin fotografia.,DECORATIVE_MEDIA_OVERUSE|DUPLICATED_MEDIA|LOW_RESOLUTION|POOR_MOBILE_CROP|POSSIBLE_AI_MEDIA|UNVERIFIED_ASSET_MEDIA,IA generada (Magnific / Seedream) - CONFIRMADO,en|es|ar|zh
real-estate/private-properties/index.html,(head) [meta:og:image],assets/img/xaru/gen2/09_villa_como.jpg,meta-card,900x506,126,,(bloque sin titulo),Villa clasica lacustre con lancha de madera y montanas. Evoca Como; no corresponde a una finca concreta.,1,alto,"OK (900x506, 126 KB)",108,19,sí,Banco de stock con licencia trazable o produccion propia,no,no,RETIRAR imagen IA. Sustituir por fotografia documental con licencia o por composicion tipografica/color sin fotografia.,DECORATIVE_MEDIA_OVERUSE|DUPLICATED_MEDIA|POSSIBLE_AI_MEDIA|UNVERIFIED_ASSET_MEDIA,IA generada (Magnific / Seedream) - CONFIRMADO,en|es|ar|zh
real-estate/private-properties/index.html,(head) [meta:twitter:image],assets/img/xaru/gen2/09_villa_como.jpg,meta-card,900x506,126,,(bloque sin titulo),Villa clasica lacustre con lancha de madera y montanas. Evoca Como; no corresponde a una finca concreta.,1,alto,"OK (900x506, 126 KB)",108,19,sí,Banco de stock con licencia trazable o produccion propia,no,no,RETIRAR imagen IA. Sustituir por fotografia documental con licencia o por composicion tipografica/color sin fotografia.,DECORATIVE_MEDIA_OVERUSE|DUPLICATED_MEDIA|POSSIBLE_AI_MEDIA|UNVERIFIED_ASSET_MEDIA,IA generada (Magnific / Seedream) - CONFIRMADO,en|es|ar|zh
real-estate/private-properties/index.html,cs_page_header [data-src-bg],assets/img/xaru/gen2/09_villa_como.jpg,background,900x506,126,Real Estate Private Properties Home Real Estate Private Properties,Private Properties,Villa clasica lacustre con lancha de madera y montanas. Evoca Como; no corresponde a una finca concreta.,1,alto,Insuficiente para fondo a ancho completo (900x506),108,19,sí,Banco de stock con licencia trazable o produccion propia,no,no,RETIRAR imagen IA. Sustituir por fotografia documental con licencia o por composicion tipografica/color sin fotografia.,DECORATIVE_MEDIA_OVERUSE|DUPLICATED_MEDIA|LOW_RESOLUTION|POOR_MOBILE_CROP|POSSIBLE_AI_MEDIA|UNVERIFIED_ASSET_MEDIA,IA generada (Magnific / Seedream) - CONFIRMADO,en|es|ar|zh
real-estate/private-properties/index.html,cs_page_header [style-bg],assets/img/xaru/gen2/09_villa_como.jpg,background,900x506,126,Real Estate Private Properties Home Real Estate Private Properties,Private Properties,Villa clasica lacustre con lancha de madera y montanas. Evoca Como; no corresponde a una finca concreta.,1,alto,Insuficiente para fondo a ancho completo (900x506),108,19,sí,Banco de stock con licencia trazable o produccion propia,no,no,RETIRAR imagen IA. Sustituir por fotografia documental con licencia o por composicion tipografica/color sin fotografia.,DECORATIVE_MEDIA_OVERUSE|DUPLICATED_MEDIA|LOW_RESOLUTION|POOR_MOBILE_CROP|POSSIBLE_AI_MEDIA|UNVERIFIED_ASSET_MEDIA,IA generada (Magnific / Seedream) - CONFIRMADO,en|es|ar|zh
real-estate/private-properties/pp-casa-tulum/index.html,(head) [meta:og:image],assets/img/xaru/gen2/10_casa_tulum.jpg,meta-card,900x506,167,,(bloque sin titulo),"Casa pequena de hormigon y madera en selva densa. Sin playa, sin frente de mar, sin identidad de propiedad.",1,alto,"OK (900x506, 167 KB)",144,28,sí,Banco de stock con licencia trazable o produccion propia,no,no,RETIRAR imagen IA. Sustituir por fotografia documental con licencia o por composicion tipografica/color sin fotografia.,DECORATIVE_MEDIA_OVERUSE|DUPLICATED_MEDIA|POSSIBLE_AI_MEDIA|UNVERIFIED_ASSET_MEDIA,IA generada (Magnific / Seedream) - CONFIRMADO,en|es|ar|zh
real-estate/private-properties/pp-casa-tulum/index.html,(head) [meta:twitter:image],assets/img/xaru/gen2/10_casa_tulum.jpg,meta-card,900x506,167,,(bloque sin titulo),"Casa pequena de hormigon y madera en selva densa. Sin playa, sin frente de mar, sin identidad de propiedad.",1,alto,"OK (900x506, 167 KB)",144,28,sí,Banco de stock con licencia trazable o produccion propia,no,no,RETIRAR imagen IA. Sustituir por fotografia documental con licencia o por composicion tipografica/color sin fotografia.,DECORATIVE_MEDIA_OVERUSE|DUPLICATED_MEDIA|POSSIBLE_AI_MEDIA|UNVERIFIED_ASSET_MEDIA,IA generada (Magnific / Seedream) - CONFIRMADO,en|es|ar|zh
real-estate/private-properties/pp-penthouse-london/index.html,(head) [meta:og:image],assets/img/xaru/gen2/08_penthouse_london.jpg,meta-card,900x506,110,,(bloque sin titulo),Terraza con sofas y olivos frente a un skyline con puente tipo Tower Bridge. Exterior generico; no hay interior ni atico real.,1,alto,"OK (900x506, 110 KB)",92,17,sí,Banco de stock con licencia trazable o produccion propia,no,no,RETIRAR imagen IA. Sustituir por fotografia documental con licencia o por composicion tipografica/color sin fotografia.,DECORATIVE_MEDIA_OVERUSE|DUPLICATED_MEDIA|POSSIBLE_AI_MEDIA|UNVERIFIED_ASSET_MEDIA,IA generada (Magnific / Seedream) - CONFIRMADO,en|es|ar|zh
real-estate/private-properties/pp-penthouse-london/index.html,(head) [meta:twitter:image],assets/img/xaru/gen2/08_penthouse_london.jpg,meta-card,900x506,110,,(bloque sin titulo),Terraza con sofas y olivos frente a un skyline con puente tipo Tower Bridge. Exterior generico; no hay interior ni atico real.,1,alto,"OK (900x506, 110 KB)",92,17,sí,Banco de stock con licencia trazable o produccion propia,no,no,RETIRAR imagen IA. Sustituir por fotografia documental con licencia o por composicion tipografica/color sin fotografia.,DECORATIVE_MEDIA_OVERUSE|DUPLICATED_MEDIA|POSSIBLE_AI_MEDIA|UNVERIFIED_ASSET_MEDIA,IA generada (Magnific / Seedream) - CONFIRMADO,en|es|ar|zh
real-estate/private-properties/pp-samana-island/index.html,(head) [meta:og:image],assets/img/xaru/gen2/02_island_rd.jpg,meta-card,1920x1080,414,,(bloque sin titulo),"Islote tropical aereo con palmeras, arrecife turquesa y pequeno embarcadero. Generico caribeno; no corresponde a ninguna parcela titulada verificable.",1,alto,"OK (1920x1080, 414 KB)",44,8,sí,Banco de stock con licencia trazable o produccion propia,no,no,RETIRAR imagen IA. Sustituir por fotografia documental con licencia o por composicion tipografica/color sin fotografia.,DECORATIVE_MEDIA_OVERUSE|DUPLICATED_MEDIA|PERFORMANCE_RISK|POSSIBLE_AI_MEDIA|UNVERIFIED_ASSET_MEDIA,IA generada (Magnific / Seedream) - CONFIRMADO,en|es|ar|zh
real-estate/private-properties/pp-samana-island/index.html,(head) [meta:twitter:image],assets/img/xaru/gen2/02_island_rd.jpg,meta-card,1920x1080,414,,(bloque sin titulo),"Islote tropical aereo con palmeras, arrecife turquesa y pequeno embarcadero. Generico caribeno; no corresponde a ninguna parcela titulada verificable.",1,alto,"OK (1920x1080, 414 KB)",44,8,sí,Banco de stock con licencia trazable o produccion propia,no,no,RETIRAR imagen IA. Sustituir por fotografia documental con licencia o por composicion tipografica/color sin fotografia.,DECORATIVE_MEDIA_OVERUSE|DUPLICATED_MEDIA|PERFORMANCE_RISK|POSSIBLE_AI_MEDIA|UNVERIFIED_ASSET_MEDIA,IA generada (Magnific / Seedream) - CONFIRMADO,en|es|ar|zh
real-estate/private-properties/pp-villa-como/index.html,(head) [meta:og:image],assets/img/xaru/gen2/09_villa_como.jpg,meta-card,900x506,126,,(bloque sin titulo),Villa clasica lacustre con lancha de madera y montanas. Evoca Como; no corresponde a una finca concreta.,1,alto,"OK (900x506, 126 KB)",108,19,sí,Banco de stock con licencia trazable o produccion propia,no,no,RETIRAR imagen IA. Sustituir por fotografia documental con licencia o por composicion tipografica/color sin fotografia.,DECORATIVE_MEDIA_OVERUSE|DUPLICATED_MEDIA|POSSIBLE_AI_MEDIA|UNVERIFIED_ASSET_MEDIA,IA generada (Magnific / Seedream) - CONFIRMADO,en|es|ar|zh
real-estate/private-properties/pp-villa-como/index.html,(head) [meta:twitter:image],assets/img/xaru/gen2/09_villa_como.jpg,meta-card,900x506,126,,(bloque sin titulo),Villa clasica lacustre con lancha de madera y montanas. Evoca Como; no corresponde a una finca concreta.,1,alto,"OK (900x506, 126 KB)",108,19,sí,Banco de stock con licencia trazable o produccion propia,no,no,RETIRAR imagen IA. Sustituir por fotografia documental con licencia o por composicion tipografica/color sin fotografia.,DECORATIVE_MEDIA_OVERUSE|DUPLICATED_MEDIA|POSSIBLE_AI_MEDIA|UNVERIFIED_ASSET_MEDIA,IA generada (Magnific / Seedream) - CONFIRMADO,en|es|ar|zh
real-estate/private-properties/pp-villa-dubai/index.html,(head) [meta:og:image],assets/img/xaru/gen2/07_villa_dubai.jpg,meta-card,900x506,91,,(bloque sin titulo),Villa contemporanea sobre arena blanca con skyline lejano tipo Dubai. Generica; no es una villa concreta de Palm Jumeirah.,1,alto,"OK (900x506, 91 KB)",72,13,sí,Banco de stock con licencia trazable o produccion propia,no,no,RETIRAR imagen IA. Sustituir por fotografia documental con licencia o por composicion tipografica/color sin fotografia.,DECORATIVE_MEDIA_OVERUSE|DUPLICATED_MEDIA|POSSIBLE_AI_MEDIA|UNVERIFIED_ASSET_MEDIA,IA generada (Magnific / Seedream) - CONFIRMADO,en|es|ar|zh
real-estate/private-properties/pp-villa-dubai/index.html,(head) [meta:twitter:image],assets/img/xaru/gen2/07_villa_dubai.jpg,meta-card,900x506,91,,(bloque sin titulo),Villa contemporanea sobre arena blanca con skyline lejano tipo Dubai. Generica; no es una villa concreta de Palm Jumeirah.,1,alto,"OK (900x506, 91 KB)",72,13,sí,Banco de stock con licencia trazable o produccion propia,no,no,RETIRAR imagen IA. Sustituir por fotografia documental con licencia o por composicion tipografica/color sin fotografia.,DECORATIVE_MEDIA_OVERUSE|DUPLICATED_MEDIA|POSSIBLE_AI_MEDIA|UNVERIFIED_ASSET_MEDIA,IA generada (Magnific / Seedream) - CONFIRMADO,en|es|ar|zh
real-estate/private-properties/pp-villa-marbella/index.html,(head) [meta:og:image],assets/img/xaru/gen2/11_villa_marbella.jpg,meta-card,900x506,92,,(bloque sin titulo),Villa blanca moderna con piscina infinita sobre el mar. Generica mediterranea; no es Sierra Blanca ni la Milla de Oro.,1,alto,"OK (900x506, 92 KB)",44,8,sí,Banco de stock con licencia trazable o produccion propia,no,no,RETIRAR imagen IA. Sustituir por fotografia documental con licencia o por composicion tipografica/color sin fotografia.,DECORATIVE_MEDIA_OVERUSE|DUPLICATED_MEDIA|POSSIBLE_AI_MEDIA|UNVERIFIED_ASSET_MEDIA,IA generada (Magnific / Seedream) - CONFIRMADO,en|es|ar|zh
real-estate/private-properties/pp-villa-marbella/index.html,(head) [meta:twitter:image],assets/img/xaru/gen2/11_villa_marbella.jpg,meta-card,900x506,92,,(bloque sin titulo),Villa blanca moderna con piscina infinita sobre el mar. Generica mediterranea; no es Sierra Blanca ni la Milla de Oro.,1,alto,"OK (900x506, 92 KB)",44,8,sí,Banco de stock con licencia trazable o produccion propia,no,no,RETIRAR imagen IA. Sustituir por fotografia documental con licencia o por composicion tipografica/color sin fotografia.,DECORATIVE_MEDIA_OVERUSE|DUPLICATED_MEDIA|POSSIBLE_AI_MEDIA|UNVERIFIED_ASSET_MEDIA,IA generada (Magnific / Seedream) - CONFIRMADO,en|es|ar|zh
single-property-v1.html,(head) [meta:og:image],assets/img/xaru/og-cover.jpg,meta-card,1200x630,143,,(bloque sin titulo),Tarjeta social 1200x630 compuesta sobre una de las imagenes IA. Hereda la no conformidad del original.,1,alto,"OK (1200x630, 143 KB)",96,12,sí,Tarjeta OG de marca sin fotografia IA,no,no,Rehacer la tarjeta social sobre fondo tipografico/marca o sobre fotografia documental con licencia.,DECORATIVE_MEDIA_OVERUSE|DUPLICATED_MEDIA|POSSIBLE_AI_MEDIA|UNVERIFIED_ASSET_MEDIA,Composicion sobre imagen IA (Magnific/Seedream) + marca XARU,en|es|ar|zh
single-property-v1.html,(head) [meta:twitter:image],assets/img/xaru/og-cover.jpg,meta-card,1200x630,143,,(bloque sin titulo),Tarjeta social 1200x630 compuesta sobre una de las imagenes IA. Hereda la no conformidad del original.,1,alto,"OK (1200x630, 143 KB)",96,12,sí,Tarjeta OG de marca sin fotografia IA,no,no,Rehacer la tarjeta social sobre fondo tipografico/marca o sobre fotografia documental con licencia.,DECORATIVE_MEDIA_OVERUSE|DUPLICATED_MEDIA|POSSIBLE_AI_MEDIA|UNVERIFIED_ASSET_MEDIA,Composicion sobre imagen IA (Magnific/Seedream) + marca XARU,en|es|ar|zh
about-us.html,(root) [img],assets/img/faq-img-1.jpg,image,576x600,131,"Trust & Discretion, Throughout Your Journey Who We Are XARU HOME is the real estate structure of NEXARU GLOBAL — a discreet, senior team guiding private clients, families and institutions across borders. What We Do Acqui","Trust & Discretion, Throughout Your Journey",Imagen decorativa de stock 576x600.,2,medio,"OK (576x600, 131 KB)",4,1,sí,Licencia de stock nominal (factura + ID de recurso) o produccion propia,sí,no,Sustituir por stock con licencia documentada o por material propio; registrar licencia.,GENERIC_STOCK|LICENSE_NOT_DOCUMENTED,Stock de plantilla comercial Xproperty - procedencia no documentada,en|es|ar|zh
about-us.html,cs_about [img],assets/img/about-img-4.jpg,image,576x600,157,"XARU HOME — a NEXARU GLOBAL brand One Structure, Built on Five Pillars For more than 20 years, our team has guided private clients, families and institutions through significant real estate decisions. XARU HOME brings th","One Structure, Built on Five Pillars",Interior/exterior residencial de stock 576x600.,2,medio,"OK (576x600, 157 KB)",4,1,sí,Licencia de stock nominal (factura + ID de recurso) o produccion propia,sí,no,Sustituir por stock con licencia documentada o por material propio; registrar licencia.,GENERIC_STOCK|LICENSE_NOT_DOCUMENTED,Stock de plantilla comercial Xproperty - procedencia no documentada,en|es|ar|zh
about-us.html,cs_footer [data-src-bg],assets/img/footer-bg-1.svg,svg,n/a,905,"Global luxury real estate, one structure — from acquisition to relocation, worldwide. Explore Properties Investment & Funds Developers Relocation Projects Company About Digital Assets Contact Newsletter XARU HOME — a NEX",Explore,SVG decorativo de pie de pagina de 926 KB.,2,medio,n/a,184,20,sí,Licencia de stock nominal (factura + ID de recurso) o produccion propia,sí,no,Optimizar o retirar: SVG de 926 KB cargado en las 184 paginas publicas.,DECORATIVE_MEDIA_OVERUSE|DUPLICATED_MEDIA|GENERIC_STOCK|LICENSE_NOT_DOCUMENTED|PERFORMANCE_RISK,Stock de plantilla comercial Xproperty - procedencia no documentada,en|es|ar|zh
about-us.html,cs_page_header [data-src-bg],assets/img/page-heading.jpg,background,1920x500,192,The Company Home The Company,The Company,Fondo generico de cabecera de la plantilla.,2,medio,"OK (1920x500, 192 KB)",20,5,sí,Licencia de stock nominal (factura + ID de recurso) o produccion propia,sí,no,Sustituir por stock con licencia documentada o por material propio; registrar licencia.,DECORATIVE_MEDIA_OVERUSE|DUPLICATED_MEDIA|GENERIC_STOCK|LICENSE_NOT_DOCUMENTED|POOR_MOBILE_CROP,Stock de plantilla comercial Xproperty - procedencia no documentada,en|es|ar|zh
agents-list.html,cs_footer [data-src-bg],assets/img/footer-bg-1.svg,svg,n/a,905,"Global luxury real estate, one structure — from acquisition to relocation, worldwide. Explore Properties Investment & Funds Developers Relocation Projects Company About Digital Assets Contact Newsletter XARU HOME — a NEX",Explore,SVG decorativo de pie de pagina de 926 KB.,2,medio,n/a,184,20,sí,Licencia de stock nominal (factura + ID de recurso) o produccion propia,sí,no,Optimizar o retirar: SVG de 926 KB cargado en las 184 paginas publicas.,DECORATIVE_MEDIA_OVERUSE|DUPLICATED_MEDIA|GENERIC_STOCK|LICENSE_NOT_DOCUMENTED|PERFORMANCE_RISK,Stock de plantilla comercial Xproperty - procedencia no documentada,en|es|ar|zh
agents-list.html,cs_page_header [data-src-bg],assets/img/page-heading.jpg,background,1920x500,192,Property Agents Home Agents,Property Agents,Fondo generico de cabecera de la plantilla.,2,medio,"OK (1920x500, 192 KB)",20,5,sí,Licencia de stock nominal (factura + ID de recurso) o produccion propia,sí,no,Sustituir por stock con licencia documentada o por material propio; registrar licencia.,DECORATIVE_MEDIA_OVERUSE|DUPLICATED_MEDIA|GENERIC_STOCK|LICENSE_NOT_DOCUMENTED|POOR_MOBILE_CROP,Stock de plantilla comercial Xproperty - procedencia no documentada,en|es|ar|zh
blog-details.html,(root) [img],assets/img/post-img-5.jpg,image,936x531,126,"10 min read March 19, 2025 How to Choose the Perfect Neighborhood for Your Family Choosing the right neighborhood for your family is one of the most important decisions you'll make when buying a home. The perfect neighbo",How to Choose the Perfect Neighborhood for Your Family,Foto editorial de stock 936x531.,2,medio,"OK (936x531, 126 KB)",4,1,sí,Licencia de stock nominal (factura + ID de recurso) o produccion propia,sí,no,Sustituir por stock con licencia documentada o por material propio; registrar licencia.,GENERIC_STOCK|LICENSE_NOT_DOCUMENTED,Stock de plantilla comercial Xproperty - procedencia no documentada,en|es|ar|zh
blog-details.html,(root) [img],assets/img/post-img-6.jpg,image,936x500,188,"10 min read March 19, 2025 How to Choose the Perfect Neighborhood for Your Family Choosing the right neighborhood for your family is one of the most important decisions you'll make when buying a home. The perfect neighbo",How to Choose the Perfect Neighborhood for Your Family,Foto editorial de stock 936x500.,2,medio,"OK (936x500, 188 KB)",4,1,sí,Licencia de stock nominal (factura + ID de recurso) o produccion propia,sí,no,Sustituir por stock con licencia documentada o por material propio; registrar licencia.,GENERIC_STOCK|LICENSE_NOT_DOCUMENTED,Stock de plantilla comercial Xproperty - procedencia no documentada,en|es|ar|zh
blog-details.html,cs_footer [data-src-bg],assets/img/footer-bg-1.svg,svg,n/a,905,"Global luxury real estate, one structure — from acquisition to relocation, worldwide. Explore Properties Investment & Funds Developers Relocation Projects Company About Digital Assets Contact Newsletter XARU HOME — a NEX",Explore,SVG decorativo de pie de pagina de 926 KB.,2,medio,n/a,184,20,sí,Licencia de stock nominal (factura + ID de recurso) o produccion propia,sí,no,Optimizar o retirar: SVG de 926 KB cargado en las 184 paginas publicas.,DECORATIVE_MEDIA_OVERUSE|DUPLICATED_MEDIA|GENERIC_STOCK|LICENSE_NOT_DOCUMENTED|PERFORMANCE_RISK,Stock de plantilla comercial Xproperty - procedencia no documentada,en|es|ar|zh
blog-details.html,cs_post [img],assets/img/post-img-1.jpg,image,684x450,87,20 min read How to Choose the Perfect Neighborhood for Your Family View Details,How to Choose the Perfect Neighborhood for Your Family,Foto editorial de stock 684x450.,2,medio,"OK (684x450, 87 KB)",16,4,sí,Licencia de stock nominal (factura + ID de recurso) o produccion propia,sí,no,Sustituir por stock con licencia documentada o por material propio; registrar licencia.,DECORATIVE_MEDIA_OVERUSE|DUPLICATED_MEDIA|GENERIC_STOCK|LICENSE_NOT_DOCUMENTED,Stock de plantilla comercial Xproperty - procedencia no documentada,en|es|ar|zh
blog-details.html,cs_post [img],assets/img/post-img-2.jpg,image,684x450,186,5 min read Step-by-Step Guide to Selling Your Property Faster View Details,Step-by-Step Guide to Selling Your Property Faster,Foto editorial de stock 684x450.,2,medio,"OK (684x450, 186 KB)",20,5,sí,Licencia de stock nominal (factura + ID de recurso) o produccion propia,sí,no,Sustituir por stock con licencia documentada o por material propio; registrar licencia.,DECORATIVE_MEDIA_OVERUSE|DUPLICATED_MEDIA|GENERIC_STOCK|LICENSE_NOT_DOCUMENTED,Stock de plantilla comercial Xproperty - procedencia no documentada,en|es|ar|zh
blog-details.html,cs_post [img],assets/img/post-img-3.jpg,image,684x450,109,10 min read How to Finance Your Dream Home: Mortgage Tips for Buyers View Details,How to Finance Your Dream Home: Mortgage Tips for Buyers,Foto editorial de stock 684x450.,2,medio,"OK (684x450, 109 KB)",20,5,sí,Licencia de stock nominal (factura + ID de recurso) o produccion propia,sí,no,Sustituir por stock con licencia documentada o por material propio; registrar licencia.,DECORATIVE_MEDIA_OVERUSE|DUPLICATED_MEDIA|GENERIC_STOCK|LICENSE_NOT_DOCUMENTED,Stock de plantilla comercial Xproperty - procedencia no documentada,en|es|ar|zh
blog-details.html,cs_post [img],assets/img/post-img-4.jpg,image,684x450,129,10 min read The Ultimate Guide to Renting: What You Should Know View Details,The Ultimate Guide to Renting: What You Should Know,Foto editorial de stock 684x450.,2,medio,"OK (684x450, 129 KB)",8,2,sí,Licencia de stock nominal (factura + ID de recurso) o produccion propia,sí,no,Sustituir por stock con licencia documentada o por material propio; registrar licencia.,DUPLICATED_MEDIA|GENERIC_STOCK|LICENSE_NOT_DOCUMENTED,Stock de plantilla comercial Xproperty - procedencia no documentada,en|es|ar|zh
blog-details.html,cs_sidebar [img],assets/img/post-img-1.jpg,image,684x450,87,How to Choose the Perfect Real Estate Agent 20 Dec 2025,How to Choose the Perfect Real Estate Agent,Foto editorial de stock 684x450.,2,medio,"OK (684x450, 87 KB)",16,4,sí,Licencia de stock nominal (factura + ID de recurso) o produccion propia,sí,no,Sustituir por stock con licencia documentada o por material propio; registrar licencia.,DECORATIVE_MEDIA_OVERUSE|DUPLICATED_MEDIA|GENERIC_STOCK|LICENSE_NOT_DOCUMENTED,Stock de plantilla comercial Xproperty - procedencia no documentada,en|es|ar|zh
blog-details.html,cs_sidebar [img],assets/img/post-img-2.jpg,image,684x450,186,Step-by-step Guide to Selling Your Prperty Faster 20 Dec 2025,Step-by-step Guide to Selling Your Prperty Faster,Foto editorial de stock 684x450.,2,medio,"OK (684x450, 186 KB)",20,5,sí,Licencia de stock nominal (factura + ID de recurso) o produccion propia,sí,no,Sustituir por stock con licencia documentada o por material propio; registrar licencia.,DECORATIVE_MEDIA_OVERUSE|DUPLICATED_MEDIA|GENERIC_STOCK|LICENSE_NOT_DOCUMENTED,Stock de plantilla comercial Xproperty - procedencia no documentada,en|es|ar|zh
blog-details.html,cs_sidebar [img],assets/img/post-img-3.jpg,image,684x450,109,How to Finance Your Dream Home: Mortgage Tips 20 Dec 2025,How to Finance Your Dream Home: Mortgage Tips,Foto editorial de stock 684x450.,2,medio,"OK (684x450, 109 KB)",20,5,sí,Licencia de stock nominal (factura + ID de recurso) o produccion propia,sí,no,Sustituir por stock con licencia documentada o por material propio; registrar licencia.,DECORATIVE_MEDIA_OVERUSE|DUPLICATED_MEDIA|GENERIC_STOCK|LICENSE_NOT_DOCUMENTED,Stock de plantilla comercial Xproperty - procedencia no documentada,en|es|ar|zh
blog.html,cs_footer [data-src-bg],assets/img/footer-bg-1.svg,svg,n/a,905,"Global luxury real estate, one structure — from acquisition to relocation, worldwide. Explore Properties Investment & Funds Developers Relocation Projects Company About Digital Assets Contact Newsletter XARU HOME — a NEX",Explore,SVG decorativo de pie de pagina de 926 KB.,2,medio,n/a,184,20,sí,Licencia de stock nominal (factura + ID de recurso) o produccion propia,sí,no,Optimizar o retirar: SVG de 926 KB cargado en las 184 paginas publicas.,DECORATIVE_MEDIA_OVERUSE|DUPLICATED_MEDIA|GENERIC_STOCK|LICENSE_NOT_DOCUMENTED|PERFORMANCE_RISK,Stock de plantilla comercial Xproperty - procedencia no documentada,en|es|ar|zh
blog.html,cs_page_header [data-src-bg],assets/img/page-heading.jpg,background,1920x500,192,"XARU HOME Real Estate Exceptional properties, held to a single standard. Private residences and operating hospitality assets, curated worldwide. Private Properties Villas & mansions Castles, haciendas & estates Private i",Blog Grid,Fondo generico de cabecera de la plantilla.,2,medio,"OK (1920x500, 192 KB)",20,5,sí,Licencia de stock nominal (factura + ID de recurso) o produccion propia,sí,no,Sustituir por stock con licencia documentada o por material propio; registrar licencia.,DECORATIVE_MEDIA_OVERUSE|DUPLICATED_MEDIA|GENERIC_STOCK|LICENSE_NOT_DOCUMENTED|POOR_MOBILE_CROP,Stock de plantilla comercial Xproperty - procedencia no documentada,en|es|ar|zh
blog.html,cs_post [img],assets/img/post-img-1.jpg,image,684x450,87,20 min read How to Choose the Perfect Neighborhood for Your Family View Details,How to Choose the Perfect Neighborhood for Your Family,Foto editorial de stock 684x450.,2,medio,"OK (684x450, 87 KB)",16,4,sí,Licencia de stock nominal (factura + ID de recurso) o produccion propia,sí,no,Sustituir por stock con licencia documentada o por material propio; registrar licencia.,DECORATIVE_MEDIA_OVERUSE|DUPLICATED_MEDIA|GENERIC_STOCK|LICENSE_NOT_DOCUMENTED,Stock de plantilla comercial Xproperty - procedencia no documentada,en|es|ar|zh
blog.html,cs_post [img],assets/img/post-img-2.jpg,image,684x450,186,5 min read Step-by-Step Guide to Selling Your Property Faster View Details,Step-by-Step Guide to Selling Your Property Faster,Foto editorial de stock 684x450.,2,medio,"OK (684x450, 186 KB)",20,5,sí,Licencia de stock nominal (factura + ID de recurso) o produccion propia,sí,no,Sustituir por stock con licencia documentada o por material propio; registrar licencia.,DECORATIVE_MEDIA_OVERUSE|DUPLICATED_MEDIA|GENERIC_STOCK|LICENSE_NOT_DOCUMENTED,Stock de plantilla comercial Xproperty - procedencia no documentada,en|es|ar|zh
blog.html,cs_post [img],assets/img/post-img-3.jpg,image,684x450,109,10 min read How to Finance Your Dream Home: Mortgage Tips for Buyers View Details,How to Finance Your Dream Home: Mortgage Tips for Buyers,Foto editorial de stock 684x450.,2,medio,"OK (684x450, 109 KB)",20,5,sí,Licencia de stock nominal (factura + ID de recurso) o produccion propia,sí,no,Sustituir por stock con licencia documentada o por material propio; registrar licencia.,DECORATIVE_MEDIA_OVERUSE|DUPLICATED_MEDIA|GENERIC_STOCK|LICENSE_NOT_DOCUMENTED,Stock de plantilla comercial Xproperty - procedencia no documentada,en|es|ar|zh
blog.html,cs_post [img],assets/img/post-img-4.jpg,image,684x450,129,3 min read The Ultimate Guide to Renting: What Every Tenant Should Know View Details,The Ultimate Guide to Renting: What Every Tenant Should Know,Foto editorial de stock 684x450.,2,medio,"OK (684x450, 129 KB)",8,2,sí,Licencia de stock nominal (factura + ID de recurso) o produccion propia,sí,no,Sustituir por stock con licencia documentada o por material propio; registrar licencia.,DUPLICATED_MEDIA|GENERIC_STOCK|LICENSE_NOT_DOCUMENTED,Stock de plantilla comercial Xproperty - procedencia no documentada,en|es|ar|zh
blog.html,cs_post [img],assets/img/post-img-2.jpg,image,684x450,186,29 min read How to Choose the Right Real Estate Agent View Details,How to Choose the Right Real Estate Agent,Foto editorial de stock 684x450.,2,medio,"OK (684x450, 186 KB)",20,5,sí,Licencia de stock nominal (factura + ID de recurso) o produccion propia,sí,no,Sustituir por stock con licencia documentada o por material propio; registrar licencia.,DECORATIVE_MEDIA_OVERUSE|DUPLICATED_MEDIA|GENERIC_STOCK|LICENSE_NOT_DOCUMENTED,Stock de plantilla comercial Xproperty - procedencia no documentada,en|es|ar|zh
blog.html,cs_post [img],assets/img/post-img-3.jpg,image,684x450,109,15 min read First-Time Renter Tips: What You Need to Know View Details,First-Time Renter Tips: What You Need to Know,Foto editorial de stock 684x450.,2,medio,"OK (684x450, 109 KB)",20,5,sí,Licencia de stock nominal (factura + ID de recurso) o produccion propia,sí,no,Sustituir por stock con licencia documentada o por material propio; registrar licencia.,DECORATIVE_MEDIA_OVERUSE|DUPLICATED_MEDIA|GENERIC_STOCK|LICENSE_NOT_DOCUMENTED,Stock de plantilla comercial Xproperty - procedencia no documentada,en|es|ar|zh
blog.html,cs_sidebar [img],assets/img/post-img-1.jpg,image,684x450,87,How to Choose the Perfect Real Estate Agent 20 Dec 2025,How to Choose the Perfect Real Estate Agent,Foto editorial de stock 684x450.,2,medio,"OK (684x450, 87 KB)",16,4,sí,Licencia de stock nominal (factura + ID de recurso) o produccion propia,sí,no,Sustituir por stock con licencia documentada o por material propio; registrar licencia.,DECORATIVE_MEDIA_OVERUSE|DUPLICATED_MEDIA|GENERIC_STOCK|LICENSE_NOT_DOCUMENTED,Stock de plantilla comercial Xproperty - procedencia no documentada,en|es|ar|zh
blog.html,cs_sidebar [img],assets/img/post-img-2.jpg,image,684x450,186,Step-by-step Guide to Selling Your Prperty Faster 20 Dec 2025,Step-by-step Guide to Selling Your Prperty Faster,Foto editorial de stock 684x450.,2,medio,"OK (684x450, 186 KB)",20,5,sí,Licencia de stock nominal (factura + ID de recurso) o produccion propia,sí,no,Sustituir por stock con licencia documentada o por material propio; registrar licencia.,DECORATIVE_MEDIA_OVERUSE|DUPLICATED_MEDIA|GENERIC_STOCK|LICENSE_NOT_DOCUMENTED,Stock de plantilla comercial Xproperty - procedencia no documentada,en|es|ar|zh
blog.html,cs_sidebar [img],assets/img/post-img-3.jpg,image,684x450,109,How to Finance Your Dream Home: Mortgage Tips 20 Dec 2025,How to Finance Your Dream Home: Mortgage Tips,Foto editorial de stock 684x450.,2,medio,"OK (684x450, 109 KB)",20,5,sí,Licencia de stock nominal (factura + ID de recurso) o produccion propia,sí,no,Sustituir por stock con licencia documentada o por material propio; registrar licencia.,DECORATIVE_MEDIA_OVERUSE|DUPLICATED_MEDIA|GENERIC_STOCK|LICENSE_NOT_DOCUMENTED,Stock de plantilla comercial Xproperty - procedencia no documentada,en|es|ar|zh
business-infrastructure/corporate-services/index.html,cs_footer [data-src-bg],assets/img/footer-bg-1.svg,svg,n/a,905,"Global real estate, development and business solutions — one international structure. Explore Real Estate Developments Capital & Transactions Business Infrastructure Company Company Insights Private Enquiry XARU HOME — a",Explore,SVG decorativo de pie de pagina de 926 KB.,2,medio,n/a,184,20,sí,Licencia de stock nominal (factura + ID de recurso) o produccion propia,sí,no,Optimizar o retirar: SVG de 926 KB cargado en las 184 paginas publicas.,DECORATIVE_MEDIA_OVERUSE|DUPLICATED_MEDIA|GENERIC_STOCK|LICENSE_NOT_DOCUMENTED|PERFORMANCE_RISK,Stock de plantilla comercial Xproperty - procedencia no documentada,en|es|ar|zh
business-infrastructure/index.html,(sin id) [empty-section],(ninguno),missing,n/a,0,"Seccion de 470 px de alto sin ninguna imagen, video ni fondo. Alturas por viewport: 1440x900=470px, 1920x1080=470px, 390x844=491px, 768x1024=402px",Bloque narrativo '(sin id)' sin ningun soporte visual,Nada. Campo visual vacio.,0,medio,n/a,0,0,sí,Material documental propio o diagrama/infografia de marca,sí,no,"Aportar diagrama, infografia de marca o fotografia documental con licencia; evitar relleno decorativo.",MISSING_MEDIA,N/A - ausencia de medio,en|es|ar|zh
business-infrastructure/index.html,cs_footer [data-src-bg],assets/img/footer-bg-1.svg,svg,n/a,905,"Global real estate, development and business solutions — one international structure. Explore Real Estate Developments Capital & Transactions Business Infrastructure Company Company Insights Private Enquiry XARU HOME — a",Explore,SVG decorativo de pie de pagina de 926 KB.,2,medio,n/a,184,20,sí,Licencia de stock nominal (factura + ID de recurso) o produccion propia,sí,no,Optimizar o retirar: SVG de 926 KB cargado en las 184 paginas publicas.,DECORATIVE_MEDIA_OVERUSE|DUPLICATED_MEDIA|GENERIC_STOCK|LICENSE_NOT_DOCUMENTED|PERFORMANCE_RISK,Stock de plantilla comercial Xproperty - procedencia no documentada,en|es|ar|zh
business-infrastructure/index.html,divisions [empty-section],(ninguno),missing,n/a,0,"Seccion de 466 px de alto sin ninguna imagen, video ni fondo. Alturas por viewport: 1440x900=466px, 1920x1080=466px, 390x844=944px, 768x1024=721px",Bloque narrativo 'divisions' sin ningun soporte visual,Nada. Campo visual vacio.,0,medio,n/a,0,0,sí,Material documental propio o diagrama/infografia de marca,sí,no,"Aportar diagrama, infografia de marca o fotografia documental con licencia; evitar relleno decorativo.",MISSING_MEDIA,N/A - ausencia de medio,en|es|ar|zh
business-infrastructure/trade-financial/index.html,cs_footer [data-src-bg],assets/img/footer-bg-1.svg,svg,n/a,905,"Global real estate, development and business solutions — one international structure. Explore Real Estate Developments Capital & Transactions Business Infrastructure Company Company Insights Private Enquiry XARU HOME — a",Explore,SVG decorativo de pie de pagina de 926 KB.,2,medio,n/a,184,20,sí,Licencia de stock nominal (factura + ID de recurso) o produccion propia,sí,no,Optimizar o retirar: SVG de 926 KB cargado en las 184 paginas publicas.,DECORATIVE_MEDIA_OVERUSE|DUPLICATED_MEDIA|GENERIC_STOCK|LICENSE_NOT_DOCUMENTED|PERFORMANCE_RISK,Stock de plantilla comercial Xproperty - procedencia no documentada,en|es|ar|zh
capital/deal-room/index.html,cs_footer [data-src-bg],assets/img/footer-bg-1.svg,svg,n/a,905,"Global real estate, development and business solutions — one international structure. Explore Real Estate Developments Capital & Transactions Business Infrastructure Company Company Insights Private Enquiry XARU HOME — a",Explore,SVG decorativo de pie de pagina de 926 KB.,2,medio,n/a,184,20,sí,Licencia de stock nominal (factura + ID de recurso) o produccion propia,sí,no,Optimizar o retirar: SVG de 926 KB cargado en las 184 paginas publicas.,DECORATIVE_MEDIA_OVERUSE|DUPLICATED_MEDIA|GENERIC_STOCK|LICENSE_NOT_DOCUMENTED|PERFORMANCE_RISK,Stock de plantilla comercial Xproperty - procedencia no documentada,en|es|ar|zh
capital/index.html,(sin id) [empty-section],(ninguno),missing,n/a,0,"Seccion de 470 px de alto sin ninguna imagen, video ni fondo. Alturas por viewport: 1440x900=470px, 1920x1080=470px, 390x844=491px",Bloque narrativo '(sin id)' sin ningun soporte visual,Nada. Campo visual vacio.,0,medio,n/a,0,0,sí,Material documental propio o diagrama/infografia de marca,sí,no,"Aportar diagrama, infografia de marca o fotografia documental con licencia; evitar relleno decorativo.",MISSING_MEDIA,N/A - ausencia de medio,en|es|ar|zh
capital/index.html,cs_footer [data-src-bg],assets/img/footer-bg-1.svg,svg,n/a,905,"Global real estate, development and business solutions — one international structure. Explore Real Estate Developments Capital & Transactions Business Infrastructure Company Company Insights Private Enquiry XARU HOME — a",Explore,SVG decorativo de pie de pagina de 926 KB.,2,medio,n/a,184,20,sí,Licencia de stock nominal (factura + ID de recurso) o produccion propia,sí,no,Optimizar o retirar: SVG de 926 KB cargado en las 184 paginas publicas.,DECORATIVE_MEDIA_OVERUSE|DUPLICATED_MEDIA|GENERIC_STOCK|LICENSE_NOT_DOCUMENTED|PERFORMANCE_RISK,Stock de plantilla comercial Xproperty - procedencia no documentada,en|es|ar|zh
capital/index.html,cs_gray2_bg [empty-section],(ninguno),missing,n/a,0,"Seccion de 425 px de alto sin ninguna imagen, video ni fondo. Alturas por viewport: 1440x900=425px, 1920x1080=425px, 390x844=723px, 768x1024=611px",Bloque narrativo 'cs_gray2_bg' sin ningun soporte visual,Nada. Campo visual vacio.,0,medio,n/a,0,0,sí,Material documental propio o diagrama/infografia de marca,sí,no,"Aportar diagrama, infografia de marca o fotografia documental con licencia; evitar relleno decorativo.",MISSING_MEDIA,N/A - ausencia de medio,en|es|ar|zh
capital/index.html,two-way [empty-section],(ninguno),missing,n/a,0,"Seccion de 647 px de alto sin ninguna imagen, video ni fondo. Alturas por viewport: 1440x900=647px, 1920x1080=647px, 390x844=1134px, 768x1024=624px",Bloque narrativo 'two-way' sin ningun soporte visual,Nada. Campo visual vacio.,0,medio,n/a,0,0,sí,Material documental propio o diagrama/infografia de marca,sí,no,"Aportar diagrama, infografia de marca o fotografia documental con licencia; evitar relleno decorativo.",MISSING_MEDIA,N/A - ausencia de medio,en|es|ar|zh
capital/strategic-partnerships/index.html,cs_footer [data-src-bg],assets/img/footer-bg-1.svg,svg,n/a,905,"Global real estate, development and business solutions — one international structure. Explore Real Estate Developments Capital & Transactions Business Infrastructure Company Company Insights Private Enquiry XARU HOME — a",Explore,SVG decorativo de pie de pagina de 926 KB.,2,medio,n/a,184,20,sí,Licencia de stock nominal (factura + ID de recurso) o produccion propia,sí,no,Optimizar o retirar: SVG de 926 KB cargado en las 184 paginas publicas.,DECORATIVE_MEDIA_OVERUSE|DUPLICATED_MEDIA|GENERIC_STOCK|LICENSE_NOT_DOCUMENTED|PERFORMANCE_RISK,Stock de plantilla comercial Xproperty - procedencia no documentada,en|es|ar|zh
company/index.html,cs_footer [data-src-bg],assets/img/footer-bg-1.svg,svg,n/a,905,"Global real estate, development and business solutions — one international structure. Explore Real Estate Developments Capital & Transactions Business Infrastructure Company Company Insights Private Enquiry XARU HOME — a",Explore,SVG decorativo de pie de pagina de 926 KB.,2,medio,n/a,184,20,sí,Licencia de stock nominal (factura + ID de recurso) o produccion propia,sí,no,Optimizar o retirar: SVG de 926 KB cargado en las 184 paginas publicas.,DECORATIVE_MEDIA_OVERUSE|DUPLICATED_MEDIA|GENERIC_STOCK|LICENSE_NOT_DOCUMENTED|PERFORMANCE_RISK,Stock de plantilla comercial Xproperty - procedencia no documentada,en|es|ar|zh
contact.html,(root) [data-src-bg],assets/img/contact-bg.jpg,background,972x850,251,Feel Free to Send Us Your Query Submit Request,Feel Free to Send Us Your Query,Fondo de stock para bloque de contacto.,2,medio,Insuficiente para fondo a ancho completo (972x850),4,1,sí,Licencia de stock nominal (factura + ID de recurso) o produccion propia,sí,no,Sustituir por stock con licencia documentada o por material propio; registrar licencia.,GENERIC_STOCK|LICENSE_NOT_DOCUMENTED|LOW_RESOLUTION,Stock de plantilla comercial Xproperty - procedencia no documentada,en|es|ar|zh
contact.html,(sin id) [empty-section],(ninguno),missing,n/a,0,"Seccion de 659 px de alto sin ninguna imagen, video ni fondo. Alturas por viewport: 1440x900=659px, 1920x1080=659px, 390x844=1078px, 768x1024=760px",Bloque narrativo '(sin id)' sin ningun soporte visual,Nada. Campo visual vacio.,0,medio,n/a,0,0,sí,Material documental propio o diagrama/infografia de marca,sí,no,"Aportar diagrama, infografia de marca o fotografia documental con licencia; evitar relleno decorativo.",MISSING_MEDIA,N/A - ausencia de medio,en|es|ar|zh
contact.html,cs_footer [data-src-bg],assets/img/footer-bg-1.svg,svg,n/a,905,"Global luxury real estate, one structure — from acquisition to relocation, worldwide. Explore Properties Investment & Funds Developers Relocation Projects Company About Digital Assets Contact Newsletter XARU HOME — a NEX",Explore,SVG decorativo de pie de pagina de 926 KB.,2,medio,n/a,184,20,sí,Licencia de stock nominal (factura + ID de recurso) o produccion propia,sí,no,Optimizar o retirar: SVG de 926 KB cargado en las 184 paginas publicas.,DECORATIVE_MEDIA_OVERUSE|DUPLICATED_MEDIA|GENERIC_STOCK|LICENSE_NOT_DOCUMENTED|PERFORMANCE_RISK,Stock de plantilla comercial Xproperty - procedencia no documentada,en|es|ar|zh
contact.html,cs_page_header [data-src-bg],assets/img/page-heading.jpg,background,1920x500,192,Contact Us Home Contact Us,Contact Us,Fondo generico de cabecera de la plantilla.,2,medio,"OK (1920x500, 192 KB)",20,5,sí,Licencia de stock nominal (factura + ID de recurso) o produccion propia,sí,no,Sustituir por stock con licencia documentada o por material propio; registrar licencia.,DECORATIVE_MEDIA_OVERUSE|DUPLICATED_MEDIA|GENERIC_STOCK|LICENSE_NOT_DOCUMENTED|POOR_MOBILE_CROP,Stock de plantilla comercial Xproperty - procedencia no documentada,en|es|ar|zh
developments/index.html,(sin id) [empty-section],(ninguno),missing,n/a,0,"Seccion de 470 px de alto sin ninguna imagen, video ni fondo. Alturas por viewport: 1440x900=470px, 1920x1080=470px, 390x844=491px",Bloque narrativo '(sin id)' sin ningun soporte visual,Nada. Campo visual vacio.,0,medio,n/a,0,0,sí,Material documental propio o diagrama/infografia de marca,sí,no,"Aportar diagrama, infografia de marca o fotografia documental con licencia; evitar relleno decorativo.",MISSING_MEDIA,N/A - ausencia de medio,en|es|ar|zh
developments/index.html,chain [empty-section],(ninguno),missing,n/a,0,"Seccion de 445 px de alto sin ninguna imagen, video ni fondo. Alturas por viewport: 1440x900=445px, 1920x1080=445px, 390x844=598px, 768x1024=395px",Bloque narrativo 'chain' sin ningun soporte visual,Nada. Campo visual vacio.,0,medio,n/a,0,0,sí,Material documental propio o diagrama/infografia de marca,sí,no,"Aportar diagrama, infografia de marca o fotografia documental con licencia; evitar relleno decorativo.",MISSING_MEDIA,N/A - ausencia de medio,en|es|ar|zh
developments/index.html,cs_footer [data-src-bg],assets/img/footer-bg-1.svg,svg,n/a,905,"Global real estate, development and business solutions — one international structure. Explore Real Estate Developments Capital & Transactions Business Infrastructure Company Company Insights Private Enquiry XARU HOME — a",Explore,SVG decorativo de pie de pagina de 926 KB.,2,medio,n/a,184,20,sí,Licencia de stock nominal (factura + ID de recurso) o produccion propia,sí,no,Optimizar o retirar: SVG de 926 KB cargado en las 184 paginas publicas.,DECORATIVE_MEDIA_OVERUSE|DUPLICATED_MEDIA|GENERIC_STOCK|LICENSE_NOT_DOCUMENTED|PERFORMANCE_RISK,Stock de plantilla comercial Xproperty - procedencia no documentada,en|es|ar|zh
developments/index.html,divisions [empty-section],(ninguno),missing,n/a,0,"Seccion de 438 px de alto sin ninguna imagen, video ni fondo. Alturas por viewport: 1440x900=438px, 1920x1080=438px, 390x844=832px, 768x1024=665px",Bloque narrativo 'divisions' sin ningun soporte visual,Nada. Campo visual vacio.,0,medio,n/a,0,0,sí,Material documental propio o diagrama/infografia de marca,sí,no,"Aportar diagrama, infografia de marca o fotografia documental con licencia; evitar relleno decorativo.",MISSING_MEDIA,N/A - ausencia de medio,en|es|ar|zh
developments/land-master-developments/index.html,cs_footer [data-src-bg],assets/img/footer-bg-1.svg,svg,n/a,905,"Global real estate, development and business solutions — one international structure. Explore Real Estate Developments Capital & Transactions Business Infrastructure Company Company Insights Private Enquiry XARU HOME — a",Explore,SVG decorativo de pie de pagina de 926 KB.,2,medio,n/a,184,20,sí,Licencia de stock nominal (factura + ID de recurso) o produccion propia,sí,no,Optimizar o retirar: SVG de 926 KB cargado en las 184 paginas publicas.,DECORATIVE_MEDIA_OVERUSE|DUPLICATED_MEDIA|GENERIC_STOCK|LICENSE_NOT_DOCUMENTED|PERFORMANCE_RISK,Stock de plantilla comercial Xproperty - procedencia no documentada,en|es|ar|zh
developments/project-structuring/index.html,cs_footer [data-src-bg],assets/img/footer-bg-1.svg,svg,n/a,905,"Global real estate, development and business solutions — one international structure. Explore Real Estate Developments Capital & Transactions Business Infrastructure Company Company Insights Private Enquiry XARU HOME — a",Explore,SVG decorativo de pie de pagina de 926 KB.,2,medio,n/a,184,20,sí,Licencia de stock nominal (factura + ID de recurso) o produccion propia,sí,no,Optimizar o retirar: SVG de 926 KB cargado en las 184 paginas publicas.,DECORATIVE_MEDIA_OVERUSE|DUPLICATED_MEDIA|GENERIC_STOCK|LICENSE_NOT_DOCUMENTED|PERFORMANCE_RISK,Stock de plantilla comercial Xproperty - procedencia no documentada,en|es|ar|zh
faq.html,(root) [img],assets/img/illustartion.svg,svg,n/a,310,FAQ Got questions? We've Got Answers!,Got questions? We've Got Answers!,Ilustracion vectorial de 310 KB para FAQ.,2,medio,n/a,4,1,sí,Licencia de stock nominal (factura + ID de recurso) o produccion propia,sí,no,Sustituir por stock con licencia documentada o por material propio; registrar licencia.,GENERIC_STOCK|LICENSE_NOT_DOCUMENTED,Stock de plantilla comercial Xproperty - procedencia no documentada,en|es|ar|zh
faq.html,cs_footer [data-src-bg],assets/img/footer-bg-1.svg,svg,n/a,905,"Global luxury real estate, one structure — from acquisition to relocation, worldwide. Explore Properties Investment & Funds Developers Relocation Projects Company About Digital Assets Contact Newsletter XARU HOME — a NEX",Explore,SVG decorativo de pie de pagina de 926 KB.,2,medio,n/a,184,20,sí,Licencia de stock nominal (factura + ID de recurso) o produccion propia,sí,no,Optimizar o retirar: SVG de 926 KB cargado en las 184 paginas publicas.,DECORATIVE_MEDIA_OVERUSE|DUPLICATED_MEDIA|GENERIC_STOCK|LICENSE_NOT_DOCUMENTED|PERFORMANCE_RISK,Stock de plantilla comercial Xproperty - procedencia no documentada,en|es|ar|zh
faq.html,cs_page_header [data-src-bg],assets/img/page-heading.jpg,background,1920x500,192,FAQ & Answer Home Faq & Answer,FAQ & Answer,Fondo generico de cabecera de la plantilla.,2,medio,"OK (1920x500, 192 KB)",20,5,sí,Licencia de stock nominal (factura + ID de recurso) o produccion propia,sí,no,Sustituir por stock con licencia documentada o por material propio; registrar licencia.,DECORATIVE_MEDIA_OVERUSE|DUPLICATED_MEDIA|GENERIC_STOCK|LICENSE_NOT_DOCUMENTED|POOR_MOBILE_CROP,Stock de plantilla comercial Xproperty - procedencia no documentada,en|es|ar|zh
index.html,capability [empty-section],(ninguno),missing,n/a,0,"Seccion de 831 px de alto sin ninguna imagen, video ni fondo. Alturas por viewport: 1440x900=831px, 1920x1080=831px, 390x844=1527px, 768x1024=922px",Bloque narrativo 'capability' sin ningun soporte visual,Nada. Campo visual vacio.,0,medio,n/a,0,0,sí,Material documental propio o diagrama/infografia de marca,sí,no,"Aportar diagrama, infografia de marca o fotografia documental con licencia; evitar relleno decorativo.",MISSING_MEDIA,N/A - ausencia de medio,en|es|ar|zh
index.html,cs_footer [data-src-bg],assets/img/footer-bg-1.svg,svg,n/a,905,"Global luxury real estate, one structure — from acquisition to relocation, worldwide. Explore Opportunities Properties Investment & Funds Developers Relocation Projects Company About Digital Assets Contact Newsletter XAR",Explore,SVG decorativo de pie de pagina de 926 KB.,2,medio,n/a,184,20,sí,Licencia de stock nominal (factura + ID de recurso) o produccion propia,sí,no,Optimizar o retirar: SVG de 926 KB cargado en las 184 paginas publicas.,DECORATIVE_MEDIA_OVERUSE|DUPLICATED_MEDIA|GENERIC_STOCK|LICENSE_NOT_DOCUMENTED|PERFORMANCE_RISK,Stock de plantilla comercial Xproperty - procedencia no documentada,en|es|ar|zh
index.html,digital-assets [video-poster],__MISSING_POSTER__,image,n/a,0,"Digital Assets Property, Settled with Precision For qualifying clients, our specialized team facilitates property acquisition using digital assets (USDC, USDT, BTC) exclusively through regulated channels, with full KYC/A","Property, Settled with Precision",El elemento <video> del bloque 'Digital Assets' no declara poster.,0,medio,n/a,1,1,no,Fotograma documental,no,no,Anadir poster al <video> o retirar el bloque de video.,MISSING_POSTER,N/A,en|es|ar|zh
index.html,dual [empty-section],(ninguno),missing,n/a,0,"Seccion de 688 px de alto sin ninguna imagen, video ni fondo. Alturas por viewport: 1440x900=688px, 1920x1080=688px, 390x844=681px, 768x1024=499px",Bloque narrativo 'dual' sin ningun soporte visual,Nada. Campo visual vacio.,0,medio,n/a,0,0,sí,Material documental propio o diagrama/infografia de marca,sí,no,"Aportar diagrama, infografia de marca o fotografia documental con licencia; evitar relleno decorativo.",MISSING_MEDIA,N/A - ausencia de medio,en|es|ar|zh
index.html,infra [empty-section],(ninguno),missing,n/a,0,"Seccion de 753 px de alto sin ninguna imagen, video ni fondo. Alturas por viewport: 1440x900=753px, 1920x1080=753px, 390x844=1344px, 768x1024=886px",Bloque narrativo 'infra' sin ningun soporte visual,Nada. Campo visual vacio.,0,medio,n/a,0,0,sí,Material documental propio o diagrama/infografia de marca,sí,no,"Aportar diagrama, infografia de marca o fotografia documental con licencia; evitar relleno decorativo.",MISSING_MEDIA,N/A - ausencia de medio,en|es|ar|zh
index.html,insights-home [empty-section],(ninguno),missing,n/a,0,"Seccion de 543 px de alto sin ninguna imagen, video ni fondo. Alturas por viewport: 1440x900=543px, 1920x1080=543px, 390x844=630px, 768x1024=450px",Bloque narrativo 'insights-home' sin ningun soporte visual,Nada. Campo visual vacio.,0,medio,n/a,0,0,sí,Material documental propio o diagrama/infografia de marca,sí,no,"Aportar diagrama, infografia de marca o fotografia documental con licencia; evitar relleno decorativo.",MISSING_MEDIA,N/A - ausencia de medio,en|es|ar|zh
index.html,journey [empty-section],(ninguno),missing,n/a,0,"Seccion de 719 px de alto sin ninguna imagen, video ni fondo. Alturas por viewport: 1440x900=719px, 1920x1080=719px, 390x844=1106px, 768x1024=1030px",Bloque narrativo 'journey' sin ningun soporte visual,Nada. Campo visual vacio.,0,medio,n/a,0,0,sí,Material documental propio o diagrama/infografia de marca,sí,no,"Aportar diagrama, infografia de marca o fotografia documental con licencia; evitar relleno decorativo.",MISSING_MEDIA,N/A - ausencia de medio,en|es|ar|zh
index.html,presence [empty-section],(ninguno),missing,n/a,0,"Seccion de 913 px de alto sin ninguna imagen, video ni fondo. Alturas por viewport: 1440x900=913px, 1920x1080=913px, 390x844=1447px, 768x1024=978px",Bloque narrativo 'presence' sin ningun soporte visual,Nada. Campo visual vacio.,0,medio,n/a,0,0,sí,Material documental propio o diagrama/infografia de marca,sí,no,"Aportar diagrama, infografia de marca o fotografia documental con licencia; evitar relleno decorativo.",MISSING_MEDIA,N/A - ausencia de medio,en|es|ar|zh
index.html,private-desk [empty-section],(ninguno),missing,n/a,0,"Seccion de 591 px de alto sin ninguna imagen, video ni fondo. Alturas por viewport: 1440x900=591px, 1920x1080=591px, 390x844=476px, 768x1024=433px",Bloque narrativo 'private-desk' sin ningun soporte visual,Nada. Campo visual vacio.,0,medio,n/a,0,0,sí,Material documental propio o diagrama/infografia de marca,sí,no,"Aportar diagrama, infografia de marca o fotografia documental con licencia; evitar relleno decorativo.",MISSING_MEDIA,N/A - ausencia de medio,en|es|ar|zh
index.html,xr_block cs_gray2_bg [empty-section],(ninguno),missing,n/a,0,"Seccion de 701 px de alto sin ninguna imagen, video ni fondo. Alturas por viewport: 1440x900=701px, 1920x1080=701px, 390x844=1440px, 768x1024=960px",Bloque narrativo 'xr_block cs_gray2_bg' sin ningun soporte visual,Nada. Campo visual vacio.,0,medio,n/a,0,0,sí,Material documental propio o diagrama/infografia de marca,sí,no,"Aportar diagrama, infografia de marca o fotografia documental con licencia; evitar relleno decorativo.",MISSING_MEDIA,N/A - ausencia de medio,en|es|ar|zh
insights/capital-halted-projects/index.html,cs_footer [data-src-bg],assets/img/footer-bg-1.svg,svg,n/a,905,"Global real estate, development and business solutions — one international structure. Explore Real Estate Developments Capital & Transactions Business Infrastructure Company Company Insights Private Enquiry XARU HOME — a",Explore,SVG decorativo de pie de pagina de 926 KB.,2,medio,n/a,184,20,sí,Licencia de stock nominal (factura + ID de recurso) o produccion propia,sí,no,Optimizar o retirar: SVG de 926 KB cargado en las 184 paginas publicas.,DECORATIVE_MEDIA_OVERUSE|DUPLICATED_MEDIA|GENERIC_STOCK|LICENSE_NOT_DOCUMENTED|PERFORMANCE_RISK,Stock de plantilla comercial Xproperty - procedencia no documentada,en|es|ar|zh
insights/index.html,cs_footer [data-src-bg],assets/img/footer-bg-1.svg,svg,n/a,905,"Global real estate, development and business solutions — one international structure. Explore Real Estate Developments Capital & Transactions Business Infrastructure Company Company Insights Private Enquiry XARU HOME — a",Explore,SVG decorativo de pie de pagina de 926 KB.,2,medio,n/a,184,20,sí,Licencia de stock nominal (factura + ID de recurso) o produccion propia,sí,no,Optimizar o retirar: SVG de 926 KB cargado en las 184 paginas publicas.,DECORATIVE_MEDIA_OVERUSE|DUPLICATED_MEDIA|GENERIC_STOCK|LICENSE_NOT_DOCUMENTED|PERFORMANCE_RISK,Stock de plantilla comercial Xproperty - procedencia no documentada,en|es|ar|zh
insights/index.html,sectors [empty-section],(ninguno),missing,n/a,0,"Seccion de 856 px de alto sin ninguna imagen, video ni fondo. Alturas por viewport: 1440x900=856px, 1920x1080=856px, 390x844=1979px, 768x1024=1320px",Bloque narrativo 'sectors' sin ningun soporte visual,Nada. Campo visual vacio.,0,medio,n/a,0,0,sí,Material documental propio o diagrama/infografia de marca,sí,no,"Aportar diagrama, infografia de marca o fotografia documental con licencia; evitar relleno decorativo.",MISSING_MEDIA,N/A - ausencia de medio,en|es|ar|zh
insights/international-establishment/index.html,cs_footer [data-src-bg],assets/img/footer-bg-1.svg,svg,n/a,905,"Global real estate, development and business solutions — one international structure. Explore Real Estate Developments Capital & Transactions Business Infrastructure Company Company Insights Private Enquiry XARU HOME — a",Explore,SVG decorativo de pie de pagina de 926 KB.,2,medio,n/a,184,20,sí,Licencia de stock nominal (factura + ID de recurso) o produccion propia,sí,no,Optimizar o retirar: SVG de 926 KB cargado en las 184 paginas publicas.,DECORATIVE_MEDIA_OVERUSE|DUPLICATED_MEDIA|GENERIC_STOCK|LICENSE_NOT_DOCUMENTED|PERFORMANCE_RISK,Stock de plantilla comercial Xproperty - procedencia no documentada,en|es|ar|zh
insights/operational-hospitality/index.html,cs_footer [data-src-bg],assets/img/footer-bg-1.svg,svg,n/a,905,"Global real estate, development and business solutions — one international structure. Explore Real Estate Developments Capital & Transactions Business Infrastructure Company Company Insights Private Enquiry XARU HOME — a",Explore,SVG decorativo de pie de pagina de 926 KB.,2,medio,n/a,184,20,sí,Licencia de stock nominal (factura + ID de recurso) o produccion propia,sí,no,Optimizar o retirar: SVG de 926 KB cargado en las 184 paginas publicas.,DECORATIVE_MEDIA_OVERUSE|DUPLICATED_MEDIA|GENERIC_STOCK|LICENSE_NOT_DOCUMENTED|PERFORMANCE_RISK,Stock de plantilla comercial Xproperty - procedencia no documentada,en|es|ar|zh
insights/territorial-land/index.html,cs_footer [data-src-bg],assets/img/footer-bg-1.svg,svg,n/a,905,"Global real estate, development and business solutions — one international structure. Explore Real Estate Developments Capital & Transactions Business Infrastructure Company Company Insights Private Enquiry XARU HOME — a",Explore,SVG decorativo de pie de pagina de 926 KB.,2,medio,n/a,184,20,sí,Licencia de stock nominal (factura + ID de recurso) o produccion propia,sí,no,Optimizar o retirar: SVG de 926 KB cargado en las 184 paginas publicas.,DECORATIVE_MEDIA_OVERUSE|DUPLICATED_MEDIA|GENERIC_STOCK|LICENSE_NOT_DOCUMENTED|PERFORMANCE_RISK,Stock de plantilla comercial Xproperty - procedencia no documentada,en|es|ar|zh
opportunities/cf-confidential-portfolio/index.html,cs_footer [data-src-bg],assets/img/footer-bg-1.svg,svg,n/a,905,"Global real estate, development and business solutions — one international structure. Explore Real Estate Developments Capital & Transactions Business Infrastructure Company Company Insights Private Enquiry XARU HOME — a",Explore,SVG decorativo de pie de pagina de 926 KB.,2,medio,n/a,184,20,sí,Licencia de stock nominal (factura + ID de recurso) o produccion propia,sí,no,Optimizar o retirar: SVG de 926 KB cargado en las 184 paginas publicas.,DECORATIVE_MEDIA_OVERUSE|DUPLICATED_MEDIA|GENERIC_STOCK|LICENSE_NOT_DOCUMENTED|PERFORMANCE_RISK,Stock de plantilla comercial Xproperty - procedencia no documentada,en|es|ar|zh
opportunities/index.html,cs_footer [data-src-bg],assets/img/footer-bg-1.svg,svg,n/a,905,"Global real estate, development and business solutions — one international structure. Explore Real Estate Developments Capital & Transactions Business Infrastructure Company Company Insights Private Enquiry XARU HOME — a",Explore,SVG decorativo de pie de pagina de 926 KB.,2,medio,n/a,184,20,sí,Licencia de stock nominal (factura + ID de recurso) o produccion propia,sí,no,Optimizar o retirar: SVG de 926 KB cargado en las 184 paginas publicas.,DECORATIVE_MEDIA_OVERUSE|DUPLICATED_MEDIA|GENERIC_STOCK|LICENSE_NOT_DOCUMENTED|PERFORMANCE_RISK,Stock de plantilla comercial Xproperty - procedencia no documentada,en|es|ar|zh
opportunities/lp-ashima-masterplan/index.html,cs_footer [data-src-bg],assets/img/footer-bg-1.svg,svg,n/a,905,"Global real estate, development and business solutions — one international structure. Explore Real Estate Developments Capital & Transactions Business Infrastructure Company Company Insights Private Enquiry XARU HOME — a",Explore,SVG decorativo de pie de pagina de 926 KB.,2,medio,n/a,184,20,sí,Licencia de stock nominal (factura + ID de recurso) o produccion propia,sí,no,Optimizar o retirar: SVG de 926 KB cargado en las 184 paginas publicas.,DECORATIVE_MEDIA_OVERUSE|DUPLICATED_MEDIA|GENERIC_STOCK|LICENSE_NOT_DOCUMENTED|PERFORMANCE_RISK,Stock de plantilla comercial Xproperty - procedencia no documentada,en|es|ar|zh
opportunities/lp-land-11m/index.html,cs_footer [data-src-bg],assets/img/footer-bg-1.svg,svg,n/a,905,"Global real estate, development and business solutions — one international structure. Explore Real Estate Developments Capital & Transactions Business Infrastructure Company Company Insights Private Enquiry XARU HOME — a",Explore,SVG decorativo de pie de pagina de 926 KB.,2,medio,n/a,184,20,sí,Licencia de stock nominal (factura + ID de recurso) o produccion propia,sí,no,Optimizar o retirar: SVG de 926 KB cargado en las 184 paginas publicas.,DECORATIVE_MEDIA_OVERUSE|DUPLICATED_MEDIA|GENERIC_STOCK|LICENSE_NOT_DOCUMENTED|PERFORMANCE_RISK,Stock de plantilla comercial Xproperty - procedencia no documentada,en|es|ar|zh
opportunities/pa-quarry-license/index.html,cs_footer [data-src-bg],assets/img/footer-bg-1.svg,svg,n/a,905,"Global real estate, development and business solutions — one international structure. Explore Real Estate Developments Capital & Transactions Business Infrastructure Company Company Insights Private Enquiry XARU HOME — a",Explore,SVG decorativo de pie de pagina de 926 KB.,2,medio,n/a,184,20,sí,Licencia de stock nominal (factura + ID de recurso) o produccion propia,sí,no,Optimizar o retirar: SVG de 926 KB cargado en las 184 paginas publicas.,DECORATIVE_MEDIA_OVERUSE|DUPLICATED_MEDIA|GENERIC_STOCK|LICENSE_NOT_DOCUMENTED|PERFORMANCE_RISK,Stock de plantilla comercial Xproperty - procedencia no documentada,en|es|ar|zh
opportunities/submit/index.html,(sin id) [empty-section],(ninguno),missing,n/a,0,"Seccion de 1560 px de alto sin ninguna imagen, video ni fondo. Alturas por viewport: 1440x900=1560px, 1920x1080=1560px, 390x844=2099px, 768x1024=1503px",Bloque narrativo '(sin id)' sin ningun soporte visual,Nada. Campo visual vacio.,0,medio,n/a,0,0,sí,Material documental propio o diagrama/infografia de marca,sí,no,"Aportar diagrama, infografia de marca o fotografia documental con licencia; evitar relleno decorativo.",MISSING_MEDIA,N/A - ausencia de medio,en|es|ar|zh
opportunities/submit/index.html,cs_footer [data-src-bg],assets/img/footer-bg-1.svg,svg,n/a,905,"Global real estate, development and business solutions — one international structure. Explore Real Estate Developments Capital & Transactions Business Infrastructure Company Company Insights Private Enquiry XARU HOME — a",Explore,SVG decorativo de pie de pagina de 926 KB.,2,medio,n/a,184,20,sí,Licencia de stock nominal (factura + ID de recurso) o produccion propia,sí,no,Optimizar o retirar: SVG de 926 KB cargado en las 184 paginas publicas.,DECORATIVE_MEDIA_OVERUSE|DUPLICATED_MEDIA|GENERIC_STOCK|LICENSE_NOT_DOCUMENTED|PERFORMANCE_RISK,Stock de plantilla comercial Xproperty - procedencia no documentada,en|es|ar|zh
opportunities/submit/index.html,cs_gray2_bg [empty-section],(ninguno),missing,n/a,0,"Seccion de 500 px de alto sin ninguna imagen, video ni fondo. Alturas por viewport: 1440x900=500px, 1920x1080=500px, 390x844=573px, 768x1024=410px",Bloque narrativo 'cs_gray2_bg' sin ningun soporte visual,Nada. Campo visual vacio.,0,medio,n/a,0,0,sí,Material documental propio o diagrama/infografia de marca,sí,no,"Aportar diagrama, infografia de marca o fotografia documental con licencia; evitar relleno decorativo.",MISSING_MEDIA,N/A - ausencia de medio,en|es|ar|zh
private-enquiry/index.html,(sin id) [empty-section],(ninguno),missing,n/a,0,"Seccion de 896 px de alto sin ninguna imagen, video ni fondo. Alturas por viewport: 1440x900=896px, 1920x1080=896px, 390x844=1083px, 768x1024=811px",Bloque narrativo '(sin id)' sin ningun soporte visual,Nada. Campo visual vacio.,0,medio,n/a,0,0,sí,Material documental propio o diagrama/infografia de marca,sí,no,"Aportar diagrama, infografia de marca o fotografia documental con licencia; evitar relleno decorativo.",MISSING_MEDIA,N/A - ausencia de medio,en|es|ar|zh
private-enquiry/index.html,cs_footer [data-src-bg],assets/img/footer-bg-1.svg,svg,n/a,905,"Global real estate, development and business solutions — one international structure. Explore Real Estate Developments Capital & Transactions Business Infrastructure Company Company Insights Private Enquiry XARU HOME — a",Explore,SVG decorativo de pie de pagina de 926 KB.,2,medio,n/a,184,20,sí,Licencia de stock nominal (factura + ID de recurso) o produccion propia,sí,no,Optimizar o retirar: SVG de 926 KB cargado en las 184 paginas publicas.,DECORATIVE_MEDIA_OVERUSE|DUPLICATED_MEDIA|GENERIC_STOCK|LICENSE_NOT_DOCUMENTED|PERFORMANCE_RISK,Stock de plantilla comercial Xproperty - procedencia no documentada,en|es|ar|zh
property-details.html,(root) [img],assets/img/property-banner.jpg,image,1416x670,264,,(bloque sin titulo),Banner de propiedad de la plantilla 1416x670.,2,medio,"OK (1416x670, 264 KB)",8,1,sí,Licencia de stock nominal (factura + ID de recurso) o produccion propia,sí,no,Sustituir por stock con licencia documentada o por material propio; registrar licencia.,DUPLICATED_MEDIA|GENERIC_STOCK|LICENSE_NOT_DOCUMENTED,Stock de plantilla comercial Xproperty - procedencia no documentada,en|es|ar|zh
property-details.html,cs_footer [data-src-bg],assets/img/footer-bg-1.svg,svg,n/a,905,"Global luxury real estate, one structure — from acquisition to relocation, worldwide. Explore Properties Investment & Funds Developers Relocation Projects Company About Digital Assets Contact Newsletter XARU HOME — a NEX",Explore,SVG decorativo de pie de pagina de 926 KB.,2,medio,n/a,184,20,sí,Licencia de stock nominal (factura + ID de recurso) o produccion propia,sí,no,Optimizar o retirar: SVG de 926 KB cargado en las 184 paginas publicas.,DECORATIVE_MEDIA_OVERUSE|DUPLICATED_MEDIA|GENERIC_STOCK|LICENSE_NOT_DOCUMENTED|PERFORMANCE_RISK,Stock de plantilla comercial Xproperty - procedencia no documentada,en|es|ar|zh
property-details.html,floor-1 [img],assets/img/floor-plan-2.png,image,547x460,83,,(bloque sin titulo),Plano de planta generico de la plantilla.,2,medio,"OK (547x460, 83 KB)",4,1,sí,Licencia de stock nominal (factura + ID de recurso) o produccion propia,sí,no,Sustituir por stock con licencia documentada o por material propio; registrar licencia.,GENERIC_STOCK|LICENSE_NOT_DOCUMENTED,Stock de plantilla comercial Xproperty - procedencia no documentada,en|es|ar|zh
property-details.html,floor-2 [img],assets/img/floor-plan.png,image,720x418,170,,(bloque sin titulo),Plano de planta generico de la plantilla.,2,medio,"OK (720x418, 170 KB)",4,1,sí,Licencia de stock nominal (factura + ID de recurso) o produccion propia,sí,no,Sustituir por stock con licencia documentada o por material propio; registrar licencia.,GENERIC_STOCK|LICENSE_NOT_DOCUMENTED,Stock de plantilla comercial Xproperty - procedencia no documentada,en|es|ar|zh
property-listing-buy.html,cs_footer [data-src-bg],assets/img/footer-bg-1.svg,svg,n/a,905,"Global luxury real estate, one structure — from acquisition to relocation, worldwide. Explore Properties Investment & Funds Developers Relocation Projects Company About Digital Assets Contact Newsletter XARU HOME — a NEX",Explore,SVG decorativo de pie de pagina de 926 KB.,2,medio,n/a,184,20,sí,Licencia de stock nominal (factura + ID de recurso) o produccion propia,sí,no,Optimizar o retirar: SVG de 926 KB cargado en las 184 paginas publicas.,DECORATIVE_MEDIA_OVERUSE|DUPLICATED_MEDIA|GENERIC_STOCK|LICENSE_NOT_DOCUMENTED|PERFORMANCE_RISK,Stock de plantilla comercial Xproperty - procedencia no documentada,en|es|ar|zh
property-listing-rent.html,cs_footer [data-src-bg],assets/img/footer-bg-1.svg,svg,n/a,905,"Global luxury real estate, one structure — from acquisition to relocation, worldwide. Explore Properties Investment & Funds Developers Relocation Projects Company About Digital Assets Contact Newsletter XARU HOME — a NEX",Explore,SVG decorativo de pie de pagina de 926 KB.,2,medio,n/a,184,20,sí,Licencia de stock nominal (factura + ID de recurso) o produccion propia,sí,no,Optimizar o retirar: SVG de 926 KB cargado en las 184 paginas publicas.,DECORATIVE_MEDIA_OVERUSE|DUPLICATED_MEDIA|GENERIC_STOCK|LICENSE_NOT_DOCUMENTED|PERFORMANCE_RISK,Stock de plantilla comercial Xproperty - procedencia no documentada,en|es|ar|zh
property-listing-search.html,cs_footer [data-src-bg],assets/img/footer-bg-1.svg,svg,n/a,905,"Global luxury real estate, one structure — from acquisition to relocation, worldwide. Explore Properties Investment & Funds Developers Relocation Projects Company About Digital Assets Contact Newsletter XARU HOME — a NEX",Explore,SVG decorativo de pie de pagina de 926 KB.,2,medio,n/a,184,20,sí,Licencia de stock nominal (factura + ID de recurso) o produccion propia,sí,no,Optimizar o retirar: SVG de 926 KB cargado en las 184 paginas publicas.,DECORATIVE_MEDIA_OVERUSE|DUPLICATED_MEDIA|GENERIC_STOCK|LICENSE_NOT_DOCUMENTED|PERFORMANCE_RISK,Stock de plantilla comercial Xproperty - procedencia no documentada,en|es|ar|zh
real-estate/commercial-hospitality/ch-hotel-halted/index.html,cs_footer [data-src-bg],assets/img/footer-bg-1.svg,svg,n/a,905,"Global real estate, development and business solutions — one international structure. Explore Real Estate Developments Capital & Transactions Business Infrastructure Company Company Insights Private Enquiry XARU HOME — a",Explore,SVG decorativo de pie de pagina de 926 KB.,2,medio,n/a,184,20,sí,Licencia de stock nominal (factura + ID de recurso) o produccion propia,sí,no,Optimizar o retirar: SVG de 926 KB cargado en las 184 paginas publicas.,DECORATIVE_MEDIA_OVERUSE|DUPLICATED_MEDIA|GENERIC_STOCK|LICENSE_NOT_DOCUMENTED|PERFORMANCE_RISK,Stock de plantilla comercial Xproperty - procedencia no documentada,en|es|ar|zh
real-estate/commercial-hospitality/ch-hotel-operational/index.html,cs_footer [data-src-bg],assets/img/footer-bg-1.svg,svg,n/a,905,"Global real estate, development and business solutions — one international structure. Explore Real Estate Developments Capital & Transactions Business Infrastructure Company Company Insights Private Enquiry XARU HOME — a",Explore,SVG decorativo de pie de pagina de 926 KB.,2,medio,n/a,184,20,sí,Licencia de stock nominal (factura + ID de recurso) o produccion propia,sí,no,Optimizar o retirar: SVG de 926 KB cargado en las 184 paginas publicas.,DECORATIVE_MEDIA_OVERUSE|DUPLICATED_MEDIA|GENERIC_STOCK|LICENSE_NOT_DOCUMENTED|PERFORMANCE_RISK,Stock de plantilla comercial Xproperty - procedencia no documentada,en|es|ar|zh
real-estate/commercial-hospitality/ch-resort-development/index.html,cs_footer [data-src-bg],assets/img/footer-bg-1.svg,svg,n/a,905,"Global real estate, development and business solutions — one international structure. Explore Real Estate Developments Capital & Transactions Business Infrastructure Company Company Insights Private Enquiry XARU HOME — a",Explore,SVG decorativo de pie de pagina de 926 KB.,2,medio,n/a,184,20,sí,Licencia de stock nominal (factura + ID de recurso) o produccion propia,sí,no,Optimizar o retirar: SVG de 926 KB cargado en las 184 paginas publicas.,DECORATIVE_MEDIA_OVERUSE|DUPLICATED_MEDIA|GENERIC_STOCK|LICENSE_NOT_DOCUMENTED|PERFORMANCE_RISK,Stock de plantilla comercial Xproperty - procedencia no documentada,en|es|ar|zh
real-estate/commercial-hospitality/index.html,cs_footer [data-src-bg],assets/img/footer-bg-1.svg,svg,n/a,905,"Global real estate, development and business solutions — one international structure. Explore Real Estate Developments Capital & Transactions Business Infrastructure Company Company Insights Private Enquiry XARU HOME — a",Explore,SVG decorativo de pie de pagina de 926 KB.,2,medio,n/a,184,20,sí,Licencia de stock nominal (factura + ID de recurso) o produccion propia,sí,no,Optimizar o retirar: SVG de 926 KB cargado en las 184 paginas publicas.,DECORATIVE_MEDIA_OVERUSE|DUPLICATED_MEDIA|GENERIC_STOCK|LICENSE_NOT_DOCUMENTED|PERFORMANCE_RISK,Stock de plantilla comercial Xproperty - procedencia no documentada,en|es|ar|zh
real-estate/index.html,cs_footer [data-src-bg],assets/img/footer-bg-1.svg,svg,n/a,905,"Global real estate, development and business solutions — one international structure. Explore Real Estate Developments Capital & Transactions Business Infrastructure Company Company Insights Private Enquiry XARU HOME — a",Explore,SVG decorativo de pie de pagina de 926 KB.,2,medio,n/a,184,20,sí,Licencia de stock nominal (factura + ID de recurso) o produccion propia,sí,no,Optimizar o retirar: SVG de 926 KB cargado en las 184 paginas publicas.,DECORATIVE_MEDIA_OVERUSE|DUPLICATED_MEDIA|GENERIC_STOCK|LICENSE_NOT_DOCUMENTED|PERFORMANCE_RISK,Stock de plantilla comercial Xproperty - procedencia no documentada,en|es|ar|zh
real-estate/index.html,s01 [empty-section],(ninguno),missing,n/a,0,"Seccion de 406 px de alto sin ninguna imagen, video ni fondo. Alturas por viewport: 390x844=406px",Bloque narrativo 's01' sin ningun soporte visual,Nada. Campo visual vacio.,0,medio,n/a,0,0,sí,Material documental propio o diagrama/infografia de marca,sí,no,"Aportar diagrama, infografia de marca o fotografia documental con licencia; evitar relleno decorativo.",MISSING_MEDIA,N/A - ausencia de medio,en|es|ar|zh
real-estate/index.html,s02 [empty-section],(ninguno),missing,n/a,0,"Seccion de 412 px de alto sin ninguna imagen, video ni fondo. Alturas por viewport: 1440x900=412px, 1920x1080=412px, 390x844=418px, 768x1024=387px",Bloque narrativo 's02' sin ningun soporte visual,Nada. Campo visual vacio.,0,medio,n/a,0,0,sí,Material documental propio o diagrama/infografia de marca,sí,no,"Aportar diagrama, infografia de marca o fotografia documental con licencia; evitar relleno decorativo.",MISSING_MEDIA,N/A - ausencia de medio,en|es|ar|zh
real-estate/index.html,s03 [empty-section],(ninguno),missing,n/a,0,"Seccion de 452 px de alto sin ninguna imagen, video ni fondo. Alturas por viewport: 1440x900=452px, 1920x1080=452px, 390x844=458px, 768x1024=427px",Bloque narrativo 's03' sin ningun soporte visual,Nada. Campo visual vacio.,0,medio,n/a,0,0,sí,Material documental propio o diagrama/infografia de marca,sí,no,"Aportar diagrama, infografia de marca o fotografia documental con licencia; evitar relleno decorativo.",MISSING_MEDIA,N/A - ausencia de medio,en|es|ar|zh
real-estate/index.html,s05 [empty-section],(ninguno),missing,n/a,0,"Seccion de 472 px de alto sin ninguna imagen, video ni fondo. Alturas por viewport: 390x844=472px",Bloque narrativo 's05' sin ningun soporte visual,Nada. Campo visual vacio.,0,medio,n/a,0,0,sí,Material documental propio o diagrama/infografia de marca,sí,no,"Aportar diagrama, infografia de marca o fotografia documental con licencia; evitar relleno decorativo.",MISSING_MEDIA,N/A - ausencia de medio,en|es|ar|zh
real-estate/index.html,s06 [empty-section],(ninguno),missing,n/a,0,"Seccion de 429 px de alto sin ninguna imagen, video ni fondo. Alturas por viewport: 1440x900=429px, 1920x1080=429px, 390x844=404px, 768x1024=404px",Bloque narrativo 's06' sin ningun soporte visual,Nada. Campo visual vacio.,0,medio,n/a,0,0,sí,Material documental propio o diagrama/infografia de marca,sí,no,"Aportar diagrama, infografia de marca o fotografia documental con licencia; evitar relleno decorativo.",MISSING_MEDIA,N/A - ausencia de medio,en|es|ar|zh
real-estate/index.html,s07 [empty-section],(ninguno),missing,n/a,0,"Seccion de 462 px de alto sin ninguna imagen, video ni fondo. Alturas por viewport: 390x844=462px",Bloque narrativo 's07' sin ningun soporte visual,Nada. Campo visual vacio.,0,medio,n/a,0,0,sí,Material documental propio o diagrama/infografia de marca,sí,no,"Aportar diagrama, infografia de marca o fotografia documental con licencia; evitar relleno decorativo.",MISSING_MEDIA,N/A - ausencia de medio,en|es|ar|zh
real-estate/index.html,s08 [empty-section],(ninguno),missing,n/a,0,"Seccion de 474 px de alto sin ninguna imagen, video ni fondo. Alturas por viewport: 390x844=474px",Bloque narrativo 's08' sin ningun soporte visual,Nada. Campo visual vacio.,0,medio,n/a,0,0,sí,Material documental propio o diagrama/infografia de marca,sí,no,"Aportar diagrama, infografia de marca o fotografia documental con licencia; evitar relleno decorativo.",MISSING_MEDIA,N/A - ausencia de medio,en|es|ar|zh
real-estate/index.html,s10 [empty-section],(ninguno),missing,n/a,0,"Seccion de 544 px de alto sin ninguna imagen, video ni fondo. Alturas por viewport: 390x844=544px",Bloque narrativo 's10' sin ningun soporte visual,Nada. Campo visual vacio.,0,medio,n/a,0,0,sí,Material documental propio o diagrama/infografia de marca,sí,no,"Aportar diagrama, infografia de marca o fotografia documental con licencia; evitar relleno decorativo.",MISSING_MEDIA,N/A - ausencia de medio,en|es|ar|zh
real-estate/index.html,s11 [empty-section],(ninguno),missing,n/a,0,"Seccion de 412 px de alto sin ninguna imagen, video ni fondo. Alturas por viewport: 1440x900=412px, 1920x1080=412px, 390x844=484px, 768x1024=387px",Bloque narrativo 's11' sin ningun soporte visual,Nada. Campo visual vacio.,0,medio,n/a,0,0,sí,Material documental propio o diagrama/infografia de marca,sí,no,"Aportar diagrama, infografia de marca o fotografia documental con licencia; evitar relleno decorativo.",MISSING_MEDIA,N/A - ausencia de medio,en|es|ar|zh
real-estate/index.html,s12 [empty-section],(ninguno),missing,n/a,0,"Seccion de 500 px de alto sin ninguna imagen, video ni fondo. Alturas por viewport: 1440x900=500px, 1920x1080=500px, 390x844=471px, 768x1024=410px",Bloque narrativo 's12' sin ningun soporte visual,Nada. Campo visual vacio.,0,medio,n/a,0,0,sí,Material documental propio o diagrama/infografia de marca,sí,no,"Aportar diagrama, infografia de marca o fotografia documental con licencia; evitar relleno decorativo.",MISSING_MEDIA,N/A - ausencia de medio,en|es|ar|zh
real-estate/private-properties/index.html,cs_footer [data-src-bg],assets/img/footer-bg-1.svg,svg,n/a,905,"Global real estate, development and business solutions — one international structure. Explore Real Estate Developments Capital & Transactions Business Infrastructure Company Company Insights Private Enquiry XARU HOME — a",Explore,SVG decorativo de pie de pagina de 926 KB.,2,medio,n/a,184,20,sí,Licencia de stock nominal (factura + ID de recurso) o produccion propia,sí,no,Optimizar o retirar: SVG de 926 KB cargado en las 184 paginas publicas.,DECORATIVE_MEDIA_OVERUSE|DUPLICATED_MEDIA|GENERIC_STOCK|LICENSE_NOT_DOCUMENTED|PERFORMANCE_RISK,Stock de plantilla comercial Xproperty - procedencia no documentada,en|es|ar|zh
real-estate/private-properties/pp-casa-tulum/index.html,cs_footer [data-src-bg],assets/img/footer-bg-1.svg,svg,n/a,905,"Global real estate, development and business solutions — one international structure. Explore Real Estate Developments Capital & Transactions Business Infrastructure Company Company Insights Private Enquiry XARU HOME — a",Explore,SVG decorativo de pie de pagina de 926 KB.,2,medio,n/a,184,20,sí,Licencia de stock nominal (factura + ID de recurso) o produccion propia,sí,no,Optimizar o retirar: SVG de 926 KB cargado en las 184 paginas publicas.,DECORATIVE_MEDIA_OVERUSE|DUPLICATED_MEDIA|GENERIC_STOCK|LICENSE_NOT_DOCUMENTED|PERFORMANCE_RISK,Stock de plantilla comercial Xproperty - procedencia no documentada,en|es|ar|zh
real-estate/private-properties/pp-penthouse-london/index.html,cs_footer [data-src-bg],assets/img/footer-bg-1.svg,svg,n/a,905,"Global real estate, development and business solutions — one international structure. Explore Real Estate Developments Capital & Transactions Business Infrastructure Company Company Insights Private Enquiry XARU HOME — a",Explore,SVG decorativo de pie de pagina de 926 KB.,2,medio,n/a,184,20,sí,Licencia de stock nominal (factura + ID de recurso) o produccion propia,sí,no,Optimizar o retirar: SVG de 926 KB cargado en las 184 paginas publicas.,DECORATIVE_MEDIA_OVERUSE|DUPLICATED_MEDIA|GENERIC_STOCK|LICENSE_NOT_DOCUMENTED|PERFORMANCE_RISK,Stock de plantilla comercial Xproperty - procedencia no documentada,en|es|ar|zh
real-estate/private-properties/pp-samana-island/index.html,cs_footer [data-src-bg],assets/img/footer-bg-1.svg,svg,n/a,905,"Global real estate, development and business solutions — one international structure. Explore Real Estate Developments Capital & Transactions Business Infrastructure Company Company Insights Private Enquiry XARU HOME — a",Explore,SVG decorativo de pie de pagina de 926 KB.,2,medio,n/a,184,20,sí,Licencia de stock nominal (factura + ID de recurso) o produccion propia,sí,no,Optimizar o retirar: SVG de 926 KB cargado en las 184 paginas publicas.,DECORATIVE_MEDIA_OVERUSE|DUPLICATED_MEDIA|GENERIC_STOCK|LICENSE_NOT_DOCUMENTED|PERFORMANCE_RISK,Stock de plantilla comercial Xproperty - procedencia no documentada,en|es|ar|zh
real-estate/private-properties/pp-villa-como/index.html,cs_footer [data-src-bg],assets/img/footer-bg-1.svg,svg,n/a,905,"Global real estate, development and business solutions — one international structure. Explore Real Estate Developments Capital & Transactions Business Infrastructure Company Company Insights Private Enquiry XARU HOME — a",Explore,SVG decorativo de pie de pagina de 926 KB.,2,medio,n/a,184,20,sí,Licencia de stock nominal (factura + ID de recurso) o produccion propia,sí,no,Optimizar o retirar: SVG de 926 KB cargado en las 184 paginas publicas.,DECORATIVE_MEDIA_OVERUSE|DUPLICATED_MEDIA|GENERIC_STOCK|LICENSE_NOT_DOCUMENTED|PERFORMANCE_RISK,Stock de plantilla comercial Xproperty - procedencia no documentada,en|es|ar|zh
real-estate/private-properties/pp-villa-dubai/index.html,cs_footer [data-src-bg],assets/img/footer-bg-1.svg,svg,n/a,905,"Global real estate, development and business solutions — one international structure. Explore Real Estate Developments Capital & Transactions Business Infrastructure Company Company Insights Private Enquiry XARU HOME — a",Explore,SVG decorativo de pie de pagina de 926 KB.,2,medio,n/a,184,20,sí,Licencia de stock nominal (factura + ID de recurso) o produccion propia,sí,no,Optimizar o retirar: SVG de 926 KB cargado en las 184 paginas publicas.,DECORATIVE_MEDIA_OVERUSE|DUPLICATED_MEDIA|GENERIC_STOCK|LICENSE_NOT_DOCUMENTED|PERFORMANCE_RISK,Stock de plantilla comercial Xproperty - procedencia no documentada,en|es|ar|zh
real-estate/private-properties/pp-villa-marbella/index.html,cs_footer [data-src-bg],assets/img/footer-bg-1.svg,svg,n/a,905,"Global real estate, development and business solutions — one international structure. Explore Real Estate Developments Capital & Transactions Business Infrastructure Company Company Insights Private Enquiry XARU HOME — a",Explore,SVG decorativo de pie de pagina de 926 KB.,2,medio,n/a,184,20,sí,Licencia de stock nominal (factura + ID de recurso) o produccion propia,sí,no,Optimizar o retirar: SVG de 926 KB cargado en las 184 paginas publicas.,DECORATIVE_MEDIA_OVERUSE|DUPLICATED_MEDIA|GENERIC_STOCK|LICENSE_NOT_DOCUMENTED|PERFORMANCE_RISK,Stock de plantilla comercial Xproperty - procedencia no documentada,en|es|ar|zh
single-property-v1.html,(root) [data-src-bg],assets/img/video-bg-5.jpg,background,1416x650,355,"XARU HOME Real Estate Exceptional properties, held to a single standard. Private residences and operating hospitality assets, curated worldwide. Private Properties Villas & mansions Castles, haciendas & estates Private i",Discover the Perfect Harmony of Luxury and Comfort,Fondo de bloque de video de la plantilla.,2,medio,"OK (1416x650, 355 KB)",4,1,sí,Licencia de stock nominal (factura + ID de recurso) o produccion propia,sí,no,Sustituir por stock con licencia documentada o por material propio; registrar licencia.,GENERIC_STOCK|LICENSE_NOT_DOCUMENTED,Stock de plantilla comercial Xproperty - procedencia no documentada,en|es|ar|zh
single-property-v1.html,cs_about [img],assets/img/about-img-3.jpg,image,864x975,307,Virtual Property Tour You can visit virtually from home Discover XARU HOME Offers Explore countless property options,Virtual Property Tour,Interior residencial de stock.,2,medio,"OK (864x975, 307 KB)",4,1,sí,Licencia de stock nominal (factura + ID de recurso) o produccion propia,sí,no,Sustituir por stock con licencia documentada o por material propio; registrar licencia.,GENERIC_STOCK|LICENSE_NOT_DOCUMENTED,Stock de plantilla comercial Xproperty - procedencia no documentada,en|es|ar|zh
single-property-v1.html,cs_footer [data-src-bg],assets/img/footer-bg-1.svg,svg,n/a,905,"Global luxury real estate, one structure — from acquisition to relocation, worldwide. Explore Properties Investment & Funds Developers Relocation Projects Company About Digital Assets Contact Newsletter XARU HOME — a NEX",Explore,SVG decorativo de pie de pagina de 926 KB.,2,medio,n/a,184,20,sí,Licencia de stock nominal (factura + ID de recurso) o produccion propia,sí,no,Optimizar o retirar: SVG de 926 KB cargado en las 184 paginas publicas.,DECORATIVE_MEDIA_OVERUSE|DUPLICATED_MEDIA|GENERIC_STOCK|LICENSE_NOT_DOCUMENTED|PERFORMANCE_RISK,Stock de plantilla comercial Xproperty - procedencia no documentada,en|es|ar|zh
single-property-v1.html,cs_gallery_list [img],assets/img/kitchen.jpg,image,1044x684,211,Kitchen Bed Room Kitchen Drowing Room,Kitchen,Cocina de stock.,2,medio,"OK (1044x684, 211 KB)",8,1,sí,Licencia de stock nominal (factura + ID de recurso) o produccion propia,sí,no,Sustituir por stock con licencia documentada o por material propio; registrar licencia.,DUPLICATED_MEDIA|GENERIC_STOCK|LICENSE_NOT_DOCUMENTED,Stock de plantilla comercial Xproperty - procedencia no documentada,en|es|ar|zh
single-property-v1.html,cs_gallery_list [img],assets/img/bed-room.jpg,image,1044x684,203,Kitchen Bed Room Kitchen Drowing Room,Bed Room,Dormitorio de stock.,2,medio,"OK (1044x684, 203 KB)",4,1,sí,Licencia de stock nominal (factura + ID de recurso) o produccion propia,sí,no,Sustituir por stock con licencia documentada o por material propio; registrar licencia.,GENERIC_STOCK|LICENSE_NOT_DOCUMENTED,Stock de plantilla comercial Xproperty - procedencia no documentada,en|es|ar|zh
single-property-v1.html,cs_gallery_list [img],assets/img/drowing-room.jpg,image,1044x684,200,Kitchen Bed Room Kitchen Drowing Room,Drowing Room,Salon de stock.,2,medio,"OK (1044x684, 200 KB)",4,1,sí,Licencia de stock nominal (factura + ID de recurso) o produccion propia,sí,no,Sustituir por stock con licencia documentada o por material propio; registrar licencia.,GENERIC_STOCK|LICENSE_NOT_DOCUMENTED,Stock de plantilla comercial Xproperty - procedencia no documentada,en|es|ar|zh
single-property-v1.html,cs_gray_bg [img],assets/img/contact-img-1.jpg,image,864x825,180,Get in Touch to Schedule Your Property Visit Today Submit Now,Get in Touch to Schedule Your Property Visit Today,Imagen de stock de contacto.,2,medio,"OK (864x825, 180 KB)",4,1,sí,Licencia de stock nominal (factura + ID de recurso) o produccion propia,sí,no,Sustituir por stock con licencia documentada o por material propio; registrar licencia.,GENERIC_STOCK|LICENSE_NOT_DOCUMENTED,Stock de plantilla comercial Xproperty - procedencia no documentada,en|es|ar|zh
single-property-v1.html,cs_primary_bg [data-src-bg],assets/img/counter-bg-1.jpg,background,1920x500,129,"$ B+ We’ve successfully sold properties across the globe. % We're pleased to offer affordable loan options. K+ We're proud to have over 20,000 satisfied clients",We’ve successfully sold properties across the globe.,Fondo de stock del contador de cifras.,2,medio,"OK (1920x500, 129 KB)",4,1,sí,Licencia de stock nominal (factura + ID de recurso) o produccion propia,sí,no,Sustituir por stock con licencia documentada o por material propio; registrar licencia.,GENERIC_STOCK|LICENSE_NOT_DOCUMENTED,Stock de plantilla comercial Xproperty - procedencia no documentada,en|es|ar|zh
single-property-v1.html,cs_primary_bg [data-src-bg],assets/img/hero-bg-3.jpg,background,1920x1005,328,"Durable and thoughtfully crafted housing solutions for lasting comfort Modern Open Floor Plan A spacious, versatile layout seamlessly connects the living, dining, and kitchen areas, offering comfort and functionality. Go",Durable and thoughtfully crafted housing solutions for lasting comfort,Fondo de la plantilla.,2,medio,"OK (1920x1005, 328 KB)",4,1,sí,Licencia de stock nominal (factura + ID de recurso) o produccion propia,sí,no,Sustituir por stock con licencia documentada o por material propio; registrar licencia.,GENERIC_STOCK|LICENSE_NOT_DOCUMENTED,Stock de plantilla comercial Xproperty - procedencia no documentada,en|es|ar|zh
single-property-v1.html,cs_slider [data-src-bg],assets/img/hero-bg-10.jpg,background,1920x1007,229,"Discover the Perfect Harmony of Luxury and Comfort Immerse yourself in a space where luxury meets comfort, crafted to offer an unparalleled living experience.",Discover the Perfect Harmony of Luxury and Comfort,Fondo de heroe de la plantilla.,2,medio,"OK (1920x1007, 229 KB)",4,1,sí,Licencia de stock nominal (factura + ID de recurso) o produccion propia,sí,no,Sustituir por stock con licencia documentada o por material propio; registrar licencia.,GENERIC_STOCK|LICENSE_NOT_DOCUMENTED,Stock de plantilla comercial Xproperty - procedencia no documentada,en|es|ar|zh
single-property-v1.html,cs_slider [data-src-bg],assets/img/hero-bg-11.jpg,background,1908x1007,292,"Discover the Perfect Harmony of Luxury and Comfort Immerse yourself in a space where luxury meets comfort, crafted to offer an unparalleled living experience.",Discover the Perfect Harmony of Luxury and Comfort,Fondo de heroe de la plantilla.,2,medio,"OK (1908x1007, 292 KB)",4,1,sí,Licencia de stock nominal (factura + ID de recurso) o produccion propia,sí,no,Sustituir por stock con licencia documentada o por material propio; registrar licencia.,GENERIC_STOCK|LICENSE_NOT_DOCUMENTED,Stock de plantilla comercial Xproperty - procedencia no documentada,en|es|ar|zh
single-property-v1.html,cs_slider [data-src-bg],assets/img/hero-bg-2.jpg,background,1920x910,407,"Discover the Perfect Harmony of Luxury and Comfort Immerse yourself in a space where luxury meets comfort, crafted to offer an unparalleled living experience.",Discover the Perfect Harmony of Luxury and Comfort,Fondo de heroe de la plantilla.,2,medio,"OK (1920x910, 407 KB)",4,1,sí,Licencia de stock nominal (factura + ID de recurso) o produccion propia,sí,no,Sustituir por stock con licencia documentada o por material propio; registrar licencia.,GENERIC_STOCK|LICENSE_NOT_DOCUMENTED|PERFORMANCE_RISK,Stock de plantilla comercial Xproperty - procedencia no documentada,en|es|ar|zh
single-property-v1.html,cs_slider [img],assets/img/text-logo.svg,svg,n/a,12,"Discover the Perfect Harmony of Luxury and Comfort Immerse yourself in a space where luxury meets comfort, crafted to offer an unparalleled living experience.",Discover the Perfect Harmony of Luxury and Comfort,Insignia circular de la plantilla con el texto 'VISIT OUR LUXURY PROPERTY'. Marca ajena a XARU.,2,medio,n/a,12,1,sí,Licencia de stock nominal (factura + ID de recurso) o produccion propia,sí,no,"RETIRAR insignia 'VISIT OUR LUXURY PROPERTY': es marca de la plantilla, ajena a XARU.",DUPLICATED_MEDIA|GENERIC_STOCK|LICENSE_NOT_DOCUMENTED|WRONG_SUBJECT,Stock de plantilla comercial Xproperty - procedencia no documentada,en|es|ar|zh
about-us.html,(head) [favicon],assets/img/xaru/favicons/favicon.ico,favicon,16x16,1,,(bloque sin titulo),Favicon ICO 16x16.,5,bajo,"OK (16x16, 1 KB)",48,12,no,No aplica,n/a,no,"Conservar. Activo de marca propia, conforme.",OK,Marca propia XARU (vectorizado del logo del cliente),en|es|ar|zh
about-us.html,(head) [favicon],assets/img/xaru/favicons/icon-32.png,favicon,32x32,2,,(bloque sin titulo),Icono 32.,5,bajo,"OK (32x32, 2 KB)",48,12,no,No aplica,n/a,no,"Conservar. Activo de marca propia, conforme.",OK,Marca propia XARU (vectorizado del logo del cliente),en|es|ar|zh
about-us.html,(head) [favicon],assets/img/xaru/favicons/icon-16.png,favicon,16x16,1,,(bloque sin titulo),Icono 16.,5,bajo,"OK (16x16, 1 KB)",48,12,no,No aplica,n/a,no,"Conservar. Activo de marca propia, conforme.",OK,Marca propia XARU (vectorizado del logo del cliente),en|es|ar|zh
about-us.html,(head) [favicon],assets/img/xaru/favicons/icon-180.png,favicon,180x180,13,,(bloque sin titulo),Icono apple-touch 180.,5,bajo,"OK (180x180, 13 KB)",48,12,no,No aplica,n/a,no,"Conservar. Activo de marca propia, conforme.",OK,Marca propia XARU (vectorizado del logo del cliente),en|es|ar|zh
about-us.html,(root) [img],assets/img/xaru/monogram_gold_160.png,image,160x217,22,"XARU HOME Real Estate Exceptional properties, held to a single standard. Private residences and operating hospitality assets, curated worldwide. Private Properties Villas & mansions Castles, haciendas & estates Private i",The Company,Monograma XARU dorado.,5,bajo,"OK (160x217, 22 KB)",184,46,no,No aplica,n/a,no,"Conservar. Activo de marca propia, conforme.",OK,Marca propia XARU (vectorizado del logo del cliente),en|es|ar|zh
about-us.html,cs_footer [img],assets/img/xaru/lockup_white_360.png,image,360x393,27,"Global luxury real estate, one structure — from acquisition to relocation, worldwide.",Explore,Lockup XARU HOME blanco (footer).,5,bajo,"OK (360x393, 27 KB)",184,20,no,No aplica,n/a,no,"Conservar. Activo de marca propia, conforme.",OK,Marca propia XARU (vectorizado del logo del cliente),en|es|ar|zh
about-us.html,cs_site_header [img],assets/img/xaru/wordmark_gold_360.png,image,360x147,30,"Real Estate Exceptional properties, held to a single standard. Private residences and operating hospitality assets, curated worldwide. Private Properties Villas & mansions Castles, haciendas & estates Private islands Bra","Real Estate Exceptional properties, held to a single standard. Private residences and operating hospitality as",Wordmark XARU HOME dorado.,5,bajo,"OK (360x147, 30 KB)",184,20,no,No aplica,n/a,no,"Conservar. Activo de marca propia, conforme.",OK,Marca propia XARU (vectorizado del logo del cliente),en|es|ar|zh
about-us.html,cs_slider [img],assets/img/icons/quote-right.svg,svg,n/a,1,"Working with them was an incredible experience! They made the entire process of buying my new home seamless and stress-free. The team was professional, responsive, and genuinely cared about my needs.",Michael Williams,Icono de comilla.,4,bajo,n/a,16,3,sí,Sistema iconografico XARU,sí,no,Sustituir por pictograma vectorial propio de XARU en la fase de rediseño.,LICENSE_NOT_DOCUMENTED,Stock de plantilla comercial Xproperty - procedencia no documentada,en|es|ar|zh
about-us.html,cs_slider [img],assets/img/icons/quote-right.svg,svg,n/a,1,"Working with them was an incredible experience! They made the entire process of buying my new home seamless and stress-free. The team was professional, responsive, and genuinely cared about my needs.",Sarah Thomas,Icono de comilla.,4,bajo,n/a,16,3,sí,Sistema iconografico XARU,sí,no,Sustituir por pictograma vectorial propio de XARU en la fase de rediseño.,LICENSE_NOT_DOCUMENTED,Stock de plantilla comercial Xproperty - procedencia no documentada,en|es|ar|zh
about-us.html,cs_slider [img],assets/img/icons/quote-right.svg,svg,n/a,1,"Working with them was an incredible experience! They made the entire process of buying my new home seamless and stress-free. The team was professional, responsive, and genuinely cared about my needs.",David Martinez,Icono de comilla.,4,bajo,n/a,16,3,sí,Sistema iconografico XARU,sí,no,Sustituir por pictograma vectorial propio de XARU en la fase de rediseño.,LICENSE_NOT_DOCUMENTED,Stock de plantilla comercial Xproperty - procedencia no documentada,en|es|ar|zh
agents-list.html,(head) [favicon],assets/img/xaru/favicons/favicon.ico,favicon,16x16,1,,(bloque sin titulo),Favicon ICO 16x16.,5,bajo,"OK (16x16, 1 KB)",48,12,no,No aplica,n/a,no,"Conservar. Activo de marca propia, conforme.",OK,Marca propia XARU (vectorizado del logo del cliente),en|es|ar|zh
agents-list.html,(head) [favicon],assets/img/xaru/favicons/icon-32.png,favicon,32x32,2,,(bloque sin titulo),Icono 32.,5,bajo,"OK (32x32, 2 KB)",48,12,no,No aplica,n/a,no,"Conservar. Activo de marca propia, conforme.",OK,Marca propia XARU (vectorizado del logo del cliente),en|es|ar|zh
agents-list.html,(head) [favicon],assets/img/xaru/favicons/icon-16.png,favicon,16x16,1,,(bloque sin titulo),Icono 16.,5,bajo,"OK (16x16, 1 KB)",48,12,no,No aplica,n/a,no,"Conservar. Activo de marca propia, conforme.",OK,Marca propia XARU (vectorizado del logo del cliente),en|es|ar|zh
agents-list.html,(head) [favicon],assets/img/xaru/favicons/icon-180.png,favicon,180x180,13,,(bloque sin titulo),Icono apple-touch 180.,5,bajo,"OK (180x180, 13 KB)",48,12,no,No aplica,n/a,no,"Conservar. Activo de marca propia, conforme.",OK,Marca propia XARU (vectorizado del logo del cliente),en|es|ar|zh
agents-list.html,(root) [img],assets/img/xaru/monogram_gold_160.png,image,160x217,22,"XARU HOME Real Estate Exceptional properties, held to a single standard. Private residences and operating hospitality assets, curated worldwide. Private Properties Villas & mansions Castles, haciendas & estates Private i",Property Agents,Monograma XARU dorado.,5,bajo,"OK (160x217, 22 KB)",184,46,no,No aplica,n/a,no,"Conservar. Activo de marca propia, conforme.",OK,Marca propia XARU (vectorizado del logo del cliente),en|es|ar|zh
agents-list.html,cs_footer [img],assets/img/xaru/lockup_white_360.png,image,360x393,27,"Global luxury real estate, one structure — from acquisition to relocation, worldwide.",Explore,Lockup XARU HOME blanco (footer).,5,bajo,"OK (360x393, 27 KB)",184,20,no,No aplica,n/a,no,"Conservar. Activo de marca propia, conforme.",OK,Marca propia XARU (vectorizado del logo del cliente),en|es|ar|zh
agents-list.html,cs_site_header [img],assets/img/xaru/wordmark_gold_360.png,image,360x147,30,"Real Estate Exceptional properties, held to a single standard. Private residences and operating hospitality assets, curated worldwide. Private Properties Villas & mansions Castles, haciendas & estates Private islands Bra","Real Estate Exceptional properties, held to a single standard. Private residences and operating hospitality as",Wordmark XARU HOME dorado.,5,bajo,"OK (360x147, 30 KB)",184,20,no,No aplica,n/a,no,"Conservar. Activo de marca propia, conforme.",OK,Marca propia XARU (vectorizado del logo del cliente),en|es|ar|zh
blog-details.html,(head) [favicon],assets/img/xaru/favicons/favicon.ico,favicon,16x16,1,,(bloque sin titulo),Favicon ICO 16x16.,5,bajo,"OK (16x16, 1 KB)",48,12,no,No aplica,n/a,no,"Conservar. Activo de marca propia, conforme.",OK,Marca propia XARU (vectorizado del logo del cliente),en|es|ar|zh
blog-details.html,(head) [favicon],assets/img/xaru/favicons/icon-32.png,favicon,32x32,2,,(bloque sin titulo),Icono 32.,5,bajo,"OK (32x32, 2 KB)",48,12,no,No aplica,n/a,no,"Conservar. Activo de marca propia, conforme.",OK,Marca propia XARU (vectorizado del logo del cliente),en|es|ar|zh
blog-details.html,(head) [favicon],assets/img/xaru/favicons/icon-16.png,favicon,16x16,1,,(bloque sin titulo),Icono 16.,5,bajo,"OK (16x16, 1 KB)",48,12,no,No aplica,n/a,no,"Conservar. Activo de marca propia, conforme.",OK,Marca propia XARU (vectorizado del logo del cliente),en|es|ar|zh
blog-details.html,(head) [favicon],assets/img/xaru/favicons/icon-180.png,favicon,180x180,13,,(bloque sin titulo),Icono apple-touch 180.,5,bajo,"OK (180x180, 13 KB)",48,12,no,No aplica,n/a,no,"Conservar. Activo de marca propia, conforme.",OK,Marca propia XARU (vectorizado del logo del cliente),en|es|ar|zh
blog-details.html,(root) [img],assets/img/xaru/monogram_gold_160.png,image,160x217,22,"XARU HOME Real Estate Exceptional properties, held to a single standard. Private residences and operating hospitality assets, curated worldwide. Private Properties Villas & mansions Castles, haciendas & estates Private i",Categories,Monograma XARU dorado.,5,bajo,"OK (160x217, 22 KB)",184,46,no,No aplica,n/a,no,"Conservar. Activo de marca propia, conforme.",OK,Marca propia XARU (vectorizado del logo del cliente),en|es|ar|zh
blog-details.html,cs_footer [img],assets/img/xaru/lockup_white_360.png,image,360x393,27,"Global luxury real estate, one structure — from acquisition to relocation, worldwide.",Explore,Lockup XARU HOME blanco (footer).,5,bajo,"OK (360x393, 27 KB)",184,20,no,No aplica,n/a,no,"Conservar. Activo de marca propia, conforme.",OK,Marca propia XARU (vectorizado del logo del cliente),en|es|ar|zh
blog-details.html,cs_site_header [img],assets/img/xaru/wordmark_gold_360.png,image,360x147,30,"Real Estate Exceptional properties, held to a single standard. Private residences and operating hospitality assets, curated worldwide. Private Properties Villas & mansions Castles, haciendas & estates Private islands Bra","Real Estate Exceptional properties, held to a single standard. Private residences and operating hospitality as",Wordmark XARU HOME dorado.,5,bajo,"OK (360x147, 30 KB)",184,20,no,No aplica,n/a,no,"Conservar. Activo de marca propia, conforme.",OK,Marca propia XARU (vectorizado del logo del cliente),en|es|ar|zh
blog.html,(head) [favicon],assets/img/xaru/favicons/favicon.ico,favicon,16x16,1,,(bloque sin titulo),Favicon ICO 16x16.,5,bajo,"OK (16x16, 1 KB)",48,12,no,No aplica,n/a,no,"Conservar. Activo de marca propia, conforme.",OK,Marca propia XARU (vectorizado del logo del cliente),en|es|ar|zh
blog.html,(head) [favicon],assets/img/xaru/favicons/icon-32.png,favicon,32x32,2,,(bloque sin titulo),Icono 32.,5,bajo,"OK (32x32, 2 KB)",48,12,no,No aplica,n/a,no,"Conservar. Activo de marca propia, conforme.",OK,Marca propia XARU (vectorizado del logo del cliente),en|es|ar|zh
blog.html,(head) [favicon],assets/img/xaru/favicons/icon-16.png,favicon,16x16,1,,(bloque sin titulo),Icono 16.,5,bajo,"OK (16x16, 1 KB)",48,12,no,No aplica,n/a,no,"Conservar. Activo de marca propia, conforme.",OK,Marca propia XARU (vectorizado del logo del cliente),en|es|ar|zh
blog.html,(head) [favicon],assets/img/xaru/favicons/icon-180.png,favicon,180x180,13,,(bloque sin titulo),Icono apple-touch 180.,5,bajo,"OK (180x180, 13 KB)",48,12,no,No aplica,n/a,no,"Conservar. Activo de marca propia, conforme.",OK,Marca propia XARU (vectorizado del logo del cliente),en|es|ar|zh
blog.html,(root) [img],assets/img/xaru/monogram_gold_160.png,image,160x217,22,"XARU HOME Real Estate Exceptional properties, held to a single standard. Private residences and operating hospitality assets, curated worldwide. Private Properties Villas & mansions Castles, haciendas & estates Private i",Blog Grid,Monograma XARU dorado.,5,bajo,"OK (160x217, 22 KB)",184,46,no,No aplica,n/a,no,"Conservar. Activo de marca propia, conforme.",OK,Marca propia XARU (vectorizado del logo del cliente),en|es|ar|zh
blog.html,cs_footer [img],assets/img/xaru/lockup_white_360.png,image,360x393,27,"Global luxury real estate, one structure — from acquisition to relocation, worldwide.",Explore,Lockup XARU HOME blanco (footer).,5,bajo,"OK (360x393, 27 KB)",184,20,no,No aplica,n/a,no,"Conservar. Activo de marca propia, conforme.",OK,Marca propia XARU (vectorizado del logo del cliente),en|es|ar|zh
blog.html,cs_site_header [img],assets/img/xaru/wordmark_gold_360.png,image,360x147,30,"Real Estate Exceptional properties, held to a single standard. Private residences and operating hospitality assets, curated worldwide. Private Properties Villas & mansions Castles, haciendas & estates Private islands Bra","Real Estate Exceptional properties, held to a single standard. Private residences and operating hospitality as",Wordmark XARU HOME dorado.,5,bajo,"OK (360x147, 30 KB)",184,20,no,No aplica,n/a,no,"Conservar. Activo de marca propia, conforme.",OK,Marca propia XARU (vectorizado del logo del cliente),en|es|ar|zh
business-infrastructure/corporate-services/index.html,(head) [favicon],assets/img/xaru/favicon.png,favicon,64x64,6,,(bloque sin titulo),Favicon legado 64x64.,5,bajo,"OK (64x64, 6 KB)",136,8,no,No aplica,n/a,no,"Conservar. Activo de marca propia, conforme.",OK,Marca propia XARU (vectorizado del logo del cliente),en|es|ar|zh
business-infrastructure/corporate-services/index.html,(root) [img],assets/img/xaru/monogram_gold_160.png,image,160x217,22,"XARU HOME Real Estate Exceptional properties, held to a single standard. Private residences and operating hospitality assets, curated worldwide. Private Properties Villas & mansions Castles, haciendas & estates Private i",Corporate Services & Relocation,Monograma XARU dorado.,5,bajo,"OK (160x217, 22 KB)",184,46,no,No aplica,n/a,no,"Conservar. Activo de marca propia, conforme.",OK,Marca propia XARU (vectorizado del logo del cliente),en|es|ar|zh
business-infrastructure/corporate-services/index.html,cs_footer [img],assets/img/xaru/lockup_white_360.png,image,360x393,27,"Global real estate, development and business solutions — one international structure.",Explore,Lockup XARU HOME blanco (footer).,5,bajo,"OK (360x393, 27 KB)",184,20,no,No aplica,n/a,no,"Conservar. Activo de marca propia, conforme.",OK,Marca propia XARU (vectorizado del logo del cliente),en|es|ar|zh
business-infrastructure/corporate-services/index.html,cs_site_header [img],assets/img/xaru/wordmark_gold_360.png,image,360x147,30,"Real Estate Exceptional properties, held to a single standard. Private residences and operating hospitality assets, curated worldwide. Private Properties Villas & mansions Castles, haciendas & estates Private islands Bra","Real Estate Exceptional properties, held to a single standard. Private residences and operating hospitality as",Wordmark XARU HOME dorado.,5,bajo,"OK (360x147, 30 KB)",184,20,no,No aplica,n/a,no,"Conservar. Activo de marca propia, conforme.",OK,Marca propia XARU (vectorizado del logo del cliente),en|es|ar|zh
business-infrastructure/index.html,(head) [favicon],assets/img/xaru/favicon.png,favicon,64x64,6,,(bloque sin titulo),Favicon legado 64x64.,5,bajo,"OK (64x64, 6 KB)",136,8,no,No aplica,n/a,no,"Conservar. Activo de marca propia, conforme.",OK,Marca propia XARU (vectorizado del logo del cliente),en|es|ar|zh
business-infrastructure/index.html,(root) [img],assets/img/xaru/monogram_gold_160.png,image,160x217,22,"XARU HOME Real Estate Exceptional properties, held to a single standard. Private residences and operating hospitality assets, curated worldwide. Private Properties Villas & mansions Castles, haciendas & estates Private i",Business Infrastructure,Monograma XARU dorado.,5,bajo,"OK (160x217, 22 KB)",184,46,no,No aplica,n/a,no,"Conservar. Activo de marca propia, conforme.",OK,Marca propia XARU (vectorizado del logo del cliente),en|es|ar|zh
business-infrastructure/index.html,cs_footer [img],assets/img/xaru/lockup_white_360.png,image,360x393,27,"Global real estate, development and business solutions — one international structure.",Explore,Lockup XARU HOME blanco (footer).,5,bajo,"OK (360x393, 27 KB)",184,20,no,No aplica,n/a,no,"Conservar. Activo de marca propia, conforme.",OK,Marca propia XARU (vectorizado del logo del cliente),en|es|ar|zh
business-infrastructure/index.html,cs_site_header [img],assets/img/xaru/wordmark_gold_360.png,image,360x147,30,"Real Estate Exceptional properties, held to a single standard. Private residences and operating hospitality assets, curated worldwide. Private Properties Villas & mansions Castles, haciendas & estates Private islands Bra","Real Estate Exceptional properties, held to a single standard. Private residences and operating hospitality as",Wordmark XARU HOME dorado.,5,bajo,"OK (360x147, 30 KB)",184,20,no,No aplica,n/a,no,"Conservar. Activo de marca propia, conforme.",OK,Marca propia XARU (vectorizado del logo del cliente),en|es|ar|zh
business-infrastructure/trade-financial/index.html,(head) [favicon],assets/img/xaru/favicon.png,favicon,64x64,6,,(bloque sin titulo),Favicon legado 64x64.,5,bajo,"OK (64x64, 6 KB)",136,8,no,No aplica,n/a,no,"Conservar. Activo de marca propia, conforme.",OK,Marca propia XARU (vectorizado del logo del cliente),en|es|ar|zh
business-infrastructure/trade-financial/index.html,(root) [img],assets/img/xaru/monogram_gold_160.png,image,160x217,22,"XARU HOME Real Estate Exceptional properties, held to a single standard. Private residences and operating hospitality assets, curated worldwide. Private Properties Villas & mansions Castles, haciendas & estates Private i",Trade & Financial Infrastructure,Monograma XARU dorado.,5,bajo,"OK (160x217, 22 KB)",184,46,no,No aplica,n/a,no,"Conservar. Activo de marca propia, conforme.",OK,Marca propia XARU (vectorizado del logo del cliente),en|es|ar|zh
business-infrastructure/trade-financial/index.html,cs_footer [img],assets/img/xaru/lockup_white_360.png,image,360x393,27,"Global real estate, development and business solutions — one international structure.",Explore,Lockup XARU HOME blanco (footer).,5,bajo,"OK (360x393, 27 KB)",184,20,no,No aplica,n/a,no,"Conservar. Activo de marca propia, conforme.",OK,Marca propia XARU (vectorizado del logo del cliente),en|es|ar|zh
business-infrastructure/trade-financial/index.html,cs_site_header [img],assets/img/xaru/wordmark_gold_360.png,image,360x147,30,"Real Estate Exceptional properties, held to a single standard. Private residences and operating hospitality assets, curated worldwide. Private Properties Villas & mansions Castles, haciendas & estates Private islands Bra","Real Estate Exceptional properties, held to a single standard. Private residences and operating hospitality as",Wordmark XARU HOME dorado.,5,bajo,"OK (360x147, 30 KB)",184,20,no,No aplica,n/a,no,"Conservar. Activo de marca propia, conforme.",OK,Marca propia XARU (vectorizado del logo del cliente),en|es|ar|zh
capital/deal-room/index.html,(head) [favicon],assets/img/xaru/favicon.png,favicon,64x64,6,,(bloque sin titulo),Favicon legado 64x64.,5,bajo,"OK (64x64, 6 KB)",136,8,no,No aplica,n/a,no,"Conservar. Activo de marca propia, conforme.",OK,Marca propia XARU (vectorizado del logo del cliente),en|es|ar|zh
capital/deal-room/index.html,(root) [img],assets/img/xaru/monogram_gold_160.png,image,160x217,22,"XARU HOME Real Estate Exceptional properties, held to a single standard. Private residences and operating hospitality assets, curated worldwide. Private Properties Villas & mansions Castles, haciendas & estates Private i",Private Deal Room,Monograma XARU dorado.,5,bajo,"OK (160x217, 22 KB)",184,46,no,No aplica,n/a,no,"Conservar. Activo de marca propia, conforme.",OK,Marca propia XARU (vectorizado del logo del cliente),en|es|ar|zh
capital/deal-room/index.html,cs_footer [img],assets/img/xaru/lockup_white_360.png,image,360x393,27,"Global real estate, development and business solutions — one international structure.",Explore,Lockup XARU HOME blanco (footer).,5,bajo,"OK (360x393, 27 KB)",184,20,no,No aplica,n/a,no,"Conservar. Activo de marca propia, conforme.",OK,Marca propia XARU (vectorizado del logo del cliente),en|es|ar|zh
capital/deal-room/index.html,cs_site_header [img],assets/img/xaru/wordmark_gold_360.png,image,360x147,30,"Real Estate Exceptional properties, held to a single standard. Private residences and operating hospitality assets, curated worldwide. Private Properties Villas & mansions Castles, haciendas & estates Private islands Bra","Real Estate Exceptional properties, held to a single standard. Private residences and operating hospitality as",Wordmark XARU HOME dorado.,5,bajo,"OK (360x147, 30 KB)",184,20,no,No aplica,n/a,no,"Conservar. Activo de marca propia, conforme.",OK,Marca propia XARU (vectorizado del logo del cliente),en|es|ar|zh
capital/index.html,(head) [favicon],assets/img/xaru/favicon.png,favicon,64x64,6,,(bloque sin titulo),Favicon legado 64x64.,5,bajo,"OK (64x64, 6 KB)",136,8,no,No aplica,n/a,no,"Conservar. Activo de marca propia, conforme.",OK,Marca propia XARU (vectorizado del logo del cliente),en|es|ar|zh
capital/index.html,(root) [img],assets/img/xaru/monogram_gold_160.png,image,160x217,22,"XARU HOME Real Estate Exceptional properties, held to a single standard. Private residences and operating hospitality assets, curated worldwide. Private Properties Villas & mansions Castles, haciendas & estates Private i",Capital & Transactions,Monograma XARU dorado.,5,bajo,"OK (160x217, 22 KB)",184,46,no,No aplica,n/a,no,"Conservar. Activo de marca propia, conforme.",OK,Marca propia XARU (vectorizado del logo del cliente),en|es|ar|zh
capital/index.html,cs_footer [img],assets/img/xaru/lockup_white_360.png,image,360x393,27,"Global real estate, development and business solutions — one international structure.",Explore,Lockup XARU HOME blanco (footer).,5,bajo,"OK (360x393, 27 KB)",184,20,no,No aplica,n/a,no,"Conservar. Activo de marca propia, conforme.",OK,Marca propia XARU (vectorizado del logo del cliente),en|es|ar|zh
capital/index.html,cs_site_header [img],assets/img/xaru/wordmark_gold_360.png,image,360x147,30,"Real Estate Exceptional properties, held to a single standard. Private residences and operating hospitality assets, curated worldwide. Private Properties Villas & mansions Castles, haciendas & estates Private islands Bra","Real Estate Exceptional properties, held to a single standard. Private residences and operating hospitality as",Wordmark XARU HOME dorado.,5,bajo,"OK (360x147, 30 KB)",184,20,no,No aplica,n/a,no,"Conservar. Activo de marca propia, conforme.",OK,Marca propia XARU (vectorizado del logo del cliente),en|es|ar|zh
capital/strategic-partnerships/index.html,(head) [favicon],assets/img/xaru/favicon.png,favicon,64x64,6,,(bloque sin titulo),Favicon legado 64x64.,5,bajo,"OK (64x64, 6 KB)",136,8,no,No aplica,n/a,no,"Conservar. Activo de marca propia, conforme.",OK,Marca propia XARU (vectorizado del logo del cliente),en|es|ar|zh
capital/strategic-partnerships/index.html,(root) [img],assets/img/xaru/monogram_gold_160.png,image,160x217,22,"XARU HOME Real Estate Exceptional properties, held to a single standard. Private residences and operating hospitality assets, curated worldwide. Private Properties Villas & mansions Castles, haciendas & estates Private i",Capital & Strategic Partnerships,Monograma XARU dorado.,5,bajo,"OK (160x217, 22 KB)",184,46,no,No aplica,n/a,no,"Conservar. Activo de marca propia, conforme.",OK,Marca propia XARU (vectorizado del logo del cliente),en|es|ar|zh
capital/strategic-partnerships/index.html,cs_footer [img],assets/img/xaru/lockup_white_360.png,image,360x393,27,"Global real estate, development and business solutions — one international structure.",Explore,Lockup XARU HOME blanco (footer).,5,bajo,"OK (360x393, 27 KB)",184,20,no,No aplica,n/a,no,"Conservar. Activo de marca propia, conforme.",OK,Marca propia XARU (vectorizado del logo del cliente),en|es|ar|zh
capital/strategic-partnerships/index.html,cs_site_header [img],assets/img/xaru/wordmark_gold_360.png,image,360x147,30,"Real Estate Exceptional properties, held to a single standard. Private residences and operating hospitality assets, curated worldwide. Private Properties Villas & mansions Castles, haciendas & estates Private islands Bra","Real Estate Exceptional properties, held to a single standard. Private residences and operating hospitality as",Wordmark XARU HOME dorado.,5,bajo,"OK (360x147, 30 KB)",184,20,no,No aplica,n/a,no,"Conservar. Activo de marca propia, conforme.",OK,Marca propia XARU (vectorizado del logo del cliente),en|es|ar|zh
company/index.html,(head) [favicon],assets/img/xaru/favicon.png,favicon,64x64,6,,(bloque sin titulo),Favicon legado 64x64.,5,bajo,"OK (64x64, 6 KB)",136,8,no,No aplica,n/a,no,"Conservar. Activo de marca propia, conforme.",OK,Marca propia XARU (vectorizado del logo del cliente),en|es|ar|zh
company/index.html,(root) [img],assets/img/xaru/monogram_gold_160.png,image,160x217,22,"XARU HOME Real Estate Exceptional properties, held to a single standard. Private residences and operating hospitality assets, curated worldwide. Private Properties Villas & mansions Castles, haciendas & estates Private i",Company,Monograma XARU dorado.,5,bajo,"OK (160x217, 22 KB)",184,46,no,No aplica,n/a,no,"Conservar. Activo de marca propia, conforme.",OK,Marca propia XARU (vectorizado del logo del cliente),en|es|ar|zh
company/index.html,cs_footer [img],assets/img/xaru/lockup_white_360.png,image,360x393,27,"Global real estate, development and business solutions — one international structure.",Explore,Lockup XARU HOME blanco (footer).,5,bajo,"OK (360x393, 27 KB)",184,20,no,No aplica,n/a,no,"Conservar. Activo de marca propia, conforme.",OK,Marca propia XARU (vectorizado del logo del cliente),en|es|ar|zh
company/index.html,cs_site_header [img],assets/img/xaru/wordmark_gold_360.png,image,360x147,30,"Real Estate Exceptional properties, held to a single standard. Private residences and operating hospitality assets, curated worldwide. Private Properties Villas & mansions Castles, haciendas & estates Private islands Bra","Real Estate Exceptional properties, held to a single standard. Private residences and operating hospitality as",Wordmark XARU HOME dorado.,5,bajo,"OK (360x147, 30 KB)",184,20,no,No aplica,n/a,no,"Conservar. Activo de marca propia, conforme.",OK,Marca propia XARU (vectorizado del logo del cliente),en|es|ar|zh
contact.html,(head) [favicon],assets/img/xaru/favicons/favicon.ico,favicon,16x16,1,,(bloque sin titulo),Favicon ICO 16x16.,5,bajo,"OK (16x16, 1 KB)",48,12,no,No aplica,n/a,no,"Conservar. Activo de marca propia, conforme.",OK,Marca propia XARU (vectorizado del logo del cliente),en|es|ar|zh
contact.html,(head) [favicon],assets/img/xaru/favicons/icon-32.png,favicon,32x32,2,,(bloque sin titulo),Icono 32.,5,bajo,"OK (32x32, 2 KB)",48,12,no,No aplica,n/a,no,"Conservar. Activo de marca propia, conforme.",OK,Marca propia XARU (vectorizado del logo del cliente),en|es|ar|zh
contact.html,(head) [favicon],assets/img/xaru/favicons/icon-16.png,favicon,16x16,1,,(bloque sin titulo),Icono 16.,5,bajo,"OK (16x16, 1 KB)",48,12,no,No aplica,n/a,no,"Conservar. Activo de marca propia, conforme.",OK,Marca propia XARU (vectorizado del logo del cliente),en|es|ar|zh
contact.html,(head) [favicon],assets/img/xaru/favicons/icon-180.png,favicon,180x180,13,,(bloque sin titulo),Icono apple-touch 180.,5,bajo,"OK (180x180, 13 KB)",48,12,no,No aplica,n/a,no,"Conservar. Activo de marca propia, conforme.",OK,Marca propia XARU (vectorizado del logo del cliente),en|es|ar|zh
contact.html,(root) [img],assets/img/xaru/monogram_gold_160.png,image,160x217,22,"XARU HOME Real Estate Exceptional properties, held to a single standard. Private residences and operating hospitality assets, curated worldwide. Private Properties Villas & mansions Castles, haciendas & estates Private i",Contact Us,Monograma XARU dorado.,5,bajo,"OK (160x217, 22 KB)",184,46,no,No aplica,n/a,no,"Conservar. Activo de marca propia, conforme.",OK,Marca propia XARU (vectorizado del logo del cliente),en|es|ar|zh
contact.html,cs_footer [img],assets/img/xaru/lockup_white_360.png,image,360x393,27,"Global luxury real estate, one structure — from acquisition to relocation, worldwide.",Explore,Lockup XARU HOME blanco (footer).,5,bajo,"OK (360x393, 27 KB)",184,20,no,No aplica,n/a,no,"Conservar. Activo de marca propia, conforme.",OK,Marca propia XARU (vectorizado del logo del cliente),en|es|ar|zh
contact.html,cs_site_header [img],assets/img/xaru/wordmark_gold_360.png,image,360x147,30,"Real Estate Exceptional properties, held to a single standard. Private residences and operating hospitality assets, curated worldwide. Private Properties Villas & mansions Castles, haciendas & estates Private islands Bra","Real Estate Exceptional properties, held to a single standard. Private residences and operating hospitality as",Wordmark XARU HOME dorado.,5,bajo,"OK (360x147, 30 KB)",184,20,no,No aplica,n/a,no,"Conservar. Activo de marca propia, conforme.",OK,Marca propia XARU (vectorizado del logo del cliente),en|es|ar|zh
developments/index.html,(head) [favicon],assets/img/xaru/favicon.png,favicon,64x64,6,,(bloque sin titulo),Favicon legado 64x64.,5,bajo,"OK (64x64, 6 KB)",136,8,no,No aplica,n/a,no,"Conservar. Activo de marca propia, conforme.",OK,Marca propia XARU (vectorizado del logo del cliente),en|es|ar|zh
developments/index.html,(root) [img],assets/img/xaru/monogram_gold_160.png,image,160x217,22,"XARU HOME Real Estate Exceptional properties, held to a single standard. Private residences and operating hospitality assets, curated worldwide. Private Properties Villas & mansions Castles, haciendas & estates Private i",Developments,Monograma XARU dorado.,5,bajo,"OK (160x217, 22 KB)",184,46,no,No aplica,n/a,no,"Conservar. Activo de marca propia, conforme.",OK,Marca propia XARU (vectorizado del logo del cliente),en|es|ar|zh
developments/index.html,cs_footer [img],assets/img/xaru/lockup_white_360.png,image,360x393,27,"Global real estate, development and business solutions — one international structure.",Explore,Lockup XARU HOME blanco (footer).,5,bajo,"OK (360x393, 27 KB)",184,20,no,No aplica,n/a,no,"Conservar. Activo de marca propia, conforme.",OK,Marca propia XARU (vectorizado del logo del cliente),en|es|ar|zh
developments/index.html,cs_site_header [img],assets/img/xaru/wordmark_gold_360.png,image,360x147,30,"Real Estate Exceptional properties, held to a single standard. Private residences and operating hospitality assets, curated worldwide. Private Properties Villas & mansions Castles, haciendas & estates Private islands Bra","Real Estate Exceptional properties, held to a single standard. Private residences and operating hospitality as",Wordmark XARU HOME dorado.,5,bajo,"OK (360x147, 30 KB)",184,20,no,No aplica,n/a,no,"Conservar. Activo de marca propia, conforme.",OK,Marca propia XARU (vectorizado del logo del cliente),en|es|ar|zh
developments/land-master-developments/index.html,(head) [favicon],assets/img/xaru/favicon.png,favicon,64x64,6,,(bloque sin titulo),Favicon legado 64x64.,5,bajo,"OK (64x64, 6 KB)",136,8,no,No aplica,n/a,no,"Conservar. Activo de marca propia, conforme.",OK,Marca propia XARU (vectorizado del logo del cliente),en|es|ar|zh
developments/land-master-developments/index.html,(root) [img],assets/img/xaru/monogram_gold_160.png,image,160x217,22,"XARU HOME Real Estate Exceptional properties, held to a single standard. Private residences and operating hospitality assets, curated worldwide. Private Properties Villas & mansions Castles, haciendas & estates Private i",Land & Master Developments,Monograma XARU dorado.,5,bajo,"OK (160x217, 22 KB)",184,46,no,No aplica,n/a,no,"Conservar. Activo de marca propia, conforme.",OK,Marca propia XARU (vectorizado del logo del cliente),en|es|ar|zh
developments/land-master-developments/index.html,cs_footer [img],assets/img/xaru/lockup_white_360.png,image,360x393,27,"Global real estate, development and business solutions — one international structure.",Explore,Lockup XARU HOME blanco (footer).,5,bajo,"OK (360x393, 27 KB)",184,20,no,No aplica,n/a,no,"Conservar. Activo de marca propia, conforme.",OK,Marca propia XARU (vectorizado del logo del cliente),en|es|ar|zh
developments/land-master-developments/index.html,cs_site_header [img],assets/img/xaru/wordmark_gold_360.png,image,360x147,30,"Real Estate Exceptional properties, held to a single standard. Private residences and operating hospitality assets, curated worldwide. Private Properties Villas & mansions Castles, haciendas & estates Private islands Bra","Real Estate Exceptional properties, held to a single standard. Private residences and operating hospitality as",Wordmark XARU HOME dorado.,5,bajo,"OK (360x147, 30 KB)",184,20,no,No aplica,n/a,no,"Conservar. Activo de marca propia, conforme.",OK,Marca propia XARU (vectorizado del logo del cliente),en|es|ar|zh
developments/project-structuring/index.html,(head) [favicon],assets/img/xaru/favicon.png,favicon,64x64,6,,(bloque sin titulo),Favicon legado 64x64.,5,bajo,"OK (64x64, 6 KB)",136,8,no,No aplica,n/a,no,"Conservar. Activo de marca propia, conforme.",OK,Marca propia XARU (vectorizado del logo del cliente),en|es|ar|zh
developments/project-structuring/index.html,(root) [img],assets/img/xaru/monogram_gold_160.png,image,160x217,22,"XARU HOME Real Estate Exceptional properties, held to a single standard. Private residences and operating hospitality assets, curated worldwide. Private Properties Villas & mansions Castles, haciendas & estates Private i",Project Structuring & Development,Monograma XARU dorado.,5,bajo,"OK (160x217, 22 KB)",184,46,no,No aplica,n/a,no,"Conservar. Activo de marca propia, conforme.",OK,Marca propia XARU (vectorizado del logo del cliente),en|es|ar|zh
developments/project-structuring/index.html,cs_footer [img],assets/img/xaru/lockup_white_360.png,image,360x393,27,"Global real estate, development and business solutions — one international structure.",Explore,Lockup XARU HOME blanco (footer).,5,bajo,"OK (360x393, 27 KB)",184,20,no,No aplica,n/a,no,"Conservar. Activo de marca propia, conforme.",OK,Marca propia XARU (vectorizado del logo del cliente),en|es|ar|zh
developments/project-structuring/index.html,cs_site_header [img],assets/img/xaru/wordmark_gold_360.png,image,360x147,30,"Real Estate Exceptional properties, held to a single standard. Private residences and operating hospitality assets, curated worldwide. Private Properties Villas & mansions Castles, haciendas & estates Private islands Bra","Real Estate Exceptional properties, held to a single standard. Private residences and operating hospitality as",Wordmark XARU HOME dorado.,5,bajo,"OK (360x147, 30 KB)",184,20,no,No aplica,n/a,no,"Conservar. Activo de marca propia, conforme.",OK,Marca propia XARU (vectorizado del logo del cliente),en|es|ar|zh
faq.html,(head) [favicon],assets/img/xaru/favicons/favicon.ico,favicon,16x16,1,,(bloque sin titulo),Favicon ICO 16x16.,5,bajo,"OK (16x16, 1 KB)",48,12,no,No aplica,n/a,no,"Conservar. Activo de marca propia, conforme.",OK,Marca propia XARU (vectorizado del logo del cliente),en|es|ar|zh
faq.html,(head) [favicon],assets/img/xaru/favicons/icon-32.png,favicon,32x32,2,,(bloque sin titulo),Icono 32.,5,bajo,"OK (32x32, 2 KB)",48,12,no,No aplica,n/a,no,"Conservar. Activo de marca propia, conforme.",OK,Marca propia XARU (vectorizado del logo del cliente),en|es|ar|zh
faq.html,(head) [favicon],assets/img/xaru/favicons/icon-16.png,favicon,16x16,1,,(bloque sin titulo),Icono 16.,5,bajo,"OK (16x16, 1 KB)",48,12,no,No aplica,n/a,no,"Conservar. Activo de marca propia, conforme.",OK,Marca propia XARU (vectorizado del logo del cliente),en|es|ar|zh
faq.html,(head) [favicon],assets/img/xaru/favicons/icon-180.png,favicon,180x180,13,,(bloque sin titulo),Icono apple-touch 180.,5,bajo,"OK (180x180, 13 KB)",48,12,no,No aplica,n/a,no,"Conservar. Activo de marca propia, conforme.",OK,Marca propia XARU (vectorizado del logo del cliente),en|es|ar|zh
faq.html,(root) [img],assets/img/xaru/monogram_gold_160.png,image,160x217,22,"XARU HOME Real Estate Exceptional properties, held to a single standard. Private residences and operating hospitality assets, curated worldwide. Private Properties Villas & mansions Castles, haciendas & estates Private i",FAQ & Answer,Monograma XARU dorado.,5,bajo,"OK (160x217, 22 KB)",184,46,no,No aplica,n/a,no,"Conservar. Activo de marca propia, conforme.",OK,Marca propia XARU (vectorizado del logo del cliente),en|es|ar|zh
faq.html,cs_footer [img],assets/img/xaru/lockup_white_360.png,image,360x393,27,"Global luxury real estate, one structure — from acquisition to relocation, worldwide.",Explore,Lockup XARU HOME blanco (footer).,5,bajo,"OK (360x393, 27 KB)",184,20,no,No aplica,n/a,no,"Conservar. Activo de marca propia, conforme.",OK,Marca propia XARU (vectorizado del logo del cliente),en|es|ar|zh
faq.html,cs_site_header [img],assets/img/xaru/wordmark_gold_360.png,image,360x147,30,"Real Estate Exceptional properties, held to a single standard. Private residences and operating hospitality assets, curated worldwide. Private Properties Villas & mansions Castles, haciendas & estates Private islands Bra","Real Estate Exceptional properties, held to a single standard. Private residences and operating hospitality as",Wordmark XARU HOME dorado.,5,bajo,"OK (360x147, 30 KB)",184,20,no,No aplica,n/a,no,"Conservar. Activo de marca propia, conforme.",OK,Marca propia XARU (vectorizado del logo del cliente),en|es|ar|zh
index.html,(head) [favicon],assets/img/xaru/favicons/favicon.ico,favicon,16x16,1,,(bloque sin titulo),Favicon ICO 16x16.,5,bajo,"OK (16x16, 1 KB)",48,12,no,No aplica,n/a,no,"Conservar. Activo de marca propia, conforme.",OK,Marca propia XARU (vectorizado del logo del cliente),en|es|ar|zh
index.html,(head) [favicon],assets/img/xaru/favicons/icon-32.png,favicon,32x32,2,,(bloque sin titulo),Icono 32.,5,bajo,"OK (32x32, 2 KB)",48,12,no,No aplica,n/a,no,"Conservar. Activo de marca propia, conforme.",OK,Marca propia XARU (vectorizado del logo del cliente),en|es|ar|zh
index.html,(head) [favicon],assets/img/xaru/favicons/icon-16.png,favicon,16x16,1,,(bloque sin titulo),Icono 16.,5,bajo,"OK (16x16, 1 KB)",48,12,no,No aplica,n/a,no,"Conservar. Activo de marca propia, conforme.",OK,Marca propia XARU (vectorizado del logo del cliente),en|es|ar|zh
index.html,(head) [favicon],assets/img/xaru/favicons/icon-180.png,favicon,180x180,13,,(bloque sin titulo),Icono apple-touch 180.,5,bajo,"OK (180x180, 13 KB)",48,12,no,No aplica,n/a,no,"Conservar. Activo de marca propia, conforme.",OK,Marca propia XARU (vectorizado del logo del cliente),en|es|ar|zh
index.html,(root) [img],assets/img/xaru/monogram_gold_160.png,image,160x217,22,"XARU HOME Real Estate Exceptional properties, held to a single standard. Private residences and operating hospitality assets, curated worldwide. Private Properties Villas & mansions Castles, haciendas & estates Private i",Exceptional Properties. Projects of Scale. One International Structure.,Monograma XARU dorado.,5,bajo,"OK (160x217, 22 KB)",184,46,no,No aplica,n/a,no,"Conservar. Activo de marca propia, conforme.",OK,Marca propia XARU (vectorizado del logo del cliente),en|es|ar|zh
index.html,cs_footer [img],assets/img/xaru/lockup_white_360.png,image,360x393,27,"Global luxury real estate, one structure — from acquisition to relocation, worldwide.",Explore,Lockup XARU HOME blanco (footer).,5,bajo,"OK (360x393, 27 KB)",184,20,no,No aplica,n/a,no,"Conservar. Activo de marca propia, conforme.",OK,Marca propia XARU (vectorizado del logo del cliente),en|es|ar|zh
index.html,cs_site_header [img],assets/img/xaru/wordmark_gold_360.png,image,360x147,30,"Real Estate Exceptional properties, held to a single standard. Private residences and operating hospitality assets, curated worldwide. Private Properties Villas & mansions Castles, haciendas & estates Private islands Bra","Real Estate Exceptional properties, held to a single standard. Private residences and operating hospitality as",Wordmark XARU HOME dorado.,5,bajo,"OK (360x147, 30 KB)",184,20,no,No aplica,n/a,no,"Conservar. Activo de marca propia, conforme.",OK,Marca propia XARU (vectorizado del logo del cliente),en|es|ar|zh
index.html,digital-assets [img],assets/img/xaru/monogram_white_160.png,image,160x217,11,"Digital Assets Property, Settled with Precision For qualifying clients, our specialized team facilitates property acquisition using digital assets (USDC, USDT, BTC) exclusively through regulated channels, with full KYC/A","Property, Settled with Precision",Monograma XARU blanco.,5,bajo,"OK (160x217, 11 KB)",4,1,no,No aplica,n/a,no,"Conservar. Activo de marca propia, conforme.",OK,Marca propia XARU (vectorizado del logo del cliente),en|es|ar|zh
insights/capital-halted-projects/index.html,(head) [favicon],assets/img/xaru/favicon.png,favicon,64x64,6,,(bloque sin titulo),Favicon legado 64x64.,5,bajo,"OK (64x64, 6 KB)",136,8,no,No aplica,n/a,no,"Conservar. Activo de marca propia, conforme.",OK,Marca propia XARU (vectorizado del logo del cliente),en|es|ar|zh
insights/capital-halted-projects/index.html,(root) [img],assets/img/xaru/monogram_gold_160.png,image,160x217,22,"XARU HOME Real Estate Exceptional properties, held to a single standard. Private residences and operating hospitality assets, curated worldwide. Private Properties Villas & mansions Castles, haciendas & estates Private i",Private capital and halted projects: the opportunity in restructuring,Monograma XARU dorado.,5,bajo,"OK (160x217, 22 KB)",184,46,no,No aplica,n/a,no,"Conservar. Activo de marca propia, conforme.",OK,Marca propia XARU (vectorizado del logo del cliente),en|es|ar|zh
insights/capital-halted-projects/index.html,cs_footer [img],assets/img/xaru/lockup_white_360.png,image,360x393,27,"Global real estate, development and business solutions — one international structure.",Explore,Lockup XARU HOME blanco (footer).,5,bajo,"OK (360x393, 27 KB)",184,20,no,No aplica,n/a,no,"Conservar. Activo de marca propia, conforme.",OK,Marca propia XARU (vectorizado del logo del cliente),en|es|ar|zh
insights/capital-halted-projects/index.html,cs_site_header [img],assets/img/xaru/wordmark_gold_360.png,image,360x147,30,"Real Estate Exceptional properties, held to a single standard. Private residences and operating hospitality assets, curated worldwide. Private Properties Villas & mansions Castles, haciendas & estates Private islands Bra","Real Estate Exceptional properties, held to a single standard. Private residences and operating hospitality as",Wordmark XARU HOME dorado.,5,bajo,"OK (360x147, 30 KB)",184,20,no,No aplica,n/a,no,"Conservar. Activo de marca propia, conforme.",OK,Marca propia XARU (vectorizado del logo del cliente),en|es|ar|zh
insights/index.html,(head) [favicon],assets/img/xaru/favicon.png,favicon,64x64,6,,(bloque sin titulo),Favicon legado 64x64.,5,bajo,"OK (64x64, 6 KB)",136,8,no,No aplica,n/a,no,"Conservar. Activo de marca propia, conforme.",OK,Marca propia XARU (vectorizado del logo del cliente),en|es|ar|zh
insights/index.html,(root) [img],assets/img/xaru/monogram_gold_160.png,image,160x217,22,"XARU HOME Real Estate Exceptional properties, held to a single standard. Private residences and operating hospitality assets, curated worldwide. Private Properties Villas & mansions Castles, haciendas & estates Private i",Insights,Monograma XARU dorado.,5,bajo,"OK (160x217, 22 KB)",184,46,no,No aplica,n/a,no,"Conservar. Activo de marca propia, conforme.",OK,Marca propia XARU (vectorizado del logo del cliente),en|es|ar|zh
insights/index.html,cs_footer [img],assets/img/xaru/lockup_white_360.png,image,360x393,27,"Global real estate, development and business solutions — one international structure.",Explore,Lockup XARU HOME blanco (footer).,5,bajo,"OK (360x393, 27 KB)",184,20,no,No aplica,n/a,no,"Conservar. Activo de marca propia, conforme.",OK,Marca propia XARU (vectorizado del logo del cliente),en|es|ar|zh
insights/index.html,cs_site_header [img],assets/img/xaru/wordmark_gold_360.png,image,360x147,30,"Real Estate Exceptional properties, held to a single standard. Private residences and operating hospitality assets, curated worldwide. Private Properties Villas & mansions Castles, haciendas & estates Private islands Bra","Real Estate Exceptional properties, held to a single standard. Private residences and operating hospitality as",Wordmark XARU HOME dorado.,5,bajo,"OK (360x147, 30 KB)",184,20,no,No aplica,n/a,no,"Conservar. Activo de marca propia, conforme.",OK,Marca propia XARU (vectorizado del logo del cliente),en|es|ar|zh
insights/international-establishment/index.html,(head) [favicon],assets/img/xaru/favicon.png,favicon,64x64,6,,(bloque sin titulo),Favicon legado 64x64.,5,bajo,"OK (64x64, 6 KB)",136,8,no,No aplica,n/a,no,"Conservar. Activo de marca propia, conforme.",OK,Marca propia XARU (vectorizado del logo del cliente),en|es|ar|zh
insights/international-establishment/index.html,(root) [img],assets/img/xaru/monogram_gold_160.png,image,160x217,22,"XARU HOME Real Estate Exceptional properties, held to a single standard. Private residences and operating hospitality assets, curated worldwide. Private Properties Villas & mansions Castles, haciendas & estates Private i",Establishing internationally: from the entity to residency,Monograma XARU dorado.,5,bajo,"OK (160x217, 22 KB)",184,46,no,No aplica,n/a,no,"Conservar. Activo de marca propia, conforme.",OK,Marca propia XARU (vectorizado del logo del cliente),en|es|ar|zh
insights/international-establishment/index.html,cs_footer [img],assets/img/xaru/lockup_white_360.png,image,360x393,27,"Global real estate, development and business solutions — one international structure.",Explore,Lockup XARU HOME blanco (footer).,5,bajo,"OK (360x393, 27 KB)",184,20,no,No aplica,n/a,no,"Conservar. Activo de marca propia, conforme.",OK,Marca propia XARU (vectorizado del logo del cliente),en|es|ar|zh
insights/international-establishment/index.html,cs_site_header [img],assets/img/xaru/wordmark_gold_360.png,image,360x147,30,"Real Estate Exceptional properties, held to a single standard. Private residences and operating hospitality assets, curated worldwide. Private Properties Villas & mansions Castles, haciendas & estates Private islands Bra","Real Estate Exceptional properties, held to a single standard. Private residences and operating hospitality as",Wordmark XARU HOME dorado.,5,bajo,"OK (360x147, 30 KB)",184,20,no,No aplica,n/a,no,"Conservar. Activo de marca propia, conforme.",OK,Marca propia XARU (vectorizado del logo del cliente),en|es|ar|zh
insights/operational-hospitality/index.html,(head) [favicon],assets/img/xaru/favicon.png,favicon,64x64,6,,(bloque sin titulo),Favicon legado 64x64.,5,bajo,"OK (64x64, 6 KB)",136,8,no,No aplica,n/a,no,"Conservar. Activo de marca propia, conforme.",OK,Marca propia XARU (vectorizado del logo del cliente),en|es|ar|zh
insights/operational-hospitality/index.html,(root) [img],assets/img/xaru/monogram_gold_160.png,image,160x217,22,"XARU HOME Real Estate Exceptional properties, held to a single standard. Private residences and operating hospitality assets, curated worldwide. Private Properties Villas & mansions Castles, haciendas & estates Private i",Operational hospitality: the asset that earns before it sells,Monograma XARU dorado.,5,bajo,"OK (160x217, 22 KB)",184,46,no,No aplica,n/a,no,"Conservar. Activo de marca propia, conforme.",OK,Marca propia XARU (vectorizado del logo del cliente),en|es|ar|zh
insights/operational-hospitality/index.html,cs_footer [img],assets/img/xaru/lockup_white_360.png,image,360x393,27,"Global real estate, development and business solutions — one international structure.",Explore,Lockup XARU HOME blanco (footer).,5,bajo,"OK (360x393, 27 KB)",184,20,no,No aplica,n/a,no,"Conservar. Activo de marca propia, conforme.",OK,Marca propia XARU (vectorizado del logo del cliente),en|es|ar|zh
insights/operational-hospitality/index.html,cs_site_header [img],assets/img/xaru/wordmark_gold_360.png,image,360x147,30,"Real Estate Exceptional properties, held to a single standard. Private residences and operating hospitality assets, curated worldwide. Private Properties Villas & mansions Castles, haciendas & estates Private islands Bra","Real Estate Exceptional properties, held to a single standard. Private residences and operating hospitality as",Wordmark XARU HOME dorado.,5,bajo,"OK (360x147, 30 KB)",184,20,no,No aplica,n/a,no,"Conservar. Activo de marca propia, conforme.",OK,Marca propia XARU (vectorizado del logo del cliente),en|es|ar|zh
insights/territorial-land/index.html,(head) [favicon],assets/img/xaru/favicon.png,favicon,64x64,6,,(bloque sin titulo),Favicon legado 64x64.,5,bajo,"OK (64x64, 6 KB)",136,8,no,No aplica,n/a,no,"Conservar. Activo de marca propia, conforme.",OK,Marca propia XARU (vectorizado del logo del cliente),en|es|ar|zh
insights/territorial-land/index.html,(root) [img],assets/img/xaru/monogram_gold_160.png,image,160x217,22,"XARU HOME Real Estate Exceptional properties, held to a single standard. Private residences and operating hospitality assets, curated worldwide. Private Properties Villas & mansions Castles, haciendas & estates Private i",Territorial land: when scale is the thesis,Monograma XARU dorado.,5,bajo,"OK (160x217, 22 KB)",184,46,no,No aplica,n/a,no,"Conservar. Activo de marca propia, conforme.",OK,Marca propia XARU (vectorizado del logo del cliente),en|es|ar|zh
insights/territorial-land/index.html,cs_footer [img],assets/img/xaru/lockup_white_360.png,image,360x393,27,"Global real estate, development and business solutions — one international structure.",Explore,Lockup XARU HOME blanco (footer).,5,bajo,"OK (360x393, 27 KB)",184,20,no,No aplica,n/a,no,"Conservar. Activo de marca propia, conforme.",OK,Marca propia XARU (vectorizado del logo del cliente),en|es|ar|zh
insights/territorial-land/index.html,cs_site_header [img],assets/img/xaru/wordmark_gold_360.png,image,360x147,30,"Real Estate Exceptional properties, held to a single standard. Private residences and operating hospitality assets, curated worldwide. Private Properties Villas & mansions Castles, haciendas & estates Private islands Bra","Real Estate Exceptional properties, held to a single standard. Private residences and operating hospitality as",Wordmark XARU HOME dorado.,5,bajo,"OK (360x147, 30 KB)",184,20,no,No aplica,n/a,no,"Conservar. Activo de marca propia, conforme.",OK,Marca propia XARU (vectorizado del logo del cliente),en|es|ar|zh
opportunities/cf-confidential-portfolio/index.html,(head) [favicon],assets/img/xaru/favicon.png,favicon,64x64,6,,(bloque sin titulo),Favicon legado 64x64.,5,bajo,"OK (64x64, 6 KB)",136,8,no,No aplica,n/a,no,"Conservar. Activo de marca propia, conforme.",OK,Marca propia XARU (vectorizado del logo del cliente),en|es|ar|zh
opportunities/cf-confidential-portfolio/index.html,(root) [img],assets/img/xaru/monogram_gold_160.png,image,160x217,22,"XARU HOME Real Estate Exceptional properties, held to a single standard. Private residences and operating hospitality assets, curated worldwide. Private Properties Villas & mansions Castles, haciendas & estates Private i",Confidential Portfolio — Private Market,Monograma XARU dorado.,5,bajo,"OK (160x217, 22 KB)",184,46,no,No aplica,n/a,no,"Conservar. Activo de marca propia, conforme.",OK,Marca propia XARU (vectorizado del logo del cliente),en|es|ar|zh
opportunities/cf-confidential-portfolio/index.html,cs_footer [img],assets/img/xaru/lockup_white_360.png,image,360x393,27,"Global real estate, development and business solutions — one international structure.",Explore,Lockup XARU HOME blanco (footer).,5,bajo,"OK (360x393, 27 KB)",184,20,no,No aplica,n/a,no,"Conservar. Activo de marca propia, conforme.",OK,Marca propia XARU (vectorizado del logo del cliente),en|es|ar|zh
opportunities/cf-confidential-portfolio/index.html,cs_site_header [img],assets/img/xaru/wordmark_gold_360.png,image,360x147,30,"Real Estate Exceptional properties, held to a single standard. Private residences and operating hospitality assets, curated worldwide. Private Properties Villas & mansions Castles, haciendas & estates Private islands Bra","Real Estate Exceptional properties, held to a single standard. Private residences and operating hospitality as",Wordmark XARU HOME dorado.,5,bajo,"OK (360x147, 30 KB)",184,20,no,No aplica,n/a,no,"Conservar. Activo de marca propia, conforme.",OK,Marca propia XARU (vectorizado del logo del cliente),en|es|ar|zh
opportunities/index.html,(head) [favicon],assets/img/xaru/favicon.png,favicon,64x64,6,,(bloque sin titulo),Favicon legado 64x64.,5,bajo,"OK (64x64, 6 KB)",136,8,no,No aplica,n/a,no,"Conservar. Activo de marca propia, conforme.",OK,Marca propia XARU (vectorizado del logo del cliente),en|es|ar|zh
opportunities/index.html,(root) [img],assets/img/xaru/monogram_gold_160.png,image,160x217,22,"XARU HOME Real Estate Exceptional properties, held to a single standard. Private residences and operating hospitality assets, curated worldwide. Private Properties Villas & mansions Castles, haciendas & estates Private i","Land, Projects & Opportunities",Monograma XARU dorado.,5,bajo,"OK (160x217, 22 KB)",184,46,no,No aplica,n/a,no,"Conservar. Activo de marca propia, conforme.",OK,Marca propia XARU (vectorizado del logo del cliente),en|es|ar|zh
opportunities/index.html,cs_footer [img],assets/img/xaru/lockup_white_360.png,image,360x393,27,"Global real estate, development and business solutions — one international structure.",Explore,Lockup XARU HOME blanco (footer).,5,bajo,"OK (360x393, 27 KB)",184,20,no,No aplica,n/a,no,"Conservar. Activo de marca propia, conforme.",OK,Marca propia XARU (vectorizado del logo del cliente),en|es|ar|zh
opportunities/index.html,cs_site_header [img],assets/img/xaru/wordmark_gold_360.png,image,360x147,30,"Real Estate Exceptional properties, held to a single standard. Private residences and operating hospitality assets, curated worldwide. Private Properties Villas & mansions Castles, haciendas & estates Private islands Bra","Real Estate Exceptional properties, held to a single standard. Private residences and operating hospitality as",Wordmark XARU HOME dorado.,5,bajo,"OK (360x147, 30 KB)",184,20,no,No aplica,n/a,no,"Conservar. Activo de marca propia, conforme.",OK,Marca propia XARU (vectorizado del logo del cliente),en|es|ar|zh
opportunities/lp-ashima-masterplan/index.html,(head) [favicon],assets/img/xaru/favicon.png,favicon,64x64,6,,(bloque sin titulo),Favicon legado 64x64.,5,bajo,"OK (64x64, 6 KB)",136,8,no,No aplica,n/a,no,"Conservar. Activo de marca propia, conforme.",OK,Marca propia XARU (vectorizado del logo del cliente),en|es|ar|zh
opportunities/lp-ashima-masterplan/index.html,(root) [img],assets/img/xaru/monogram_gold_160.png,image,160x217,22,"XARU HOME Real Estate Exceptional properties, held to a single standard. Private residences and operating hospitality assets, curated worldwide. Private Properties Villas & mansions Castles, haciendas & estates Private i",ASHIMA — Signature Master Development,Monograma XARU dorado.,5,bajo,"OK (160x217, 22 KB)",184,46,no,No aplica,n/a,no,"Conservar. Activo de marca propia, conforme.",OK,Marca propia XARU (vectorizado del logo del cliente),en|es|ar|zh
opportunities/lp-ashima-masterplan/index.html,cs_footer [img],assets/img/xaru/lockup_white_360.png,image,360x393,27,"Global real estate, development and business solutions — one international structure.",Explore,Lockup XARU HOME blanco (footer).,5,bajo,"OK (360x393, 27 KB)",184,20,no,No aplica,n/a,no,"Conservar. Activo de marca propia, conforme.",OK,Marca propia XARU (vectorizado del logo del cliente),en|es|ar|zh
opportunities/lp-ashima-masterplan/index.html,cs_site_header [img],assets/img/xaru/wordmark_gold_360.png,image,360x147,30,"Real Estate Exceptional properties, held to a single standard. Private residences and operating hospitality assets, curated worldwide. Private Properties Villas & mansions Castles, haciendas & estates Private islands Bra","Real Estate Exceptional properties, held to a single standard. Private residences and operating hospitality as",Wordmark XARU HOME dorado.,5,bajo,"OK (360x147, 30 KB)",184,20,no,No aplica,n/a,no,"Conservar. Activo de marca propia, conforme.",OK,Marca propia XARU (vectorizado del logo del cliente),en|es|ar|zh
opportunities/lp-land-11m/index.html,(head) [favicon],assets/img/xaru/favicon.png,favicon,64x64,6,,(bloque sin titulo),Favicon legado 64x64.,5,bajo,"OK (64x64, 6 KB)",136,8,no,No aplica,n/a,no,"Conservar. Activo de marca propia, conforme.",OK,Marca propia XARU (vectorizado del logo del cliente),en|es|ar|zh
opportunities/lp-land-11m/index.html,(root) [img],assets/img/xaru/monogram_gold_160.png,image,160x217,22,"XARU HOME Real Estate Exceptional properties, held to a single standard. Private residences and operating hospitality assets, curated worldwide. Private Properties Villas & mansions Castles, haciendas & estates Private i","Territorial Land Holding, 11M+ m²",Monograma XARU dorado.,5,bajo,"OK (160x217, 22 KB)",184,46,no,No aplica,n/a,no,"Conservar. Activo de marca propia, conforme.",OK,Marca propia XARU (vectorizado del logo del cliente),en|es|ar|zh
opportunities/lp-land-11m/index.html,cs_footer [img],assets/img/xaru/lockup_white_360.png,image,360x393,27,"Global real estate, development and business solutions — one international structure.",Explore,Lockup XARU HOME blanco (footer).,5,bajo,"OK (360x393, 27 KB)",184,20,no,No aplica,n/a,no,"Conservar. Activo de marca propia, conforme.",OK,Marca propia XARU (vectorizado del logo del cliente),en|es|ar|zh
opportunities/lp-land-11m/index.html,cs_site_header [img],assets/img/xaru/wordmark_gold_360.png,image,360x147,30,"Real Estate Exceptional properties, held to a single standard. Private residences and operating hospitality assets, curated worldwide. Private Properties Villas & mansions Castles, haciendas & estates Private islands Bra","Real Estate Exceptional properties, held to a single standard. Private residences and operating hospitality as",Wordmark XARU HOME dorado.,5,bajo,"OK (360x147, 30 KB)",184,20,no,No aplica,n/a,no,"Conservar. Activo de marca propia, conforme.",OK,Marca propia XARU (vectorizado del logo del cliente),en|es|ar|zh
opportunities/pa-quarry-license/index.html,(head) [favicon],assets/img/xaru/favicon.png,favicon,64x64,6,,(bloque sin titulo),Favicon legado 64x64.,5,bajo,"OK (64x64, 6 KB)",136,8,no,No aplica,n/a,no,"Conservar. Activo de marca propia, conforme.",OK,Marca propia XARU (vectorizado del logo del cliente),en|es|ar|zh
opportunities/pa-quarry-license/index.html,(root) [img],assets/img/xaru/monogram_gold_160.png,image,160x217,22,"XARU HOME Real Estate Exceptional properties, held to a single standard. Private residences and operating hospitality assets, curated worldwide. Private Properties Villas & mansions Castles, haciendas & estates Private i",Quarry Licence & Aggregates Production,Monograma XARU dorado.,5,bajo,"OK (160x217, 22 KB)",184,46,no,No aplica,n/a,no,"Conservar. Activo de marca propia, conforme.",OK,Marca propia XARU (vectorizado del logo del cliente),en|es|ar|zh
opportunities/pa-quarry-license/index.html,cs_footer [img],assets/img/xaru/lockup_white_360.png,image,360x393,27,"Global real estate, development and business solutions — one international structure.",Explore,Lockup XARU HOME blanco (footer).,5,bajo,"OK (360x393, 27 KB)",184,20,no,No aplica,n/a,no,"Conservar. Activo de marca propia, conforme.",OK,Marca propia XARU (vectorizado del logo del cliente),en|es|ar|zh
opportunities/pa-quarry-license/index.html,cs_site_header [img],assets/img/xaru/wordmark_gold_360.png,image,360x147,30,"Real Estate Exceptional properties, held to a single standard. Private residences and operating hospitality assets, curated worldwide. Private Properties Villas & mansions Castles, haciendas & estates Private islands Bra","Real Estate Exceptional properties, held to a single standard. Private residences and operating hospitality as",Wordmark XARU HOME dorado.,5,bajo,"OK (360x147, 30 KB)",184,20,no,No aplica,n/a,no,"Conservar. Activo de marca propia, conforme.",OK,Marca propia XARU (vectorizado del logo del cliente),en|es|ar|zh
opportunities/submit/index.html,(head) [favicon],assets/img/xaru/favicon.png,favicon,64x64,6,,(bloque sin titulo),Favicon legado 64x64.,5,bajo,"OK (64x64, 6 KB)",136,8,no,No aplica,n/a,no,"Conservar. Activo de marca propia, conforme.",OK,Marca propia XARU (vectorizado del logo del cliente),en|es|ar|zh
opportunities/submit/index.html,(root) [img],assets/img/xaru/monogram_gold_160.png,image,160x217,22,"XARU HOME Real Estate Exceptional properties, held to a single standard. Private residences and operating hospitality assets, curated worldwide. Private Properties Villas & mansions Castles, haciendas & estates Private i",Submit an Opportunity,Monograma XARU dorado.,5,bajo,"OK (160x217, 22 KB)",184,46,no,No aplica,n/a,no,"Conservar. Activo de marca propia, conforme.",OK,Marca propia XARU (vectorizado del logo del cliente),en|es|ar|zh
opportunities/submit/index.html,cs_footer [img],assets/img/xaru/lockup_white_360.png,image,360x393,27,"Global real estate, development and business solutions — one international structure.",Explore,Lockup XARU HOME blanco (footer).,5,bajo,"OK (360x393, 27 KB)",184,20,no,No aplica,n/a,no,"Conservar. Activo de marca propia, conforme.",OK,Marca propia XARU (vectorizado del logo del cliente),en|es|ar|zh
opportunities/submit/index.html,cs_site_header [img],assets/img/xaru/wordmark_gold_360.png,image,360x147,30,"Real Estate Exceptional properties, held to a single standard. Private residences and operating hospitality assets, curated worldwide. Private Properties Villas & mansions Castles, haciendas & estates Private islands Bra","Real Estate Exceptional properties, held to a single standard. Private residences and operating hospitality as",Wordmark XARU HOME dorado.,5,bajo,"OK (360x147, 30 KB)",184,20,no,No aplica,n/a,no,"Conservar. Activo de marca propia, conforme.",OK,Marca propia XARU (vectorizado del logo del cliente),en|es|ar|zh
private-enquiry/index.html,(head) [favicon],assets/img/xaru/favicon.png,favicon,64x64,6,,(bloque sin titulo),Favicon legado 64x64.,5,bajo,"OK (64x64, 6 KB)",136,8,no,No aplica,n/a,no,"Conservar. Activo de marca propia, conforme.",OK,Marca propia XARU (vectorizado del logo del cliente),en|es|ar|zh
private-enquiry/index.html,(root) [img],assets/img/xaru/monogram_gold_160.png,image,160x217,22,"XARU HOME Real Estate Exceptional properties, held to a single standard. Private residences and operating hospitality assets, curated worldwide. Private Properties Villas & mansions Castles, haciendas & estates Private i",Private Enquiry,Monograma XARU dorado.,5,bajo,"OK (160x217, 22 KB)",184,46,no,No aplica,n/a,no,"Conservar. Activo de marca propia, conforme.",OK,Marca propia XARU (vectorizado del logo del cliente),en|es|ar|zh
private-enquiry/index.html,cs_footer [img],assets/img/xaru/lockup_white_360.png,image,360x393,27,"Global real estate, development and business solutions — one international structure.",Explore,Lockup XARU HOME blanco (footer).,5,bajo,"OK (360x393, 27 KB)",184,20,no,No aplica,n/a,no,"Conservar. Activo de marca propia, conforme.",OK,Marca propia XARU (vectorizado del logo del cliente),en|es|ar|zh
private-enquiry/index.html,cs_site_header [img],assets/img/xaru/wordmark_gold_360.png,image,360x147,30,"Real Estate Exceptional properties, held to a single standard. Private residences and operating hospitality assets, curated worldwide. Private Properties Villas & mansions Castles, haciendas & estates Private islands Bra","Real Estate Exceptional properties, held to a single standard. Private residences and operating hospitality as",Wordmark XARU HOME dorado.,5,bajo,"OK (360x147, 30 KB)",184,20,no,No aplica,n/a,no,"Conservar. Activo de marca propia, conforme.",OK,Marca propia XARU (vectorizado del logo del cliente),en|es|ar|zh
property-details.html,(head) [favicon],assets/img/xaru/favicons/favicon.ico,favicon,16x16,1,,(bloque sin titulo),Favicon ICO 16x16.,5,bajo,"OK (16x16, 1 KB)",48,12,no,No aplica,n/a,no,"Conservar. Activo de marca propia, conforme.",OK,Marca propia XARU (vectorizado del logo del cliente),en|es|ar|zh
property-details.html,(head) [favicon],assets/img/xaru/favicons/icon-32.png,favicon,32x32,2,,(bloque sin titulo),Icono 32.,5,bajo,"OK (32x32, 2 KB)",48,12,no,No aplica,n/a,no,"Conservar. Activo de marca propia, conforme.",OK,Marca propia XARU (vectorizado del logo del cliente),en|es|ar|zh
property-details.html,(head) [favicon],assets/img/xaru/favicons/icon-16.png,favicon,16x16,1,,(bloque sin titulo),Icono 16.,5,bajo,"OK (16x16, 1 KB)",48,12,no,No aplica,n/a,no,"Conservar. Activo de marca propia, conforme.",OK,Marca propia XARU (vectorizado del logo del cliente),en|es|ar|zh
property-details.html,(head) [favicon],assets/img/xaru/favicons/icon-180.png,favicon,180x180,13,,(bloque sin titulo),Icono apple-touch 180.,5,bajo,"OK (180x180, 13 KB)",48,12,no,No aplica,n/a,no,"Conservar. Activo de marca propia, conforme.",OK,Marca propia XARU (vectorizado del logo del cliente),en|es|ar|zh
property-details.html,(root) [img],assets/img/xaru/monogram_gold_160.png,image,160x217,22,"XARU HOME Real Estate Exceptional properties, held to a single standard. Private residences and operating hospitality assets, curated worldwide. Private Properties Villas & mansions Castles, haciendas & estates Private i",Evergreen Estates,Monograma XARU dorado.,5,bajo,"OK (160x217, 22 KB)",184,46,no,No aplica,n/a,no,"Conservar. Activo de marca propia, conforme.",OK,Marca propia XARU (vectorizado del logo del cliente),en|es|ar|zh
property-details.html,cs_footer [img],assets/img/xaru/lockup_white_360.png,image,360x393,27,"Global luxury real estate, one structure — from acquisition to relocation, worldwide.",Explore,Lockup XARU HOME blanco (footer).,5,bajo,"OK (360x393, 27 KB)",184,20,no,No aplica,n/a,no,"Conservar. Activo de marca propia, conforme.",OK,Marca propia XARU (vectorizado del logo del cliente),en|es|ar|zh
property-details.html,cs_site_header [img],assets/img/xaru/wordmark_gold_360.png,image,360x147,30,"Real Estate Exceptional properties, held to a single standard. Private residences and operating hospitality assets, curated worldwide. Private Properties Villas & mansions Castles, haciendas & estates Private islands Bra","Real Estate Exceptional properties, held to a single standard. Private residences and operating hospitality as",Wordmark XARU HOME dorado.,5,bajo,"OK (360x147, 30 KB)",184,20,no,No aplica,n/a,no,"Conservar. Activo de marca propia, conforme.",OK,Marca propia XARU (vectorizado del logo del cliente),en|es|ar|zh
property-listing-buy.html,(head) [favicon],assets/img/xaru/favicons/favicon.ico,favicon,16x16,1,,(bloque sin titulo),Favicon ICO 16x16.,5,bajo,"OK (16x16, 1 KB)",48,12,no,No aplica,n/a,no,"Conservar. Activo de marca propia, conforme.",OK,Marca propia XARU (vectorizado del logo del cliente),en|es|ar|zh
property-listing-buy.html,(head) [favicon],assets/img/xaru/favicons/icon-32.png,favicon,32x32,2,,(bloque sin titulo),Icono 32.,5,bajo,"OK (32x32, 2 KB)",48,12,no,No aplica,n/a,no,"Conservar. Activo de marca propia, conforme.",OK,Marca propia XARU (vectorizado del logo del cliente),en|es|ar|zh
property-listing-buy.html,(head) [favicon],assets/img/xaru/favicons/icon-16.png,favicon,16x16,1,,(bloque sin titulo),Icono 16.,5,bajo,"OK (16x16, 1 KB)",48,12,no,No aplica,n/a,no,"Conservar. Activo de marca propia, conforme.",OK,Marca propia XARU (vectorizado del logo del cliente),en|es|ar|zh
property-listing-buy.html,(head) [favicon],assets/img/xaru/favicons/icon-180.png,favicon,180x180,13,,(bloque sin titulo),Icono apple-touch 180.,5,bajo,"OK (180x180, 13 KB)",48,12,no,No aplica,n/a,no,"Conservar. Activo de marca propia, conforme.",OK,Marca propia XARU (vectorizado del logo del cliente),en|es|ar|zh
property-listing-buy.html,(root) [img],assets/img/xaru/monogram_gold_160.png,image,160x217,22,"XARU HOME Real Estate Exceptional properties, held to a single standard. Private residences and operating hospitality assets, curated worldwide. Private Properties Villas & mansions Castles, haciendas & estates Private i",Private Islands & Luxury Property for Sale,Monograma XARU dorado.,5,bajo,"OK (160x217, 22 KB)",184,46,no,No aplica,n/a,no,"Conservar. Activo de marca propia, conforme.",OK,Marca propia XARU (vectorizado del logo del cliente),en|es|ar|zh
property-listing-buy.html,cs_footer [img],assets/img/xaru/lockup_white_360.png,image,360x393,27,"Global luxury real estate, one structure — from acquisition to relocation, worldwide.",Explore,Lockup XARU HOME blanco (footer).,5,bajo,"OK (360x393, 27 KB)",184,20,no,No aplica,n/a,no,"Conservar. Activo de marca propia, conforme.",OK,Marca propia XARU (vectorizado del logo del cliente),en|es|ar|zh
property-listing-buy.html,cs_site_header [img],assets/img/xaru/wordmark_gold_360.png,image,360x147,30,"Real Estate Exceptional properties, held to a single standard. Private residences and operating hospitality assets, curated worldwide. Private Properties Villas & mansions Castles, haciendas & estates Private islands Bra","Real Estate Exceptional properties, held to a single standard. Private residences and operating hospitality as",Wordmark XARU HOME dorado.,5,bajo,"OK (360x147, 30 KB)",184,20,no,No aplica,n/a,no,"Conservar. Activo de marca propia, conforme.",OK,Marca propia XARU (vectorizado del logo del cliente),en|es|ar|zh
property-listing-rent.html,(head) [favicon],assets/img/xaru/favicons/favicon.ico,favicon,16x16,1,,(bloque sin titulo),Favicon ICO 16x16.,5,bajo,"OK (16x16, 1 KB)",48,12,no,No aplica,n/a,no,"Conservar. Activo de marca propia, conforme.",OK,Marca propia XARU (vectorizado del logo del cliente),en|es|ar|zh
property-listing-rent.html,(head) [favicon],assets/img/xaru/favicons/icon-32.png,favicon,32x32,2,,(bloque sin titulo),Icono 32.,5,bajo,"OK (32x32, 2 KB)",48,12,no,No aplica,n/a,no,"Conservar. Activo de marca propia, conforme.",OK,Marca propia XARU (vectorizado del logo del cliente),en|es|ar|zh
property-listing-rent.html,(head) [favicon],assets/img/xaru/favicons/icon-16.png,favicon,16x16,1,,(bloque sin titulo),Icono 16.,5,bajo,"OK (16x16, 1 KB)",48,12,no,No aplica,n/a,no,"Conservar. Activo de marca propia, conforme.",OK,Marca propia XARU (vectorizado del logo del cliente),en|es|ar|zh
property-listing-rent.html,(head) [favicon],assets/img/xaru/favicons/icon-180.png,favicon,180x180,13,,(bloque sin titulo),Icono apple-touch 180.,5,bajo,"OK (180x180, 13 KB)",48,12,no,No aplica,n/a,no,"Conservar. Activo de marca propia, conforme.",OK,Marca propia XARU (vectorizado del logo del cliente),en|es|ar|zh
property-listing-rent.html,(root) [img],assets/img/xaru/monogram_gold_160.png,image,160x217,22,"XARU HOME Real Estate Exceptional properties, held to a single standard. Private residences and operating hospitality assets, curated worldwide. Private Properties Villas & mansions Castles, haciendas & estates Private i",Residences for Lease,Monograma XARU dorado.,5,bajo,"OK (160x217, 22 KB)",184,46,no,No aplica,n/a,no,"Conservar. Activo de marca propia, conforme.",OK,Marca propia XARU (vectorizado del logo del cliente),en|es|ar|zh
property-listing-rent.html,cs_footer [img],assets/img/xaru/lockup_white_360.png,image,360x393,27,"Global luxury real estate, one structure — from acquisition to relocation, worldwide.",Explore,Lockup XARU HOME blanco (footer).,5,bajo,"OK (360x393, 27 KB)",184,20,no,No aplica,n/a,no,"Conservar. Activo de marca propia, conforme.",OK,Marca propia XARU (vectorizado del logo del cliente),en|es|ar|zh
property-listing-rent.html,cs_site_header [img],assets/img/xaru/wordmark_gold_360.png,image,360x147,30,"Real Estate Exceptional properties, held to a single standard. Private residences and operating hospitality assets, curated worldwide. Private Properties Villas & mansions Castles, haciendas & estates Private islands Bra","Real Estate Exceptional properties, held to a single standard. Private residences and operating hospitality as",Wordmark XARU HOME dorado.,5,bajo,"OK (360x147, 30 KB)",184,20,no,No aplica,n/a,no,"Conservar. Activo de marca propia, conforme.",OK,Marca propia XARU (vectorizado del logo del cliente),en|es|ar|zh
property-listing-search.html,(head) [favicon],assets/img/xaru/favicons/favicon.ico,favicon,16x16,1,,(bloque sin titulo),Favicon ICO 16x16.,5,bajo,"OK (16x16, 1 KB)",48,12,no,No aplica,n/a,no,"Conservar. Activo de marca propia, conforme.",OK,Marca propia XARU (vectorizado del logo del cliente),en|es|ar|zh
property-listing-search.html,(head) [favicon],assets/img/xaru/favicons/icon-32.png,favicon,32x32,2,,(bloque sin titulo),Icono 32.,5,bajo,"OK (32x32, 2 KB)",48,12,no,No aplica,n/a,no,"Conservar. Activo de marca propia, conforme.",OK,Marca propia XARU (vectorizado del logo del cliente),en|es|ar|zh
property-listing-search.html,(head) [favicon],assets/img/xaru/favicons/icon-16.png,favicon,16x16,1,,(bloque sin titulo),Icono 16.,5,bajo,"OK (16x16, 1 KB)",48,12,no,No aplica,n/a,no,"Conservar. Activo de marca propia, conforme.",OK,Marca propia XARU (vectorizado del logo del cliente),en|es|ar|zh
property-listing-search.html,(head) [favicon],assets/img/xaru/favicons/icon-180.png,favicon,180x180,13,,(bloque sin titulo),Icono apple-touch 180.,5,bajo,"OK (180x180, 13 KB)",48,12,no,No aplica,n/a,no,"Conservar. Activo de marca propia, conforme.",OK,Marca propia XARU (vectorizado del logo del cliente),en|es|ar|zh
property-listing-search.html,(root) [img],assets/img/xaru/monogram_gold_160.png,image,160x217,22,"XARU HOME Real Estate Exceptional properties, held to a single standard. Private residences and operating hospitality assets, curated worldwide. Private Properties Villas & mansions Castles, haciendas & estates Private i",Private Island — Samaná Bay,Monograma XARU dorado.,5,bajo,"OK (160x217, 22 KB)",184,46,no,No aplica,n/a,no,"Conservar. Activo de marca propia, conforme.",OK,Marca propia XARU (vectorizado del logo del cliente),en|es|ar|zh
property-listing-search.html,cs_footer [img],assets/img/xaru/lockup_white_360.png,image,360x393,27,"Global luxury real estate, one structure — from acquisition to relocation, worldwide.",Explore,Lockup XARU HOME blanco (footer).,5,bajo,"OK (360x393, 27 KB)",184,20,no,No aplica,n/a,no,"Conservar. Activo de marca propia, conforme.",OK,Marca propia XARU (vectorizado del logo del cliente),en|es|ar|zh
property-listing-search.html,cs_site_header [img],assets/img/xaru/wordmark_gold_360.png,image,360x147,30,"Real Estate Exceptional properties, held to a single standard. Private residences and operating hospitality assets, curated worldwide. Private Properties Villas & mansions Castles, haciendas & estates Private islands Bra","Real Estate Exceptional properties, held to a single standard. Private residences and operating hospitality as",Wordmark XARU HOME dorado.,5,bajo,"OK (360x147, 30 KB)",184,20,no,No aplica,n/a,no,"Conservar. Activo de marca propia, conforme.",OK,Marca propia XARU (vectorizado del logo del cliente),en|es|ar|zh
real-estate/commercial-hospitality/ch-hotel-halted/index.html,(head) [favicon],assets/img/xaru/favicon.png,favicon,64x64,6,,(bloque sin titulo),Favicon legado 64x64.,5,bajo,"OK (64x64, 6 KB)",136,8,no,No aplica,n/a,no,"Conservar. Activo de marca propia, conforme.",OK,Marca propia XARU (vectorizado del logo del cliente),en|es|ar|zh
real-estate/commercial-hospitality/ch-hotel-halted/index.html,(root) [img],assets/img/xaru/monogram_gold_160.png,image,160x217,22,"XARU HOME Real Estate Exceptional properties, held to a single standard. Private residences and operating hospitality assets, curated worldwide. Private Properties Villas & mansions Castles, haciendas & estates Private i",Halted Hotel Project Seeking Capital,Monograma XARU dorado.,5,bajo,"OK (160x217, 22 KB)",184,46,no,No aplica,n/a,no,"Conservar. Activo de marca propia, conforme.",OK,Marca propia XARU (vectorizado del logo del cliente),en|es|ar|zh
real-estate/commercial-hospitality/ch-hotel-halted/index.html,cs_footer [img],assets/img/xaru/lockup_white_360.png,image,360x393,27,"Global real estate, development and business solutions — one international structure.",Explore,Lockup XARU HOME blanco (footer).,5,bajo,"OK (360x393, 27 KB)",184,20,no,No aplica,n/a,no,"Conservar. Activo de marca propia, conforme.",OK,Marca propia XARU (vectorizado del logo del cliente),en|es|ar|zh
real-estate/commercial-hospitality/ch-hotel-halted/index.html,cs_site_header [img],assets/img/xaru/wordmark_gold_360.png,image,360x147,30,"Real Estate Exceptional properties, held to a single standard. Private residences and operating hospitality assets, curated worldwide. Private Properties Villas & mansions Castles, haciendas & estates Private islands Bra","Real Estate Exceptional properties, held to a single standard. Private residences and operating hospitality as",Wordmark XARU HOME dorado.,5,bajo,"OK (360x147, 30 KB)",184,20,no,No aplica,n/a,no,"Conservar. Activo de marca propia, conforme.",OK,Marca propia XARU (vectorizado del logo del cliente),en|es|ar|zh
real-estate/commercial-hospitality/ch-hotel-operational/index.html,(head) [favicon],assets/img/xaru/favicon.png,favicon,64x64,6,,(bloque sin titulo),Favicon legado 64x64.,5,bajo,"OK (64x64, 6 KB)",136,8,no,No aplica,n/a,no,"Conservar. Activo de marca propia, conforme.",OK,Marca propia XARU (vectorizado del logo del cliente),en|es|ar|zh
real-estate/commercial-hospitality/ch-hotel-operational/index.html,(root) [img],assets/img/xaru/monogram_gold_160.png,image,160x217,22,"XARU HOME Real Estate Exceptional properties, held to a single standard. Private residences and operating hospitality assets, curated worldwide. Private Properties Villas & mansions Castles, haciendas & estates Private i",Operating Boutique Hotel,Monograma XARU dorado.,5,bajo,"OK (160x217, 22 KB)",184,46,no,No aplica,n/a,no,"Conservar. Activo de marca propia, conforme.",OK,Marca propia XARU (vectorizado del logo del cliente),en|es|ar|zh
real-estate/commercial-hospitality/ch-hotel-operational/index.html,cs_footer [img],assets/img/xaru/lockup_white_360.png,image,360x393,27,"Global real estate, development and business solutions — one international structure.",Explore,Lockup XARU HOME blanco (footer).,5,bajo,"OK (360x393, 27 KB)",184,20,no,No aplica,n/a,no,"Conservar. Activo de marca propia, conforme.",OK,Marca propia XARU (vectorizado del logo del cliente),en|es|ar|zh
real-estate/commercial-hospitality/ch-hotel-operational/index.html,cs_site_header [img],assets/img/xaru/wordmark_gold_360.png,image,360x147,30,"Real Estate Exceptional properties, held to a single standard. Private residences and operating hospitality assets, curated worldwide. Private Properties Villas & mansions Castles, haciendas & estates Private islands Bra","Real Estate Exceptional properties, held to a single standard. Private residences and operating hospitality as",Wordmark XARU HOME dorado.,5,bajo,"OK (360x147, 30 KB)",184,20,no,No aplica,n/a,no,"Conservar. Activo de marca propia, conforme.",OK,Marca propia XARU (vectorizado del logo del cliente),en|es|ar|zh
real-estate/commercial-hospitality/ch-resort-development/index.html,(head) [favicon],assets/img/xaru/favicon.png,favicon,64x64,6,,(bloque sin titulo),Favicon legado 64x64.,5,bajo,"OK (64x64, 6 KB)",136,8,no,No aplica,n/a,no,"Conservar. Activo de marca propia, conforme.",OK,Marca propia XARU (vectorizado del logo del cliente),en|es|ar|zh
real-estate/commercial-hospitality/ch-resort-development/index.html,(root) [img],assets/img/xaru/monogram_gold_160.png,image,160x217,22,"XARU HOME Real Estate Exceptional properties, held to a single standard. Private residences and operating hospitality assets, curated worldwide. Private Properties Villas & mansions Castles, haciendas & estates Private i","Beach Resort, Development Stage",Monograma XARU dorado.,5,bajo,"OK (160x217, 22 KB)",184,46,no,No aplica,n/a,no,"Conservar. Activo de marca propia, conforme.",OK,Marca propia XARU (vectorizado del logo del cliente),en|es|ar|zh
real-estate/commercial-hospitality/ch-resort-development/index.html,cs_footer [img],assets/img/xaru/lockup_white_360.png,image,360x393,27,"Global real estate, development and business solutions — one international structure.",Explore,Lockup XARU HOME blanco (footer).,5,bajo,"OK (360x393, 27 KB)",184,20,no,No aplica,n/a,no,"Conservar. Activo de marca propia, conforme.",OK,Marca propia XARU (vectorizado del logo del cliente),en|es|ar|zh
real-estate/commercial-hospitality/ch-resort-development/index.html,cs_site_header [img],assets/img/xaru/wordmark_gold_360.png,image,360x147,30,"Real Estate Exceptional properties, held to a single standard. Private residences and operating hospitality assets, curated worldwide. Private Properties Villas & mansions Castles, haciendas & estates Private islands Bra","Real Estate Exceptional properties, held to a single standard. Private residences and operating hospitality as",Wordmark XARU HOME dorado.,5,bajo,"OK (360x147, 30 KB)",184,20,no,No aplica,n/a,no,"Conservar. Activo de marca propia, conforme.",OK,Marca propia XARU (vectorizado del logo del cliente),en|es|ar|zh
real-estate/commercial-hospitality/index.html,(head) [favicon],assets/img/xaru/favicon.png,favicon,64x64,6,,(bloque sin titulo),Favicon legado 64x64.,5,bajo,"OK (64x64, 6 KB)",136,8,no,No aplica,n/a,no,"Conservar. Activo de marca propia, conforme.",OK,Marca propia XARU (vectorizado del logo del cliente),en|es|ar|zh
real-estate/commercial-hospitality/index.html,(root) [img],assets/img/xaru/monogram_gold_160.png,image,160x217,22,"XARU HOME Real Estate Exceptional properties, held to a single standard. Private residences and operating hospitality assets, curated worldwide. Private Properties Villas & mansions Castles, haciendas & estates Private i",Commercial & Hospitality,Monograma XARU dorado.,5,bajo,"OK (160x217, 22 KB)",184,46,no,No aplica,n/a,no,"Conservar. Activo de marca propia, conforme.",OK,Marca propia XARU (vectorizado del logo del cliente),en|es|ar|zh
real-estate/commercial-hospitality/index.html,cs_footer [img],assets/img/xaru/lockup_white_360.png,image,360x393,27,"Global real estate, development and business solutions — one international structure.",Explore,Lockup XARU HOME blanco (footer).,5,bajo,"OK (360x393, 27 KB)",184,20,no,No aplica,n/a,no,"Conservar. Activo de marca propia, conforme.",OK,Marca propia XARU (vectorizado del logo del cliente),en|es|ar|zh
real-estate/commercial-hospitality/index.html,cs_site_header [img],assets/img/xaru/wordmark_gold_360.png,image,360x147,30,"Real Estate Exceptional properties, held to a single standard. Private residences and operating hospitality assets, curated worldwide. Private Properties Villas & mansions Castles, haciendas & estates Private islands Bra","Real Estate Exceptional properties, held to a single standard. Private residences and operating hospitality as",Wordmark XARU HOME dorado.,5,bajo,"OK (360x147, 30 KB)",184,20,no,No aplica,n/a,no,"Conservar. Activo de marca propia, conforme.",OK,Marca propia XARU (vectorizado del logo del cliente),en|es|ar|zh
real-estate/index.html,(head) [favicon],assets/img/xaru/favicon.png,favicon,64x64,6,,(bloque sin titulo),Favicon legado 64x64.,5,bajo,"OK (64x64, 6 KB)",136,8,no,No aplica,n/a,no,"Conservar. Activo de marca propia, conforme.",OK,Marca propia XARU (vectorizado del logo del cliente),en|es|ar|zh
real-estate/index.html,(root) [img],assets/img/xaru/monogram_gold_160.png,image,160x217,22,"XARU HOME Real Estate Exceptional properties, held to a single standard. Private residences and operating hospitality assets, curated worldwide. Private Properties Villas & mansions Castles, haciendas & estates Private i",Real Estate,Monograma XARU dorado.,5,bajo,"OK (160x217, 22 KB)",184,46,no,No aplica,n/a,no,"Conservar. Activo de marca propia, conforme.",OK,Marca propia XARU (vectorizado del logo del cliente),en|es|ar|zh
real-estate/index.html,cs_footer [img],assets/img/xaru/lockup_white_360.png,image,360x393,27,"Global real estate, development and business solutions — one international structure.",Explore,Lockup XARU HOME blanco (footer).,5,bajo,"OK (360x393, 27 KB)",184,20,no,No aplica,n/a,no,"Conservar. Activo de marca propia, conforme.",OK,Marca propia XARU (vectorizado del logo del cliente),en|es|ar|zh
real-estate/index.html,cs_site_header [img],assets/img/xaru/wordmark_gold_360.png,image,360x147,30,"Real Estate Exceptional properties, held to a single standard. Private residences and operating hospitality assets, curated worldwide. Private Properties Villas & mansions Castles, haciendas & estates Private islands Bra","Real Estate Exceptional properties, held to a single standard. Private residences and operating hospitality as",Wordmark XARU HOME dorado.,5,bajo,"OK (360x147, 30 KB)",184,20,no,No aplica,n/a,no,"Conservar. Activo de marca propia, conforme.",OK,Marca propia XARU (vectorizado del logo del cliente),en|es|ar|zh
real-estate/private-properties/index.html,(head) [favicon],assets/img/xaru/favicon.png,favicon,64x64,6,,(bloque sin titulo),Favicon legado 64x64.,5,bajo,"OK (64x64, 6 KB)",136,8,no,No aplica,n/a,no,"Conservar. Activo de marca propia, conforme.",OK,Marca propia XARU (vectorizado del logo del cliente),en|es|ar|zh
real-estate/private-properties/index.html,(root) [img],assets/img/xaru/monogram_gold_160.png,image,160x217,22,"XARU HOME Real Estate Exceptional properties, held to a single standard. Private residences and operating hospitality assets, curated worldwide. Private Properties Villas & mansions Castles, haciendas & estates Private i",Private Properties,Monograma XARU dorado.,5,bajo,"OK (160x217, 22 KB)",184,46,no,No aplica,n/a,no,"Conservar. Activo de marca propia, conforme.",OK,Marca propia XARU (vectorizado del logo del cliente),en|es|ar|zh
real-estate/private-properties/index.html,cs_footer [img],assets/img/xaru/lockup_white_360.png,image,360x393,27,"Global real estate, development and business solutions — one international structure.",Explore,Lockup XARU HOME blanco (footer).,5,bajo,"OK (360x393, 27 KB)",184,20,no,No aplica,n/a,no,"Conservar. Activo de marca propia, conforme.",OK,Marca propia XARU (vectorizado del logo del cliente),en|es|ar|zh
real-estate/private-properties/index.html,cs_site_header [img],assets/img/xaru/wordmark_gold_360.png,image,360x147,30,"Real Estate Exceptional properties, held to a single standard. Private residences and operating hospitality assets, curated worldwide. Private Properties Villas & mansions Castles, haciendas & estates Private islands Bra","Real Estate Exceptional properties, held to a single standard. Private residences and operating hospitality as",Wordmark XARU HOME dorado.,5,bajo,"OK (360x147, 30 KB)",184,20,no,No aplica,n/a,no,"Conservar. Activo de marca propia, conforme.",OK,Marca propia XARU (vectorizado del logo del cliente),en|es|ar|zh
real-estate/private-properties/pp-casa-tulum/index.html,(head) [favicon],assets/img/xaru/favicon.png,favicon,64x64,6,,(bloque sin titulo),Favicon legado 64x64.,5,bajo,"OK (64x64, 6 KB)",136,8,no,No aplica,n/a,no,"Conservar. Activo de marca propia, conforme.",OK,Marca propia XARU (vectorizado del logo del cliente),en|es|ar|zh
real-estate/private-properties/pp-casa-tulum/index.html,(root) [img],assets/img/xaru/monogram_gold_160.png,image,160x217,22,"XARU HOME Real Estate Exceptional properties, held to a single standard. Private residences and operating hospitality assets, curated worldwide. Private Properties Villas & mansions Castles, haciendas & estates Private i","Beachfront Residence, Tulum",Monograma XARU dorado.,5,bajo,"OK (160x217, 22 KB)",184,46,no,No aplica,n/a,no,"Conservar. Activo de marca propia, conforme.",OK,Marca propia XARU (vectorizado del logo del cliente),en|es|ar|zh
real-estate/private-properties/pp-casa-tulum/index.html,cs_footer [img],assets/img/xaru/lockup_white_360.png,image,360x393,27,"Global real estate, development and business solutions — one international structure.",Explore,Lockup XARU HOME blanco (footer).,5,bajo,"OK (360x393, 27 KB)",184,20,no,No aplica,n/a,no,"Conservar. Activo de marca propia, conforme.",OK,Marca propia XARU (vectorizado del logo del cliente),en|es|ar|zh
real-estate/private-properties/pp-casa-tulum/index.html,cs_site_header [img],assets/img/xaru/wordmark_gold_360.png,image,360x147,30,"Real Estate Exceptional properties, held to a single standard. Private residences and operating hospitality assets, curated worldwide. Private Properties Villas & mansions Castles, haciendas & estates Private islands Bra","Real Estate Exceptional properties, held to a single standard. Private residences and operating hospitality as",Wordmark XARU HOME dorado.,5,bajo,"OK (360x147, 30 KB)",184,20,no,No aplica,n/a,no,"Conservar. Activo de marca propia, conforme.",OK,Marca propia XARU (vectorizado del logo del cliente),en|es|ar|zh
real-estate/private-properties/pp-penthouse-london/index.html,(head) [favicon],assets/img/xaru/favicon.png,favicon,64x64,6,,(bloque sin titulo),Favicon legado 64x64.,5,bajo,"OK (64x64, 6 KB)",136,8,no,No aplica,n/a,no,"Conservar. Activo de marca propia, conforme.",OK,Marca propia XARU (vectorizado del logo del cliente),en|es|ar|zh
real-estate/private-properties/pp-penthouse-london/index.html,(root) [img],assets/img/xaru/monogram_gold_160.png,image,160x217,22,"XARU HOME Real Estate Exceptional properties, held to a single standard. Private residences and operating hospitality assets, curated worldwide. Private Properties Villas & mansions Castles, haciendas & estates Private i","Penthouse, Central London",Monograma XARU dorado.,5,bajo,"OK (160x217, 22 KB)",184,46,no,No aplica,n/a,no,"Conservar. Activo de marca propia, conforme.",OK,Marca propia XARU (vectorizado del logo del cliente),en|es|ar|zh
real-estate/private-properties/pp-penthouse-london/index.html,cs_footer [img],assets/img/xaru/lockup_white_360.png,image,360x393,27,"Global real estate, development and business solutions — one international structure.",Explore,Lockup XARU HOME blanco (footer).,5,bajo,"OK (360x393, 27 KB)",184,20,no,No aplica,n/a,no,"Conservar. Activo de marca propia, conforme.",OK,Marca propia XARU (vectorizado del logo del cliente),en|es|ar|zh
real-estate/private-properties/pp-penthouse-london/index.html,cs_site_header [img],assets/img/xaru/wordmark_gold_360.png,image,360x147,30,"Real Estate Exceptional properties, held to a single standard. Private residences and operating hospitality assets, curated worldwide. Private Properties Villas & mansions Castles, haciendas & estates Private islands Bra","Real Estate Exceptional properties, held to a single standard. Private residences and operating hospitality as",Wordmark XARU HOME dorado.,5,bajo,"OK (360x147, 30 KB)",184,20,no,No aplica,n/a,no,"Conservar. Activo de marca propia, conforme.",OK,Marca propia XARU (vectorizado del logo del cliente),en|es|ar|zh
real-estate/private-properties/pp-samana-island/index.html,(head) [favicon],assets/img/xaru/favicon.png,favicon,64x64,6,,(bloque sin titulo),Favicon legado 64x64.,5,bajo,"OK (64x64, 6 KB)",136,8,no,No aplica,n/a,no,"Conservar. Activo de marca propia, conforme.",OK,Marca propia XARU (vectorizado del logo del cliente),en|es|ar|zh
real-estate/private-properties/pp-samana-island/index.html,(root) [img],assets/img/xaru/monogram_gold_160.png,image,160x217,22,"XARU HOME Real Estate Exceptional properties, held to a single standard. Private residences and operating hospitality assets, curated worldwide. Private Properties Villas & mansions Castles, haciendas & estates Private i","Private Island, Samaná Bay",Monograma XARU dorado.,5,bajo,"OK (160x217, 22 KB)",184,46,no,No aplica,n/a,no,"Conservar. Activo de marca propia, conforme.",OK,Marca propia XARU (vectorizado del logo del cliente),en|es|ar|zh
real-estate/private-properties/pp-samana-island/index.html,cs_footer [img],assets/img/xaru/lockup_white_360.png,image,360x393,27,"Global real estate, development and business solutions — one international structure.",Explore,Lockup XARU HOME blanco (footer).,5,bajo,"OK (360x393, 27 KB)",184,20,no,No aplica,n/a,no,"Conservar. Activo de marca propia, conforme.",OK,Marca propia XARU (vectorizado del logo del cliente),en|es|ar|zh
real-estate/private-properties/pp-samana-island/index.html,cs_site_header [img],assets/img/xaru/wordmark_gold_360.png,image,360x147,30,"Real Estate Exceptional properties, held to a single standard. Private residences and operating hospitality assets, curated worldwide. Private Properties Villas & mansions Castles, haciendas & estates Private islands Bra","Real Estate Exceptional properties, held to a single standard. Private residences and operating hospitality as",Wordmark XARU HOME dorado.,5,bajo,"OK (360x147, 30 KB)",184,20,no,No aplica,n/a,no,"Conservar. Activo de marca propia, conforme.",OK,Marca propia XARU (vectorizado del logo del cliente),en|es|ar|zh
real-estate/private-properties/pp-villa-como/index.html,(head) [favicon],assets/img/xaru/favicon.png,favicon,64x64,6,,(bloque sin titulo),Favicon legado 64x64.,5,bajo,"OK (64x64, 6 KB)",136,8,no,No aplica,n/a,no,"Conservar. Activo de marca propia, conforme.",OK,Marca propia XARU (vectorizado del logo del cliente),en|es|ar|zh
real-estate/private-properties/pp-villa-como/index.html,(root) [img],assets/img/xaru/monogram_gold_160.png,image,160x217,22,"XARU HOME Real Estate Exceptional properties, held to a single standard. Private residences and operating hospitality assets, curated worldwide. Private Properties Villas & mansions Castles, haciendas & estates Private i","Lakefront Estate, Lake Como",Monograma XARU dorado.,5,bajo,"OK (160x217, 22 KB)",184,46,no,No aplica,n/a,no,"Conservar. Activo de marca propia, conforme.",OK,Marca propia XARU (vectorizado del logo del cliente),en|es|ar|zh
real-estate/private-properties/pp-villa-como/index.html,cs_footer [img],assets/img/xaru/lockup_white_360.png,image,360x393,27,"Global real estate, development and business solutions — one international structure.",Explore,Lockup XARU HOME blanco (footer).,5,bajo,"OK (360x393, 27 KB)",184,20,no,No aplica,n/a,no,"Conservar. Activo de marca propia, conforme.",OK,Marca propia XARU (vectorizado del logo del cliente),en|es|ar|zh
real-estate/private-properties/pp-villa-como/index.html,cs_site_header [img],assets/img/xaru/wordmark_gold_360.png,image,360x147,30,"Real Estate Exceptional properties, held to a single standard. Private residences and operating hospitality assets, curated worldwide. Private Properties Villas & mansions Castles, haciendas & estates Private islands Bra","Real Estate Exceptional properties, held to a single standard. Private residences and operating hospitality as",Wordmark XARU HOME dorado.,5,bajo,"OK (360x147, 30 KB)",184,20,no,No aplica,n/a,no,"Conservar. Activo de marca propia, conforme.",OK,Marca propia XARU (vectorizado del logo del cliente),en|es|ar|zh
real-estate/private-properties/pp-villa-dubai/index.html,(head) [favicon],assets/img/xaru/favicon.png,favicon,64x64,6,,(bloque sin titulo),Favicon legado 64x64.,5,bajo,"OK (64x64, 6 KB)",136,8,no,No aplica,n/a,no,"Conservar. Activo de marca propia, conforme.",OK,Marca propia XARU (vectorizado del logo del cliente),en|es|ar|zh
real-estate/private-properties/pp-villa-dubai/index.html,(root) [img],assets/img/xaru/monogram_gold_160.png,image,160x217,22,"XARU HOME Real Estate Exceptional properties, held to a single standard. Private residences and operating hospitality assets, curated worldwide. Private Properties Villas & mansions Castles, haciendas & estates Private i","Signature Villa, Dubai",Monograma XARU dorado.,5,bajo,"OK (160x217, 22 KB)",184,46,no,No aplica,n/a,no,"Conservar. Activo de marca propia, conforme.",OK,Marca propia XARU (vectorizado del logo del cliente),en|es|ar|zh
real-estate/private-properties/pp-villa-dubai/index.html,cs_footer [img],assets/img/xaru/lockup_white_360.png,image,360x393,27,"Global real estate, development and business solutions — one international structure.",Explore,Lockup XARU HOME blanco (footer).,5,bajo,"OK (360x393, 27 KB)",184,20,no,No aplica,n/a,no,"Conservar. Activo de marca propia, conforme.",OK,Marca propia XARU (vectorizado del logo del cliente),en|es|ar|zh
real-estate/private-properties/pp-villa-dubai/index.html,cs_site_header [img],assets/img/xaru/wordmark_gold_360.png,image,360x147,30,"Real Estate Exceptional properties, held to a single standard. Private residences and operating hospitality assets, curated worldwide. Private Properties Villas & mansions Castles, haciendas & estates Private islands Bra","Real Estate Exceptional properties, held to a single standard. Private residences and operating hospitality as",Wordmark XARU HOME dorado.,5,bajo,"OK (360x147, 30 KB)",184,20,no,No aplica,n/a,no,"Conservar. Activo de marca propia, conforme.",OK,Marca propia XARU (vectorizado del logo del cliente),en|es|ar|zh
real-estate/private-properties/pp-villa-marbella/index.html,(head) [favicon],assets/img/xaru/favicon.png,favicon,64x64,6,,(bloque sin titulo),Favicon legado 64x64.,5,bajo,"OK (64x64, 6 KB)",136,8,no,No aplica,n/a,no,"Conservar. Activo de marca propia, conforme.",OK,Marca propia XARU (vectorizado del logo del cliente),en|es|ar|zh
real-estate/private-properties/pp-villa-marbella/index.html,(root) [img],assets/img/xaru/monogram_gold_160.png,image,160x217,22,"XARU HOME Real Estate Exceptional properties, held to a single standard. Private residences and operating hospitality assets, curated worldwide. Private Properties Villas & mansions Castles, haciendas & estates Private i","Villa, Marbella Golden Mile",Monograma XARU dorado.,5,bajo,"OK (160x217, 22 KB)",184,46,no,No aplica,n/a,no,"Conservar. Activo de marca propia, conforme.",OK,Marca propia XARU (vectorizado del logo del cliente),en|es|ar|zh
real-estate/private-properties/pp-villa-marbella/index.html,cs_footer [img],assets/img/xaru/lockup_white_360.png,image,360x393,27,"Global real estate, development and business solutions — one international structure.",Explore,Lockup XARU HOME blanco (footer).,5,bajo,"OK (360x393, 27 KB)",184,20,no,No aplica,n/a,no,"Conservar. Activo de marca propia, conforme.",OK,Marca propia XARU (vectorizado del logo del cliente),en|es|ar|zh
real-estate/private-properties/pp-villa-marbella/index.html,cs_site_header [img],assets/img/xaru/wordmark_gold_360.png,image,360x147,30,"Real Estate Exceptional properties, held to a single standard. Private residences and operating hospitality assets, curated worldwide. Private Properties Villas & mansions Castles, haciendas & estates Private islands Bra","Real Estate Exceptional properties, held to a single standard. Private residences and operating hospitality as",Wordmark XARU HOME dorado.,5,bajo,"OK (360x147, 30 KB)",184,20,no,No aplica,n/a,no,"Conservar. Activo de marca propia, conforme.",OK,Marca propia XARU (vectorizado del logo del cliente),en|es|ar|zh
single-property-v1.html,(head) [favicon],assets/img/xaru/favicons/favicon.ico,favicon,16x16,1,,(bloque sin titulo),Favicon ICO 16x16.,5,bajo,"OK (16x16, 1 KB)",48,12,no,No aplica,n/a,no,"Conservar. Activo de marca propia, conforme.",OK,Marca propia XARU (vectorizado del logo del cliente),en|es|ar|zh
single-property-v1.html,(head) [favicon],assets/img/xaru/favicons/icon-32.png,favicon,32x32,2,,(bloque sin titulo),Icono 32.,5,bajo,"OK (32x32, 2 KB)",48,12,no,No aplica,n/a,no,"Conservar. Activo de marca propia, conforme.",OK,Marca propia XARU (vectorizado del logo del cliente),en|es|ar|zh
single-property-v1.html,(head) [favicon],assets/img/xaru/favicons/icon-16.png,favicon,16x16,1,,(bloque sin titulo),Icono 16.,5,bajo,"OK (16x16, 1 KB)",48,12,no,No aplica,n/a,no,"Conservar. Activo de marca propia, conforme.",OK,Marca propia XARU (vectorizado del logo del cliente),en|es|ar|zh
single-property-v1.html,(head) [favicon],assets/img/xaru/favicons/icon-180.png,favicon,180x180,13,,(bloque sin titulo),Icono apple-touch 180.,5,bajo,"OK (180x180, 13 KB)",48,12,no,No aplica,n/a,no,"Conservar. Activo de marca propia, conforme.",OK,Marca propia XARU (vectorizado del logo del cliente),en|es|ar|zh
single-property-v1.html,(root) [img],assets/img/xaru/monogram_gold_160.png,image,160x217,22,"XARU HOME Real Estate Exceptional properties, held to a single standard. Private residences and operating hospitality assets, curated worldwide. Private Properties Villas & mansions Castles, haciendas & estates Private i",Discover the Perfect Harmony of Luxury and Comfort,Monograma XARU dorado.,5,bajo,"OK (160x217, 22 KB)",184,46,no,No aplica,n/a,no,"Conservar. Activo de marca propia, conforme.",OK,Marca propia XARU (vectorizado del logo del cliente),en|es|ar|zh
single-property-v1.html,(root) [img],assets/img/icons/play-circle.svg,svg,n/a,1,Discover the Perfect Harmony of Luxury and Comfort,Discover the Perfect Harmony of Luxury and Comfort,Icono de reproduccion.,4,bajo,n/a,4,1,sí,Sistema iconografico XARU,sí,no,Sustituir por pictograma vectorial propio de XARU en la fase de rediseño.,LICENSE_NOT_DOCUMENTED,Stock de plantilla comercial Xproperty - procedencia no documentada,en|es|ar|zh
single-property-v1.html,cs_about [img],assets/img/about-shape-1.png,image,749x549,29,"Virtual Property Tour You can visit virtually from home Discover XARU HOME Offers Explore countless property options About us We specialize in Real Estate Solutions Nationwide With a commitment to excellence, we speciali",Virtual Property Tour,Recorte decorativo de edificio transparente.,4,bajo,"OK (749x549, 29 KB)",4,1,sí,Sistema iconografico XARU,sí,no,Sustituir por pictograma vectorial propio de XARU en la fase de rediseño.,LICENSE_NOT_DOCUMENTED,Stock de plantilla comercial Xproperty - procedencia no documentada,en|es|ar|zh
single-property-v1.html,cs_footer [img],assets/img/xaru/lockup_white_360.png,image,360x393,27,"Global luxury real estate, one structure — from acquisition to relocation, worldwide.",Explore,Lockup XARU HOME blanco (footer).,5,bajo,"OK (360x393, 27 KB)",184,20,no,No aplica,n/a,no,"Conservar. Activo de marca propia, conforme.",OK,Marca propia XARU (vectorizado del logo del cliente),en|es|ar|zh
single-property-v1.html,cs_primary_bg [img],assets/img/icons/apartment.svg,svg,n/a,1,$ B+ We’ve successfully sold properties across the globe.,We’ve successfully sold properties across the globe.,Pictograma.,4,bajo,n/a,4,1,sí,Sistema iconografico XARU,sí,no,Sustituir por pictograma vectorial propio de XARU en la fase de rediseño.,LICENSE_NOT_DOCUMENTED,Stock de plantilla comercial Xproperty - procedencia no documentada,en|es|ar|zh
single-property-v1.html,cs_primary_bg [img],assets/img/icons/mortgage.svg,svg,n/a,2,% We're pleased to offer affordable loan options.,We're pleased to offer affordable loan options.,Pictograma.,4,bajo,n/a,4,1,sí,Sistema iconografico XARU,sí,no,Sustituir por pictograma vectorial propio de XARU en la fase de rediseño.,LICENSE_NOT_DOCUMENTED,Stock de plantilla comercial Xproperty - procedencia no documentada,en|es|ar|zh
single-property-v1.html,cs_primary_bg [img],assets/img/icons/review.svg,svg,n/a,2,"K+ We're proud to have over 20,000 satisfied clients","We're proud to have over 20,000 satisfied clients",Pictograma.,4,bajo,n/a,4,1,sí,Sistema iconografico XARU,sí,no,Sustituir por pictograma vectorial propio de XARU en la fase de rediseño.,LICENSE_NOT_DOCUMENTED,Stock de plantilla comercial Xproperty - procedencia no documentada,en|es|ar|zh
single-property-v1.html,cs_primary_bg [img],assets/img/star.svg,svg,n/a,4,"$ B+ We’ve successfully sold properties across the globe. % We're pleased to offer affordable loan options. K+ We're proud to have over 20,000 satisfied clients",We’ve successfully sold properties across the globe.,Icono decorativo.,4,bajo,n/a,8,1,sí,Sistema iconografico XARU,sí,no,Sustituir por pictograma vectorial propio de XARU en la fase de rediseño.,LICENSE_NOT_DOCUMENTED,Stock de plantilla comercial Xproperty - procedencia no documentada,en|es|ar|zh
single-property-v1.html,cs_site_header [img],assets/img/xaru/wordmark_gold_360.png,image,360x147,30,"Real Estate Exceptional properties, held to a single standard. Private residences and operating hospitality assets, curated worldwide. Private Properties Villas & mansions Castles, haciendas & estates Private islands Bra","Real Estate Exceptional properties, held to a single standard. Private residences and operating hospitality as",Wordmark XARU HOME dorado.,5,bajo,"OK (360x147, 30 KB)",184,20,no,No aplica,n/a,no,"Conservar. Activo de marca propia, conforme.",OK,Marca propia XARU (vectorizado del logo del cliente),en|es|ar|zh
single-property-v1.html,cs_slider [img],assets/img/icons/play-2.svg,svg,n/a,1,"Discover the Perfect Harmony of Luxury and Comfort Immerse yourself in a space where luxury meets comfort, crafted to offer an unparalleled living experience.",Discover the Perfect Harmony of Luxury and Comfort,Icono de reproduccion.,4,bajo,n/a,12,1,sí,Sistema iconografico XARU,sí,no,Sustituir por pictograma vectorial propio de XARU en la fase de rediseño.,LICENSE_NOT_DOCUMENTED,Stock de plantilla comercial Xproperty - procedencia no documentada,en|es|ar|zh
